{"type": "FeatureCollection", "features": [{"type": "Feature", "id": "node/62214624", "properties": {"power": "generator", "voltage": null, "name": null, "generator:method": "wind_turbine", "generator:output:electricity": "2 MW", "generator:source": "wind", "generator:type": "horizontal_axis", "manufacturer": "Senvion", "manufacturer:type": "MM92"}, "geometry": {"type": "Point", "coordinates": [-121.8469627, 38.1421831]}}, {"type": "Feature", "id": "node/62214696", "properties": {"power": "generator", "voltage": null, "name": null, "generator:method": "wind_turbine", "generator:output:electricity": "2 MW", "generator:source": "wind", "generator:type": "horizontal_axis", "manufacturer": "Senvion", "manufacturer:type": "MM92"}, "geometry": {"type": "Point", "coordinates": [-121.8518361, 38.1459248]}}, {"type": "Feature", "id": "node/62214764", "properties": {"power": "generator", "voltage": null, "name": null, "generator:method": "wind_turbine", "generator:output:electricity": "2 MW", "generator:source": "wind", "generator:type": "horizontal_axis", "manufacturer": "Senvion", "manufacturer:type": "MM92"}, "geometry": {"type": "Point", "coordinates": [-121.8488961, 38.1510086]}}, {"type": "Feature", "id": "node/62250148", "properties": {"power": "generator", "voltage": null, "name": null, "generator:method": "wind_turbine", "generator:output:electricity": "2 MW", "generator:source": "wind", "generator:type": "horizontal_axis", "manufacturer": "Senvion", "manufacturer:type": "MM92"}, "geometry": {"type": "Point", "coordinates": [-121.8351588, 38.1192303]}}, {"type": "Feature", "id": "node/62250487", "properties": {"power": "generator", "voltage": null, "name": null, "generator:method": "wind_turbine", "generator:output:electricity": "1.8 MW", "generator:source": "wind", "generator:type": "horizontal_axis", "manufacturer": "Vestas", "model": "V80-1.8", "operator": "NextEra Energy", "operator:wikidata": "Q967868"}, "geometry": {"type": "Point", "coordinates": [-121.7937794, 38.118813]}}, {"type": "Feature", "id": "node/62270354", "properties": {"power": "generator", "voltage": null, "name": null, "generator:method": "wind_turbine", "generator:output:electricity": "2 MW", "generator:source": "wind", "generator:type": "horizontal_axis", "manufacturer": "Senvion", "manufacturer:type": "MM92"}, "geometry": {"type": "Point", "coordinates": [-121.83603, 38.1095462]}}, {"type": "Feature", "id": "node/62282905", "properties": {"power": "generator", "voltage": null, "name": null, "generator:method": "wind_turbine", "generator:output:electricity": "2 MW", "generator:source": "wind", "generator:type": "horizontal_axis", "manufacturer": "Senvion", "manufacturer:type": "MM92"}, "geometry": {"type": "Point", "coordinates": [-121.8418576, 38.1187633]}}, {"type": "Feature", "id": "node/62302470", "properties": {"power": "generator", "voltage": null, "name": null, "generator:method": "wind_turbine", "generator:output:electricity": "2 MW", "generator:source": "wind", "generator:type": "horizontal_axis", "manufacturer": "Senvion", "manufacturer:type": "MM92"}, "geometry": {"type": "Point", "coordinates": [-121.8481563, 38.1390461]}}, {"type": "Feature", "id": "node/62302724", "properties": {"power": "generator", "voltage": null, "name": null, "generator:method": "wind_turbine", "generator:output:electricity": "1.8 MW", "generator:source": "wind", "generator:type": "horizontal_axis", "manufacturer": "Vestas", "model": "V80-1.8", "operator": "NextEra Energy", "operator:wikidata": "Q967868"}, "geometry": {"type": "Point", "coordinates": [-121.790311, 38.1311522]}}, {"type": "Feature", "id": "node/62310119", "properties": {"power": "generator", "voltage": null, "name": null, "generator:method": "wind_turbine", "generator:output:electricity": "2 MW", "generator:source": "wind", "generator:type": "horizontal_axis", "manufacturer": "Senvion", "manufacturer:type": "MM92"}, "geometry": {"type": "Point", "coordinates": [-121.8323305, 38.1155781]}}, {"type": "Feature", "id": "node/62310235", "properties": {"power": "generator", "voltage": null, "name": null, "generator:method": "wind_turbine", "generator:output:electricity": "2 MW", "generator:source": "wind", "generator:type": "horizontal_axis", "manufacturer": "Senvion", "manufacturer:type": "MM92"}, "geometry": {"type": "Point", "coordinates": [-121.8375625, 38.1304586]}}, {"type": "Feature", "id": "node/62310259", "properties": {"power": "generator", "voltage": null, "name": null, "generator:method": "wind_turbine", "generator:output:electricity": "2 MW", "generator:source": "wind", "generator:type": "horizontal_axis", "manufacturer": "Senvion", "manufacturer:type": "MM92"}, "geometry": {"type": "Point", "coordinates": [-121.8383335, 38.1244828]}}, {"type": "Feature", "id": "node/62317230", "properties": {"power": "generator", "voltage": null, "name": null, "generator:method": "wind_turbine", "generator:output:electricity": "1.8 MW", "generator:source": "wind", "generator:type": "horizontal_axis", "manufacturer": "Vestas", "model": "V80-1.8", "operator": "NextEra Energy", "operator:wikidata": "Q967868"}, "geometry": {"type": "Point", "coordinates": [-121.8306122, 38.1439264]}}, {"type": "Feature", "id": "node/62332249", "properties": {"power": "generator", "voltage": null, "name": null, "generator:method": "wind_turbine", "generator:output:electricity": "2.3 MW", "generator:source": "wind", "generator:type": "horizontal_axis", "manufacturer": "Siemens", "model": "SWT-2.3-93", "operator": "NextEra Energy", "operator:wikidata": "Q967868"}, "geometry": {"type": "Point", "coordinates": [-121.8104129, 38.1191229]}}, {"type": "Feature", "id": "node/62333653", "properties": {"power": "generator", "voltage": null, "name": null, "generator:method": "wind_turbine", "generator:output:electricity": "1.8 MW", "generator:source": "wind", "generator:type": "horizontal_axis", "manufacturer": "Vestas", "model": "V80-1.8", "operator": "NextEra Energy", "operator:wikidata": "Q967868", "size": "large"}, "geometry": {"type": "Point", "coordinates": [-121.783003, 38.1175804]}}, {"type": "Feature", "id": "node/62336525", "properties": {"power": "generator", "voltage": null, "name": null, "generator:method": "wind_turbine", "generator:output:electricity": "1.8 MW", "generator:source": "wind", "generator:type": "horizontal_axis", "manufacturer": "Vestas", "model": "V80-1.8", "operator": "NextEra Energy", "operator:wikidata": "Q967868"}, "geometry": {"type": "Point", "coordinates": [-121.8178801, 38.1008117]}}, {"type": "Feature", "id": "node/62351826", "properties": {"power": "generator", "voltage": null, "name": null, "generator:method": "wind_turbine", "generator:output:electricity": "2.3 MW", "generator:source": "wind", "generator:type": "horizontal_axis", "manufacturer": "Siemens", "model": "SWT-2.3-93", "operator": "NextEra Energy", "operator:wikidata": "Q967868"}, "geometry": {"type": "Point", "coordinates": [-121.7990076, 38.1127843]}}, {"type": "Feature", "id": "node/62353212", "properties": {"power": "generator", "voltage": null, "name": null, "generator:method": "wind_turbine", "generator:output:electricity": "2.3 MW", "generator:source": "wind", "generator:type": "horizontal_axis", "manufacturer": "Siemens", "model": "SWT-2.3-93", "operator": "NextEra Energy", "operator:wikidata": "Q967868"}, "geometry": {"type": "Point", "coordinates": [-121.8360783, 38.1042877]}}, {"type": "Feature", "id": "node/62355858", "properties": {"power": "generator", "voltage": null, "name": null, "generator:method": "wind_turbine", "generator:output:electricity": "1.8 MW", "generator:source": "wind", "generator:type": "horizontal_axis", "manufacturer": "Vestas", "model": "V80-1.8", "operator": "NextEra Energy", "operator:wikidata": "Q967868"}, "geometry": {"type": "Point", "coordinates": [-121.815364, 38.1435126]}}, {"type": "Feature", "id": "node/62355905", "properties": {"power": "generator", "voltage": null, "name": null, "generator:method": "wind_turbine", "generator:output:electricity": "1.8 MW", "generator:source": "wind", "generator:type": "horizontal_axis", "manufacturer": "Vestas", "model": "V80-1.8", "operator": "NextEra Energy", "operator:wikidata": "Q967868"}, "geometry": {"type": "Point", "coordinates": [-121.802459, 38.1422079]}}, {"type": "Feature", "id": "node/62366023", "properties": {"power": "generator", "voltage": null, "name": null, "generator:method": "wind_turbine", "generator:output:electricity": "1.8 MW", "generator:source": "wind", "generator:type": "horizontal_axis", "manufacturer": "Vestas", "model": "V80-1.8", "operator": "NextEra Energy", "operator:wikidata": "Q967868"}, "geometry": {"type": "Point", "coordinates": [-121.7845399, 38.1493846]}}, {"type": "Feature", "id": "node/62366181", "properties": {"power": "generator", "voltage": null, "name": null, "generator:method": "wind_turbine", "generator:output:electricity": "2 MW", "generator:source": "wind", "generator:type": "horizontal_axis", "manufacturer": "Senvion", "manufacturer:type": "MM92"}, "geometry": {"type": "Point", "coordinates": [-121.8417843, 38.1348011]}}, {"type": "Feature", "id": "node/62367638", "properties": {"power": "generator", "voltage": null, "name": null, "generator:method": "wind_turbine", "generator:output:electricity": "2.3 MW", "generator:source": "wind", "generator:type": "horizontal_axis", "manufacturer": "Siemens", "model": "SWT-2.3-93", "operator": "NextEra Energy", "operator:wikidata": "Q967868"}, "geometry": {"type": "Point", "coordinates": [-121.8057596, 38.1139192]}}, {"type": "Feature", "id": "node/62367651", "properties": {"power": "generator", "voltage": null, "name": null, "generator:method": "wind_turbine", "generator:output:electricity": "2.3 MW", "generator:source": "wind", "generator:type": "horizontal_axis", "manufacturer": "Siemens", "model": "SWT-2.3-93", "operator": "NextEra Energy", "operator:wikidata": "Q967868"}, "geometry": {"type": "Point", "coordinates": [-121.8051382, 38.1114224]}}, {"type": "Feature", "id": "node/62369076", "properties": {"power": "generator", "voltage": null, "name": null, "generator:method": "wind_turbine", "generator:output:electricity": "2 MW", "generator:source": "wind", "generator:type": "horizontal_axis", "manufacturer": "Senvion", "manufacturer:type": "MM92"}, "geometry": {"type": "Point", "coordinates": [-121.8456725, 38.1463042]}}, {"type": "Feature", "id": "node/62370583", "properties": {"power": "generator", "voltage": null, "name": null, "generator:method": "wind_turbine", "generator:output:electricity": "1.8 MW", "generator:source": "wind", "generator:type": "horizontal_axis", "manufacturer": "Vestas", "model": "V80-1.8", "operator": "NextEra Energy", "operator:wikidata": "Q967868"}, "geometry": {"type": "Point", "coordinates": [-121.81255, 38.1120738]}}, {"type": "Feature", "id": "node/62380233", "properties": {"power": "generator", "voltage": null, "name": null, "generator:method": "wind_turbine", "generator:output:electricity": "1.8 MW", "generator:source": "wind", "generator:type": "horizontal_axis", "manufacturer": "Vestas", "model": "V80-1.8", "operator": "NextEra Energy", "operator:wikidata": "Q967868"}, "geometry": {"type": "Point", "coordinates": [-121.807332, 38.1485795]}}, {"type": "Feature", "id": "node/261058892", "properties": {"power": "generator", "voltage": null, "name": null, "generator:method": "wind_turbine", "generator:output:electricity": "1.5 MW", "generator:source": "wind", "generator:type": "horizontal_axis"}, "geometry": {"type": "Point", "coordinates": [-121.838518, 38.0917632]}}, {"type": "Feature", "id": "node/261058894", "properties": {"power": "generator", "voltage": null, "name": null, "generator:method": "wind_turbine", "generator:output:electricity": "1.5 MW", "generator:source": "wind", "generator:type": "horizontal_axis"}, "geometry": {"type": "Point", "coordinates": [-121.8388749, 38.0930958]}}, {"type": "Feature", "id": "node/261058895", "properties": {"power": "generator", "voltage": null, "name": null, "generator:method": "wind_turbine", "generator:output:electricity": "1.5 MW", "generator:source": "wind", "generator:type": "horizontal_axis"}, "geometry": {"type": "Point", "coordinates": [-121.839059, 38.0947156]}}, {"type": "Feature", "id": "node/261058897", "properties": {"power": "generator", "voltage": null, "name": null, "generator:method": "wind_turbine", "generator:output:electricity": "1.5 MW", "generator:source": "wind", "generator:type": "horizontal_axis"}, "geometry": {"type": "Point", "coordinates": [-121.8391871, 38.0963426]}}, {"type": "Feature", "id": "node/261059468", "properties": {"power": "generator", "voltage": null, "name": null, "generator:method": "wind_turbine", "generator:output:electricity": "1.8 MW", "generator:source": "wind", "generator:type": "horizontal_axis", "manufacturer": "Vestas", "model": "V80-1.8", "operator": "NextEra Energy", "operator:wikidata": "Q967868"}, "geometry": {"type": "Point", "coordinates": [-121.8231851, 38.1096162]}}, {"type": "Feature", "id": "node/261059487", "properties": {"power": "generator", "voltage": null, "name": null, "generator:method": "wind_turbine", "generator:output:electricity": "1.8 MW", "generator:source": "wind", "generator:type": "horizontal_axis", "manufacturer": "Vestas", "model": "V80-1.8", "operator": "NextEra Energy", "operator:wikidata": "Q967868"}, "geometry": {"type": "Point", "coordinates": [-121.8237377, 38.1072595]}}, {"type": "Feature", "id": "node/261059492", "properties": {"power": "generator", "voltage": null, "name": null, "generator:method": "wind_turbine", "generator:output:electricity": "1.8 MW", "generator:source": "wind", "generator:type": "horizontal_axis", "manufacturer": "Vestas", "model": "V80-1.8", "operator": "NextEra Energy", "operator:wikidata": "Q967868"}, "geometry": {"type": "Point", "coordinates": [-121.8229842, 38.1058956]}}, {"type": "Feature", "id": "node/261059517", "properties": {"power": "generator", "voltage": null, "name": null, "generator:method": "wind_turbine", "generator:output:electricity": "1.8 MW", "generator:source": "wind", "generator:type": "horizontal_axis", "manufacturer": "Vestas", "model": "V80-1.8", "operator": "NextEra Energy", "operator:wikidata": "Q967868"}, "geometry": {"type": "Point", "coordinates": [-121.820236, 38.1039543]}}, {"type": "Feature", "id": "node/261059525", "properties": {"power": "generator", "voltage": null, "name": null, "generator:method": "wind_turbine", "generator:output:electricity": "1.8 MW", "generator:source": "wind", "generator:type": "horizontal_axis", "manufacturer": "Vestas", "model": "V80-1.8", "operator": "NextEra Energy", "operator:wikidata": "Q967868"}, "geometry": {"type": "Point", "coordinates": [-121.8204863, 38.1023228]}}, {"type": "Feature", "id": "node/261059527", "properties": {"power": "generator", "voltage": null, "name": null, "generator:method": "wind_turbine", "generator:output:electricity": "1.8 MW", "generator:source": "wind", "generator:type": "horizontal_axis", "manufacturer": "Vestas", "model": "V80-1.8", "operator": "NextEra Energy", "operator:wikidata": "Q967868"}, "geometry": {"type": "Point", "coordinates": [-121.8196179, 38.1014039]}}, {"type": "Feature", "id": "node/261059582", "properties": {"power": "generator", "voltage": null, "name": null, "generator:method": "wind_turbine", "generator:output:electricity": "1.8 MW", "generator:source": "wind", "generator:type": "horizontal_axis", "manufacturer": "Vestas", "model": "V80-1.8", "operator": "NextEra Energy", "operator:wikidata": "Q967868"}, "geometry": {"type": "Point", "coordinates": [-121.810765, 38.1075878]}}, {"type": "Feature", "id": "node/261059592", "properties": {"power": "generator", "voltage": null, "name": null, "generator:method": "wind_turbine", "generator:output:electricity": "1.8 MW", "generator:source": "wind", "generator:type": "horizontal_axis", "manufacturer": "Vestas", "model": "V80-1.8", "operator": "NextEra Energy", "operator:wikidata": "Q967868"}, "geometry": {"type": "Point", "coordinates": [-121.803282, 38.1070607]}}, {"type": "Feature", "id": "node/261059596", "properties": {"power": "generator", "voltage": null, "name": null, "generator:method": "wind_turbine", "generator:output:electricity": "1.8 MW", "generator:source": "wind", "generator:type": "horizontal_axis", "manufacturer": "Vestas", "model": "V80-1.8", "operator": "NextEra Energy", "operator:wikidata": "Q967868"}, "geometry": {"type": "Point", "coordinates": [-121.803819, 38.1087299]}}, {"type": "Feature", "id": "node/261059600", "properties": {"power": "generator", "voltage": null, "name": null, "generator:method": "wind_turbine", "generator:output:electricity": "1.8 MW", "generator:source": "wind", "generator:type": "horizontal_axis", "manufacturer": "Vestas", "model": "V80-1.8", "operator": "NextEra Energy", "operator:wikidata": "Q967868"}, "geometry": {"type": "Point", "coordinates": [-121.80295, 38.1103538]}}, {"type": "Feature", "id": "node/261059613", "properties": {"power": "generator", "voltage": null, "name": null, "generator:method": "wind_turbine", "generator:output:electricity": "1.8 MW", "generator:source": "wind", "generator:type": "horizontal_axis", "manufacturer": "Vestas", "model": "V80-1.8", "operator": "NextEra Energy", "operator:wikidata": "Q967868"}, "geometry": {"type": "Point", "coordinates": [-121.800608, 38.106006]}}, {"type": "Feature", "id": "node/261059617", "properties": {"power": "generator", "voltage": null, "name": null, "generator:method": "wind_turbine", "generator:output:electricity": "1.8 MW", "generator:source": "wind", "generator:type": "horizontal_axis", "manufacturer": "Vestas", "model": "V80-1.8", "operator": "NextEra Energy", "operator:wikidata": "Q967868"}, "geometry": {"type": "Point", "coordinates": [-121.800646, 38.1047498]}}, {"type": "Feature", "id": "node/261059621", "properties": {"power": "generator", "voltage": null, "name": null, "generator:method": "wind_turbine", "generator:output:electricity": "1.8 MW", "generator:source": "wind", "generator:type": "horizontal_axis", "manufacturer": "Vestas", "model": "V80-1.8", "operator": "NextEra Energy", "operator:wikidata": "Q967868"}, "geometry": {"type": "Point", "coordinates": [-121.800351, 38.1036885]}}, {"type": "Feature", "id": "node/261059632", "properties": {"power": "generator", "voltage": null, "name": null, "generator:method": "wind_turbine", "generator:output:electricity": "1.8 MW", "generator:source": "wind", "generator:type": "horizontal_axis", "manufacturer": "Vestas", "model": "V80-1.8", "operator": "NextEra Energy", "operator:wikidata": "Q967868"}, "geometry": {"type": "Point", "coordinates": [-121.800478, 38.1025871]}}, {"type": "Feature", "id": "node/261059641", "properties": {"power": "generator", "voltage": null, "name": null, "generator:method": "wind_turbine", "generator:output:electricity": "1.8 MW", "generator:source": "wind", "generator:type": "horizontal_axis", "manufacturer": "Vestas", "model": "V80-1.8", "operator": "NextEra Energy", "operator:wikidata": "Q967868"}, "geometry": {"type": "Point", "coordinates": [-121.801695, 38.1005068]}}, {"type": "Feature", "id": "node/261059649", "properties": {"power": "generator", "voltage": null, "name": null, "generator:method": "wind_turbine", "generator:output:electricity": "1.8 MW", "generator:source": "wind", "generator:type": "horizontal_axis", "manufacturer": "Vestas", "model": "V80-1.8", "operator": "NextEra Energy", "operator:wikidata": "Q967868"}, "geometry": {"type": "Point", "coordinates": [-121.802873, 38.099103]}}, {"type": "Feature", "id": "node/261059731", "properties": {"power": "generator", "voltage": null, "name": null, "generator:method": "wind_turbine", "generator:output:electricity": "1.8 MW", "generator:source": "wind", "generator:type": "horizontal_axis", "manufacturer": "Vestas", "model": "V80-1.8", "operator": "NextEra Energy", "operator:wikidata": "Q967868"}, "geometry": {"type": "Point", "coordinates": [-121.793368, 38.1016634]}}, {"type": "Feature", "id": "node/261059746", "properties": {"power": "generator", "voltage": null, "name": null, "generator:method": "wind_turbine", "generator:output:electricity": "1.8 MW", "generator:source": "wind", "generator:type": "horizontal_axis", "manufacturer": "Vestas", "model": "V80-1.8", "operator": "NextEra Energy", "operator:wikidata": "Q967868"}, "geometry": {"type": "Point", "coordinates": [-121.7929176, 38.1003731]}}, {"type": "Feature", "id": "node/261059748", "properties": {"power": "generator", "voltage": null, "name": null, "generator:method": "wind_turbine", "generator:output:electricity": "1.8 MW", "generator:source": "wind", "generator:type": "horizontal_axis", "manufacturer": "Vestas", "model": "V80-1.8", "operator": "NextEra Energy", "operator:wikidata": "Q967868"}, "geometry": {"type": "Point", "coordinates": [-121.786277, 38.1004252]}}, {"type": "Feature", "id": "node/261059756", "properties": {"power": "generator", "voltage": null, "name": null, "generator:method": "wind_turbine", "generator:output:electricity": "1.8 MW", "generator:source": "wind", "generator:type": "horizontal_axis", "manufacturer": "Vestas", "model": "V80-1.8", "operator": "NextEra Energy", "operator:wikidata": "Q967868"}, "geometry": {"type": "Point", "coordinates": [-121.784263, 38.0986079]}}, {"type": "Feature", "id": "node/261059960", "properties": {"power": "generator", "voltage": null, "name": null, "generator:method": "wind_turbine", "generator:output:electricity": "1.8 MW", "generator:source": "wind", "generator:type": "horizontal_axis", "manufacturer": "Vestas", "model": "V80-1.8", "operator": "NextEra Energy", "operator:wikidata": "Q967868"}, "geometry": {"type": "Point", "coordinates": [-121.7913945, 38.1039052]}}, {"type": "Feature", "id": "node/261059969", "properties": {"power": "generator", "voltage": null, "name": null, "generator:method": "wind_turbine", "generator:output:electricity": "3 MW", "generator:source": "wind", "generator:type": "horizontal_axis", "manufacturer": "Vestas", "model": "V90-3.0"}, "geometry": {"type": "Point", "coordinates": [-121.774214, 38.1072258]}}, {"type": "Feature", "id": "node/261059981", "properties": {"power": "generator", "voltage": null, "name": null, "generator:method": "wind_turbine", "generator:output:electricity": "3 MW", "generator:source": "wind", "generator:type": "horizontal_axis", "manufacturer": "Vestas", "model": "V90-3.0"}, "geometry": {"type": "Point", "coordinates": [-121.774206, 38.1056163]}}, {"type": "Feature", "id": "node/261059985", "properties": {"power": "generator", "voltage": null, "name": null, "generator:method": "wind_turbine", "generator:output:electricity": "3 MW", "generator:source": "wind", "generator:type": "horizontal_axis", "manufacturer": "Vestas", "model": "V90-3.0"}, "geometry": {"type": "Point", "coordinates": [-121.774272, 38.1038687]}}, {"type": "Feature", "id": "node/261059993", "properties": {"power": "generator", "voltage": null, "name": null, "generator:method": "wind_turbine", "generator:output:electricity": "3 MW", "generator:source": "wind", "generator:type": "horizontal_axis", "manufacturer": "Vestas", "model": "V90-3.0"}, "geometry": {"type": "Point", "coordinates": [-121.7748096, 38.1022571]}}, {"type": "Feature", "id": "node/261059997", "properties": {"power": "generator", "voltage": null, "name": null, "generator:method": "wind_turbine", "generator:output:electricity": "3 MW", "generator:source": "wind", "generator:type": "horizontal_axis", "manufacturer": "Vestas", "model": "V90-3.0"}, "geometry": {"type": "Point", "coordinates": [-121.775009, 38.1005889]}}, {"type": "Feature", "id": "node/261060004", "properties": {"power": "generator", "voltage": null, "name": null, "generator:method": "wind_turbine", "generator:output:electricity": "3 MW", "generator:source": "wind", "generator:type": "horizontal_axis", "manufacturer": "Vestas", "model": "V90-3.0"}, "geometry": {"type": "Point", "coordinates": [-121.774892, 38.0989588]}}, {"type": "Feature", "id": "node/261060008", "properties": {"power": "generator", "voltage": null, "name": null, "generator:method": "wind_turbine", "generator:output:electricity": "3 MW", "generator:source": "wind", "generator:type": "horizontal_axis", "manufacturer": "Vestas", "model": "V90-3.0"}, "geometry": {"type": "Point", "coordinates": [-121.775022, 38.0973145]}}, {"type": "Feature", "id": "node/261060168", "properties": {"power": "generator", "voltage": null, "name": null, "generator:method": "wind_turbine", "generator:output:electricity": "3 MW", "generator:source": "wind", "generator:type": "horizontal_axis", "manufacturer": "Vestas", "model": "V90-3.0"}, "geometry": {"type": "Point", "coordinates": [-121.775243, 38.0957273]}}, {"type": "Feature", "id": "node/261060363", "properties": {"power": "generator", "voltage": null, "name": null, "generator:method": "wind_turbine", "generator:output:electricity": "1.5 MW", "generator:source": "wind", "generator:type": "horizontal_axis"}, "geometry": {"type": "Point", "coordinates": [-121.8482809, 38.0965106]}}, {"type": "Feature", "id": "node/261060367", "properties": {"power": "generator", "voltage": null, "name": null, "generator:method": "wind_turbine", "generator:output:electricity": "1.5 MW", "generator:source": "wind", "generator:type": "horizontal_axis"}, "geometry": {"type": "Point", "coordinates": [-121.847218, 38.0951474]}}, {"type": "Feature", "id": "node/261060370", "properties": {"power": "generator", "voltage": null, "name": null, "generator:method": "wind_turbine", "generator:output:electricity": "1.5 MW", "generator:source": "wind", "generator:type": "horizontal_axis"}, "geometry": {"type": "Point", "coordinates": [-121.8473853, 38.0932057]}}, {"type": "Feature", "id": "node/261060451", "properties": {"power": "generator", "voltage": null, "name": null, "generator:method": "wind_turbine", "generator:output:electricity": "1.5 MW", "generator:source": "wind", "generator:type": "horizontal_axis"}, "geometry": {"type": "Point", "coordinates": [-121.8469659, 38.0917088]}}, {"type": "Feature", "id": "node/261060841", "properties": {"power": "generator", "voltage": null, "name": null, "generator:method": "wind_turbine", "generator:output:electricity": "1.8 MW", "generator:source": "wind", "generator:type": "horizontal_axis", "manufacturer": "Vestas", "model": "V80-1.8", "operator": "NextEra Energy", "operator:wikidata": "Q967868"}, "geometry": {"type": "Point", "coordinates": [-121.78294, 38.1280156]}}, {"type": "Feature", "id": "node/261060844", "properties": {"power": "generator", "voltage": null, "name": null, "generator:method": "wind_turbine", "generator:output:electricity": "1.8 MW", "generator:source": "wind", "generator:type": "horizontal_axis", "manufacturer": "Vestas", "model": "V80-1.8", "operator": "NextEra Energy", "operator:wikidata": "Q967868"}, "geometry": {"type": "Point", "coordinates": [-121.783282, 38.131217]}}, {"type": "Feature", "id": "node/261060856", "properties": {"power": "generator", "voltage": null, "name": null, "generator:method": "wind_turbine", "generator:output:electricity": "1.8 MW", "generator:source": "wind", "generator:type": "horizontal_axis", "manufacturer": "Vestas", "model": "V80-1.8", "operator": "NextEra Energy", "operator:wikidata": "Q967868"}, "geometry": {"type": "Point", "coordinates": [-121.790791, 38.1325979]}}, {"type": "Feature", "id": "node/261060859", "properties": {"power": "generator", "voltage": null, "name": null, "generator:method": "wind_turbine", "generator:output:electricity": "1.8 MW", "generator:source": "wind", "generator:type": "horizontal_axis", "manufacturer": "Vestas", "model": "V80-1.8", "operator": "NextEra Energy", "operator:wikidata": "Q967868"}, "geometry": {"type": "Point", "coordinates": [-121.790612, 38.1339167]}}, {"type": "Feature", "id": "node/261060874", "properties": {"power": "generator", "voltage": null, "name": null, "generator:method": "wind_turbine", "generator:output:electricity": "1.8 MW", "generator:source": "wind", "generator:type": "horizontal_axis", "manufacturer": "Vestas", "model": "V80-1.8", "operator": "NextEra Energy", "operator:wikidata": "Q967868"}, "geometry": {"type": "Point", "coordinates": [-121.789846, 38.1356668]}}, {"type": "Feature", "id": "node/261060877", "properties": {"power": "generator", "voltage": null, "name": null, "generator:method": "wind_turbine", "generator:output:electricity": "1.8 MW", "generator:source": "wind", "generator:type": "horizontal_axis", "manufacturer": "Vestas", "model": "V80-1.8", "operator": "NextEra Energy", "operator:wikidata": "Q967868"}, "geometry": {"type": "Point", "coordinates": [-121.789576, 38.1370433]}}, {"type": "Feature", "id": "node/261060914", "properties": {"power": "generator", "voltage": null, "name": null, "generator:method": "wind_turbine", "generator:output:electricity": "1.8 MW", "generator:source": "wind", "generator:type": "horizontal_axis", "manufacturer": "Vestas", "model": "V80-1.8", "operator": "NextEra Energy", "operator:wikidata": "Q967868"}, "geometry": {"type": "Point", "coordinates": [-121.789436, 38.1388813]}}, {"type": "Feature", "id": "node/261060920", "properties": {"power": "generator", "voltage": null, "name": null, "generator:method": "wind_turbine", "generator:output:electricity": "1.8 MW", "generator:source": "wind", "generator:type": "horizontal_axis", "manufacturer": "Vestas", "model": "V80-1.8", "operator": "NextEra Energy", "operator:wikidata": "Q967868"}, "geometry": {"type": "Point", "coordinates": [-121.789403, 38.1407464]}}, {"type": "Feature", "id": "node/261060922", "properties": {"power": "generator", "voltage": null, "name": null, "generator:method": "wind_turbine", "generator:output:electricity": "1.8 MW", "generator:source": "wind", "generator:type": "horizontal_axis", "manufacturer": "Vestas", "model": "V80-1.8", "operator": "NextEra Energy", "operator:wikidata": "Q967868"}, "geometry": {"type": "Point", "coordinates": [-121.789604, 38.1420993]}}, {"type": "Feature", "id": "node/261060924", "properties": {"power": "generator", "voltage": null, "name": null, "generator:method": "wind_turbine", "generator:output:electricity": "1.8 MW", "generator:source": "wind", "generator:type": "horizontal_axis", "manufacturer": "Vestas", "model": "V80-1.8", "operator": "NextEra Energy", "operator:wikidata": "Q967868"}, "geometry": {"type": "Point", "coordinates": [-121.792546, 38.1424603]}}, {"type": "Feature", "id": "node/261060931", "properties": {"power": "generator", "voltage": null, "name": null, "generator:method": "wind_turbine", "generator:output:electricity": "1.8 MW", "generator:source": "wind", "generator:type": "horizontal_axis", "manufacturer": "Vestas", "model": "V80-1.8", "operator": "NextEra Energy", "operator:wikidata": "Q967868"}, "geometry": {"type": "Point", "coordinates": [-121.792579, 38.1437579]}}, {"type": "Feature", "id": "node/261060934", "properties": {"power": "generator", "voltage": null, "name": null, "generator:method": "wind_turbine", "generator:output:electricity": "1.8 MW", "generator:source": "wind", "generator:type": "horizontal_axis", "manufacturer": "Vestas", "model": "V80-1.8", "operator": "NextEra Energy", "operator:wikidata": "Q967868"}, "geometry": {"type": "Point", "coordinates": [-121.792778, 38.1460598]}}, {"type": "Feature", "id": "node/261060937", "properties": {"power": "generator", "voltage": null, "name": null, "generator:method": "wind_turbine", "generator:output:electricity": "1.8 MW", "generator:source": "wind", "generator:type": "horizontal_axis", "manufacturer": "Vestas", "model": "V80-1.8", "operator": "NextEra Energy", "operator:wikidata": "Q967868"}, "geometry": {"type": "Point", "coordinates": [-121.7944, 38.1475537]}}, {"type": "Feature", "id": "node/261060942", "properties": {"power": "generator", "voltage": null, "name": null, "generator:method": "wind_turbine", "generator:output:electricity": "1.8 MW", "generator:source": "wind", "generator:type": "horizontal_axis", "manufacturer": "Vestas", "model": "V80-1.8", "operator": "NextEra Energy", "operator:wikidata": "Q967868"}, "geometry": {"type": "Point", "coordinates": [-121.795306, 38.1489735]}}, {"type": "Feature", "id": "node/261060947", "properties": {"power": "generator", "voltage": null, "name": null, "generator:method": "wind_turbine", "generator:output:electricity": "1.8 MW", "generator:source": "wind", "generator:type": "horizontal_axis", "manufacturer": "Vestas", "model": "V80-1.8", "operator": "NextEra Energy", "operator:wikidata": "Q967868"}, "geometry": {"type": "Point", "coordinates": [-121.783701, 38.1482962]}}, {"type": "Feature", "id": "node/261060955", "properties": {"power": "generator", "voltage": null, "name": null, "generator:method": "wind_turbine", "generator:output:electricity": "1.8 MW", "generator:source": "wind", "generator:type": "horizontal_axis", "manufacturer": "Vestas", "model": "V80-1.8", "operator": "NextEra Energy", "operator:wikidata": "Q967868"}, "geometry": {"type": "Point", "coordinates": [-121.784362, 38.1471456]}}, {"type": "Feature", "id": "node/261060957", "properties": {"power": "generator", "voltage": null, "name": null, "generator:method": "wind_turbine", "generator:output:electricity": "1.8 MW", "generator:source": "wind", "generator:type": "horizontal_axis", "manufacturer": "Vestas", "model": "V80-1.8", "operator": "NextEra Energy", "operator:wikidata": "Q967868"}, "geometry": {"type": "Point", "coordinates": [-121.785149, 38.1459771]}}, {"type": "Feature", "id": "node/261060990", "properties": {"power": "generator", "voltage": null, "name": null, "generator:method": "wind_turbine", "generator:output:electricity": "1.8 MW", "generator:source": "wind", "generator:type": "horizontal_axis", "manufacturer": "Vestas", "model": "V80-1.8", "operator": "NextEra Energy", "operator:wikidata": "Q967868"}, "geometry": {"type": "Point", "coordinates": [-121.7845037, 38.1449794]}}, {"type": "Feature", "id": "node/261060993", "properties": {"power": "generator", "voltage": null, "name": null, "generator:method": "wind_turbine", "generator:output:electricity": "1.8 MW", "generator:source": "wind", "generator:type": "horizontal_axis", "manufacturer": "Vestas", "model": "V80-1.8", "operator": "NextEra Energy", "operator:wikidata": "Q967868"}, "geometry": {"type": "Point", "coordinates": [-121.785273, 38.1437781]}}, {"type": "Feature", "id": "node/261060996", "properties": {"power": "generator", "voltage": null, "name": null, "generator:method": "wind_turbine", "generator:output:electricity": "1.8 MW", "generator:source": "wind", "generator:type": "horizontal_axis", "manufacturer": "Vestas", "model": "V80-1.8", "operator": "NextEra Energy", "operator:wikidata": "Q967868"}, "geometry": {"type": "Point", "coordinates": [-121.784076, 38.1423324]}}, {"type": "Feature", "id": "node/261060999", "properties": {"power": "generator", "voltage": null, "name": null, "generator:method": "wind_turbine", "generator:output:electricity": "1.8 MW", "generator:source": "wind", "generator:type": "horizontal_axis", "manufacturer": "Vestas", "model": "V80-1.8", "operator": "NextEra Energy", "operator:wikidata": "Q967868"}, "geometry": {"type": "Point", "coordinates": [-121.78372, 38.1409757]}}, {"type": "Feature", "id": "node/261061006", "properties": {"power": "generator", "voltage": null, "name": null, "generator:method": "wind_turbine", "generator:output:electricity": "1.8 MW", "generator:source": "wind", "generator:type": "horizontal_axis", "manufacturer": "Vestas", "model": "V80-1.8", "operator": "NextEra Energy", "operator:wikidata": "Q967868"}, "geometry": {"type": "Point", "coordinates": [-121.782581, 38.1399748]}}, {"type": "Feature", "id": "node/261061028", "properties": {"power": "generator", "voltage": null, "name": null, "generator:method": "wind_turbine", "generator:output:electricity": "1.8 MW", "generator:source": "wind", "generator:type": "horizontal_axis", "manufacturer": "Vestas", "model": "V80-1.8", "operator": "NextEra Energy", "operator:wikidata": "Q967868"}, "geometry": {"type": "Point", "coordinates": [-121.783914, 38.13757]}}, {"type": "Feature", "id": "node/261061061", "properties": {"power": "generator", "voltage": null, "name": null, "generator:method": "wind_turbine", "generator:output:electricity": "1.8 MW", "generator:source": "wind", "generator:type": "horizontal_axis", "manufacturer": "Vestas", "model": "V80-1.8", "operator": "NextEra Energy", "operator:wikidata": "Q967868"}, "geometry": {"type": "Point", "coordinates": [-121.78313, 38.1343222]}}, {"type": "Feature", "id": "node/261061096", "properties": {"power": "generator", "voltage": null, "name": null, "generator:method": "wind_turbine", "generator:output:electricity": "1.8 MW", "generator:source": "wind", "generator:type": "horizontal_axis", "manufacturer": "Vestas", "model": "V80-1.8", "operator": "NextEra Energy", "operator:wikidata": "Q967868", "size": "large"}, "geometry": {"type": "Point", "coordinates": [-121.7829854, 38.1147786]}}, {"type": "Feature", "id": "node/261061304", "properties": {"power": "generator", "voltage": null, "name": null, "generator:method": "wind_turbine", "generator:output:electricity": "1.8 MW", "generator:source": "wind", "generator:type": "horizontal_axis", "manufacturer": "Vestas", "model": "V80-1.8", "operator": "NextEra Energy", "operator:wikidata": "Q967868", "size": "large"}, "geometry": {"type": "Point", "coordinates": [-121.7839646, 38.1162818]}}, {"type": "Feature", "id": "node/706935472", "properties": {"power": "generator", "voltage": null, "name": null, "generator:method": "wind_turbine", "generator:output:electricity": "1.5 MW", "generator:source": "wind", "generator:type": "horizontal_axis"}, "geometry": {"type": "Point", "coordinates": [-121.8829653, 38.1440842]}}, {"type": "Feature", "id": "node/706935489", "properties": {"power": "generator", "voltage": null, "name": null, "generator:method": "wind_turbine", "generator:output:electricity": "1.5 MW", "generator:source": "wind", "generator:type": "horizontal_axis"}, "geometry": {"type": "Point", "coordinates": [-121.8743564, 38.1367087]}}, {"type": "Feature", "id": "node/706935492", "properties": {"power": "generator", "voltage": null, "name": null, "generator:method": "wind_turbine", "generator:output:electricity": "1.5 MW", "generator:source": "wind", "generator:type": "horizontal_axis"}, "geometry": {"type": "Point", "coordinates": [-121.8760941, 38.1379332]}}, {"type": "Feature", "id": "node/706935504", "properties": {"power": "generator", "voltage": null, "name": null, "generator:method": "wind_turbine", "generator:output:electricity": "1.5 MW", "generator:source": "wind", "generator:type": "horizontal_axis"}, "geometry": {"type": "Point", "coordinates": [-121.877738, 38.1415948]}}, {"type": "Feature", "id": "node/706935512", "properties": {"power": "generator", "voltage": null, "name": null, "generator:method": "wind_turbine", "generator:output:electricity": "1.5 MW", "generator:source": "wind", "generator:type": "horizontal_axis"}, "geometry": {"type": "Point", "coordinates": [-121.8786039, 38.1428779]}}, {"type": "Feature", "id": "node/706935516", "properties": {"power": "generator", "voltage": null, "name": null, "generator:method": "wind_turbine", "generator:output:electricity": "1.5 MW", "generator:source": "wind", "generator:type": "horizontal_axis"}, "geometry": {"type": "Point", "coordinates": [-121.8763158, 38.1397591]}}, {"type": "Feature", "id": "node/706935570", "properties": {"power": "generator", "voltage": null, "name": null, "generator:method": "wind_turbine", "generator:output:electricity": "1.5 MW", "generator:source": "wind", "generator:type": "horizontal_axis"}, "geometry": {"type": "Point", "coordinates": [-121.8778966, 38.1511925]}}, {"type": "Feature", "id": "node/706935579", "properties": {"power": "generator", "voltage": null, "name": null, "generator:method": "wind_turbine", "generator:output:electricity": "1.5 MW", "generator:source": "wind", "generator:type": "horizontal_axis"}, "geometry": {"type": "Point", "coordinates": [-121.8779593, 38.153199]}}, {"type": "Feature", "id": "node/706935589", "properties": {"power": "generator", "voltage": null, "name": null, "generator:method": "wind_turbine", "generator:output:electricity": "1.5 MW", "generator:source": "wind", "generator:type": "horizontal_axis"}, "geometry": {"type": "Point", "coordinates": [-121.8785784, 38.1553271]}}, {"type": "Feature", "id": "node/706935606", "properties": {"power": "generator", "voltage": null, "name": null, "generator:method": "wind_turbine", "generator:output:electricity": "1.5 MW", "generator:source": "wind", "generator:type": "horizontal_axis"}, "geometry": {"type": "Point", "coordinates": [-121.8714762, 38.1544029]}}, {"type": "Feature", "id": "node/706935617", "properties": {"power": "generator", "voltage": null, "name": null, "generator:method": "wind_turbine", "generator:output:electricity": "1.5 MW", "generator:source": "wind", "generator:type": "horizontal_axis"}, "geometry": {"type": "Point", "coordinates": [-121.8707609, 38.1521332]}}, {"type": "Feature", "id": "node/706935619", "properties": {"power": "generator", "voltage": null, "name": null, "generator:method": "wind_turbine", "generator:output:electricity": "1.5 MW", "generator:source": "wind", "generator:type": "horizontal_axis"}, "geometry": {"type": "Point", "coordinates": [-121.8660405, 38.1554189]}}, {"type": "Feature", "id": "node/706935623", "properties": {"power": "generator", "voltage": null, "name": null, "generator:method": "wind_turbine", "generator:output:electricity": "1.5 MW", "generator:source": "wind", "generator:type": "horizontal_axis"}, "geometry": {"type": "Point", "coordinates": [-121.8643359, 38.1536034]}}, {"type": "Feature", "id": "node/706935633", "properties": {"power": "generator", "voltage": null, "name": null, "generator:method": "wind_turbine", "generator:output:electricity": "1.5 MW", "generator:source": "wind", "generator:type": "horizontal_axis"}, "geometry": {"type": "Point", "coordinates": [-121.8610157, 38.1533772]}}, {"type": "Feature", "id": "node/706935648", "properties": {"power": "generator", "voltage": null, "name": null, "generator:method": "wind_turbine", "generator:output:electricity": "1.5 MW", "generator:source": "wind", "generator:type": "horizontal_axis"}, "geometry": {"type": "Point", "coordinates": [-121.8792267, 38.1573204]}}, {"type": "Feature", "id": "node/706935664", "properties": {"power": "generator", "voltage": null, "name": null, "generator:method": "wind_turbine", "generator:output:electricity": "1.5 MW", "generator:source": "wind", "generator:type": "horizontal_axis"}, "geometry": {"type": "Point", "coordinates": [-121.872304, 38.1563632]}}, {"type": "Feature", "id": "node/706935672", "properties": {"power": "generator", "voltage": null, "name": null, "generator:method": "wind_turbine", "generator:output:electricity": "1.5 MW", "generator:source": "wind", "generator:type": "horizontal_axis"}, "geometry": {"type": "Point", "coordinates": [-121.8727013, 38.1579387]}}, {"type": "Feature", "id": "node/706935678", "properties": {"power": "generator", "voltage": null, "name": null, "generator:method": "wind_turbine", "generator:output:electricity": "1.5 MW", "generator:source": "wind", "generator:type": "horizontal_axis"}, "geometry": {"type": "Point", "coordinates": [-121.8760477, 38.1593333]}}, {"type": "Feature", "id": "node/706935682", "properties": {"power": "generator", "voltage": null, "name": null, "generator:method": "wind_turbine", "generator:output:electricity": "1.5 MW", "generator:source": "wind", "generator:type": "horizontal_axis"}, "geometry": {"type": "Point", "coordinates": [-121.8736821, 38.1634113]}}, {"type": "Feature", "id": "node/706935685", "properties": {"power": "generator", "voltage": null, "name": null, "generator:method": "wind_turbine", "generator:output:electricity": "1.5 MW", "generator:source": "wind", "generator:type": "horizontal_axis"}, "geometry": {"type": "Point", "coordinates": [-121.8746494, 38.1651842]}}, {"type": "Feature", "id": "node/706935702", "properties": {"power": "generator", "voltage": null, "name": null, "generator:method": "wind_turbine", "generator:output:electricity": "1.5 MW", "generator:source": "wind", "generator:type": "horizontal_axis"}, "geometry": {"type": "Point", "coordinates": [-121.8681168, 38.158386]}}, {"type": "Feature", "id": "node/706935710", "properties": {"power": "generator", "voltage": null, "name": null, "generator:method": "wind_turbine", "generator:output:electricity": "1.5 MW", "generator:source": "wind", "generator:type": "horizontal_axis"}, "geometry": {"type": "Point", "coordinates": [-121.8630809, 38.165847]}}, {"type": "Feature", "id": "node/706935711", "properties": {"power": "generator", "voltage": null, "name": null, "generator:method": "wind_turbine", "generator:output:electricity": "1.5 MW", "generator:source": "wind", "generator:type": "horizontal_axis"}, "geometry": {"type": "Point", "coordinates": [-121.8621463, 38.1641615]}}, {"type": "Feature", "id": "node/706935718", "properties": {"power": "generator", "voltage": null, "name": null, "generator:method": "wind_turbine", "generator:output:electricity": "1.5 MW", "generator:source": "wind", "generator:type": "horizontal_axis"}, "geometry": {"type": "Point", "coordinates": [-121.8740089, 38.1682776]}}, {"type": "Feature", "id": "node/706935730", "properties": {"power": "generator", "voltage": null, "name": null, "generator:method": "wind_turbine", "generator:output:electricity": "1.5 MW", "generator:source": "wind", "generator:type": "horizontal_axis"}, "geometry": {"type": "Point", "coordinates": [-121.8754794, 38.1704049]}}, {"type": "Feature", "id": "node/706935742", "properties": {"power": "generator", "voltage": null, "name": null, "generator:method": "wind_turbine", "generator:output:electricity": "1.5 MW", "generator:source": "wind", "generator:type": "horizontal_axis"}, "geometry": {"type": "Point", "coordinates": [-121.8768062, 38.1727171]}}, {"type": "Feature", "id": "node/706935743", "properties": {"power": "generator", "voltage": null, "name": null, "generator:method": "wind_turbine", "generator:output:electricity": "1.5 MW", "generator:source": "wind", "generator:type": "horizontal_axis"}, "geometry": {"type": "Point", "coordinates": [-121.8782245, 38.174387]}}, {"type": "Feature", "id": "node/706935758", "properties": {"power": "generator", "voltage": null, "name": null, "generator:method": "wind_turbine", "generator:output:electricity": "1.5 MW", "generator:source": "wind", "generator:type": "horizontal_axis"}, "geometry": {"type": "Point", "coordinates": [-121.8658913, 38.1673989]}}, {"type": "Feature", "id": "node/706935759", "properties": {"power": "generator", "voltage": null, "name": null, "generator:method": "wind_turbine", "generator:output:electricity": "1.5 MW", "generator:source": "wind", "generator:type": "horizontal_axis"}, "geometry": {"type": "Point", "coordinates": [-121.8666626, 38.1689559]}}, {"type": "Feature", "id": "node/706935810", "properties": {"power": "generator", "voltage": null, "name": null, "generator:method": "wind_turbine", "generator:output:electricity": "1.5 MW", "generator:source": "wind", "generator:type": "horizontal_axis"}, "geometry": {"type": "Point", "coordinates": [-121.8662453, 38.1761581]}}, {"type": "Feature", "id": "node/706935818", "properties": {"power": "generator", "voltage": null, "name": null, "generator:method": "wind_turbine", "generator:output:electricity": "1.5 MW", "generator:source": "wind", "generator:type": "horizontal_axis"}, "geometry": {"type": "Point", "coordinates": [-121.8630982, 38.1747159]}}, {"type": "Feature", "id": "node/706935827", "properties": {"power": "generator", "voltage": null, "name": null, "generator:method": "wind_turbine", "generator:output:electricity": "1.5 MW", "generator:source": "wind", "generator:type": "horizontal_axis"}, "geometry": {"type": "Point", "coordinates": [-121.8618457, 38.1732966]}}, {"type": "Feature", "id": "node/706935843", "properties": {"power": "generator", "voltage": null, "name": null, "generator:method": "wind_turbine", "generator:output:electricity": "1.5 MW", "generator:source": "wind", "generator:type": "horizontal_axis"}, "geometry": {"type": "Point", "coordinates": [-121.8770677, 38.1788108]}}, {"type": "Feature", "id": "node/706935849", "properties": {"power": "generator", "voltage": null, "name": null, "generator:method": "wind_turbine", "generator:output:electricity": "1.5 MW", "generator:source": "wind", "generator:type": "horizontal_axis"}, "geometry": {"type": "Point", "coordinates": [-121.878576, 38.1804591]}}, {"type": "Feature", "id": "node/706935870", "properties": {"power": "generator", "voltage": null, "name": null, "generator:method": "wind_turbine", "generator:output:electricity": "1.5 MW", "generator:source": "wind", "generator:type": "horizontal_axis"}, "geometry": {"type": "Point", "coordinates": [-121.8696126, 38.1789128]}}, {"type": "Feature", "id": "node/706935871", "properties": {"power": "generator", "voltage": null, "name": null, "generator:method": "wind_turbine", "generator:output:electricity": "1.5 MW", "generator:source": "wind", "generator:type": "horizontal_axis"}, "geometry": {"type": "Point", "coordinates": [-121.8675445, 38.1774733]}}, {"type": "Feature", "id": "node/706935878", "properties": {"power": "generator", "voltage": null, "name": null, "generator:method": "wind_turbine", "generator:output:electricity": "1.5 MW", "generator:source": "wind", "generator:type": "horizontal_axis"}, "geometry": {"type": "Point", "coordinates": [-121.8573295, 38.1569049]}}, {"type": "Feature", "id": "node/706935879", "properties": {"power": "generator", "voltage": null, "name": null, "generator:method": "wind_turbine", "generator:output:electricity": "1.5 MW", "generator:source": "wind", "generator:type": "horizontal_axis"}, "geometry": {"type": "Point", "coordinates": [-121.8584955, 38.1581178]}}, {"type": "Feature", "id": "node/706935890", "properties": {"power": "generator", "voltage": null, "name": null, "generator:method": "wind_turbine", "generator:output:electricity": "1.5 MW", "generator:source": "wind", "generator:type": "horizontal_axis"}, "geometry": {"type": "Point", "coordinates": [-121.8595935, 38.1592073]}}, {"type": "Feature", "id": "node/706935906", "properties": {"power": "generator", "voltage": null, "name": null, "generator:method": "wind_turbine", "generator:output:electricity": "1.5 MW", "generator:source": "wind", "generator:type": "horizontal_axis"}, "geometry": {"type": "Point", "coordinates": [-121.8478841, 38.1638559]}}, {"type": "Feature", "id": "node/706935930", "properties": {"power": "generator", "voltage": null, "name": null, "generator:method": "wind_turbine", "generator:output:electricity": "1.5 MW", "generator:source": "wind", "generator:type": "horizontal_axis"}, "geometry": {"type": "Point", "coordinates": [-121.8577669, 38.1712655]}}, {"type": "Feature", "id": "node/706935944", "properties": {"power": "generator", "voltage": null, "name": null, "generator:method": "wind_turbine", "generator:output:electricity": "1.5 MW", "generator:source": "wind", "generator:type": "horizontal_axis"}, "geometry": {"type": "Point", "coordinates": [-121.8553035, 38.1700602]}}, {"type": "Feature", "id": "node/706935967", "properties": {"power": "generator", "voltage": null, "name": null, "generator:method": "wind_turbine", "generator:output:electricity": "1.5 MW", "generator:source": "wind", "generator:type": "horizontal_axis"}, "geometry": {"type": "Point", "coordinates": [-121.8496253, 38.1667916]}}, {"type": "Feature", "id": "node/706935984", "properties": {"power": "generator", "voltage": null, "name": null, "generator:method": "wind_turbine", "generator:output:electricity": "1.5 MW", "generator:source": "wind", "generator:type": "horizontal_axis"}, "geometry": {"type": "Point", "coordinates": [-121.8502481, 38.1698184]}}, {"type": "Feature", "id": "node/706935991", "properties": {"power": "generator", "voltage": null, "name": null, "generator:method": "wind_turbine", "generator:output:electricity": "1.5 MW", "generator:source": "wind", "generator:type": "horizontal_axis"}, "geometry": {"type": "Point", "coordinates": [-121.859816, 38.1719835]}}, {"type": "Feature", "id": "node/706935992", "properties": {"power": "generator", "voltage": null, "name": null, "generator:method": "wind_turbine", "generator:output:electricity": "1.5 MW", "generator:source": "wind", "generator:type": "horizontal_axis"}, "geometry": {"type": "Point", "coordinates": [-121.8493648, 38.1682011]}}, {"type": "Feature", "id": "node/707070275", "properties": {"power": "generator", "voltage": null, "name": null, "generator:method": "wind_turbine", "generator:output:electricity": "2 MW", "generator:source": "wind", "generator:type": "horizontal_axis", "manufacturer": "Senvion", "manufacturer:type": "MM92"}, "geometry": {"type": "Point", "coordinates": [-121.8410442, 38.1413245]}}, {"type": "Feature", "id": "node/707070312", "properties": {"power": "generator", "voltage": null, "name": null, "generator:method": "wind_turbine", "generator:output:electricity": "2 MW", "generator:source": "wind", "generator:type": "horizontal_axis", "manufacturer": "Senvion", "manufacturer:type": "MM92"}, "geometry": {"type": "Point", "coordinates": [-121.8409676, 38.1430012]}}, {"type": "Feature", "id": "node/707070316", "properties": {"power": "generator", "voltage": null, "name": null, "generator:method": "wind_turbine", "generator:output:electricity": "2 MW", "generator:source": "wind", "generator:type": "horizontal_axis", "manufacturer": "Senvion", "manufacturer:type": "MM92"}, "geometry": {"type": "Point", "coordinates": [-121.8376869, 38.1369772]}}, {"type": "Feature", "id": "node/707070318", "properties": {"power": "generator", "voltage": null, "name": null, "generator:method": "wind_turbine", "generator:output:electricity": "2 MW", "generator:source": "wind", "generator:type": "horizontal_axis", "manufacturer": "Senvion", "manufacturer:type": "MM92"}, "geometry": {"type": "Point", "coordinates": [-121.8383379, 38.1380113]}}, {"type": "Feature", "id": "node/707070336", "properties": {"power": "generator", "voltage": null, "name": null, "generator:method": "wind_turbine", "generator:output:electricity": "2 MW", "generator:source": "wind", "generator:type": "horizontal_axis", "manufacturer": "Senvion", "manufacturer:type": "MM92"}, "geometry": {"type": "Point", "coordinates": [-121.8376997, 38.139929]}}, {"type": "Feature", "id": "node/707070346", "properties": {"power": "generator", "voltage": null, "name": null, "generator:method": "wind_turbine", "generator:output:electricity": "1.5 MW", "generator:source": "wind", "generator:type": "horizontal_axis"}, "geometry": {"type": "Point", "coordinates": [-121.8603663, 38.1482268]}}, {"type": "Feature", "id": "node/707070373", "properties": {"power": "generator", "voltage": null, "name": null, "generator:method": "wind_turbine", "generator:output:electricity": "1.5 MW", "generator:source": "wind", "generator:type": "horizontal_axis"}, "geometry": {"type": "Point", "coordinates": [-121.8599202, 38.1470966]}}, {"type": "Feature", "id": "node/707070403", "properties": {"power": "generator", "voltage": null, "name": null, "generator:method": "wind_turbine", "generator:output:electricity": "1.5 MW", "generator:source": "wind", "generator:type": "horizontal_axis"}, "geometry": {"type": "Point", "coordinates": [-121.85622, 38.1473756]}}, {"type": "Feature", "id": "node/707070459", "properties": {"power": "generator", "voltage": null, "name": null, "generator:method": "wind_turbine", "generator:output:electricity": "1.5 MW", "generator:source": "wind", "generator:type": "horizontal_axis"}, "geometry": {"type": "Point", "coordinates": [-121.8529428, 38.1519863]}}, {"type": "Feature", "id": "node/707070499", "properties": {"power": "generator", "voltage": null, "name": null, "generator:method": "wind_turbine", "generator:output:electricity": "1.5 MW", "generator:source": "wind", "generator:type": "horizontal_axis"}, "geometry": {"type": "Point", "coordinates": [-121.853449, 38.1533842]}}, {"type": "Feature", "id": "node/707070547", "properties": {"power": "generator", "voltage": null, "name": null, "generator:method": "wind_turbine", "generator:output:electricity": "2 MW", "generator:source": "wind", "generator:type": "horizontal_axis", "manufacturer": "Senvion", "manufacturer:type": "MM92"}, "geometry": {"type": "Point", "coordinates": [-121.840674, 38.1454106]}}, {"type": "Feature", "id": "node/707070631", "properties": {"power": "generator", "voltage": null, "name": null, "generator:method": "wind_turbine", "generator:output:electricity": "1.8 MW", "generator:source": "wind", "generator:type": "horizontal_axis", "manufacturer": "Vestas", "model": "V80-1.8", "operator": "NextEra Energy", "operator:wikidata": "Q967868"}, "geometry": {"type": "Point", "coordinates": [-121.8313451, 38.1452739]}}, {"type": "Feature", "id": "node/707070636", "properties": {"power": "generator", "voltage": null, "name": null, "generator:method": "wind_turbine", "generator:output:electricity": "1.8 MW", "generator:source": "wind", "generator:type": "horizontal_axis", "manufacturer": "Vestas", "model": "V80-1.8", "operator": "NextEra Energy", "operator:wikidata": "Q967868"}, "geometry": {"type": "Point", "coordinates": [-121.8314862, 38.1463591]}}, {"type": "Feature", "id": "node/707070640", "properties": {"power": "generator", "voltage": null, "name": null, "generator:method": "wind_turbine", "generator:output:electricity": "1.8 MW", "generator:source": "wind", "generator:type": "horizontal_axis", "manufacturer": "Vestas", "model": "V80-1.8", "operator": "NextEra Energy", "operator:wikidata": "Q967868"}, "geometry": {"type": "Point", "coordinates": [-121.832632, 38.1489786]}}, {"type": "Feature", "id": "node/707070642", "properties": {"power": "generator", "voltage": null, "name": null, "generator:method": "wind_turbine", "generator:output:electricity": "1.8 MW", "generator:source": "wind", "generator:type": "horizontal_axis", "manufacturer": "Vestas", "model": "V80-1.8", "operator": "NextEra Energy", "operator:wikidata": "Q967868"}, "geometry": {"type": "Point", "coordinates": [-121.8323275, 38.1475025]}}, {"type": "Feature", "id": "node/707070645", "properties": {"power": "generator", "voltage": null, "name": null, "generator:method": "wind_turbine", "generator:output:electricity": "1.8 MW", "generator:source": "wind", "generator:type": "horizontal_axis", "manufacturer": "Vestas", "model": "V80-1.8", "operator": "NextEra Energy", "operator:wikidata": "Q967868"}, "geometry": {"type": "Point", "coordinates": [-121.8329399, 38.1503109]}}, {"type": "Feature", "id": "node/707070647", "properties": {"power": "generator", "voltage": null, "name": null, "generator:method": "wind_turbine", "generator:output:electricity": "1.8 MW", "generator:source": "wind", "generator:type": "horizontal_axis", "manufacturer": "Vestas", "model": "V80-1.8", "operator": "NextEra Energy", "operator:wikidata": "Q967868"}, "geometry": {"type": "Point", "coordinates": [-121.8333462, 38.1515253]}}, {"type": "Feature", "id": "node/707070649", "properties": {"power": "generator", "voltage": null, "name": null, "generator:method": "wind_turbine", "generator:output:electricity": "1.5 MW", "generator:source": "wind", "generator:type": "horizontal_axis"}, "geometry": {"type": "Point", "coordinates": [-121.8327143, 38.1554549]}}, {"type": "Feature", "id": "node/707070655", "properties": {"power": "generator", "voltage": null, "name": null, "generator:method": "wind_turbine", "generator:output:electricity": "1.5 MW", "generator:source": "wind", "generator:type": "horizontal_axis"}, "geometry": {"type": "Point", "coordinates": [-121.8297754, 38.1549372]}}, {"type": "Feature", "id": "node/707070662", "properties": {"power": "generator", "voltage": null, "name": null, "generator:method": "wind_turbine", "generator:output:electricity": "1.5 MW", "generator:source": "wind", "generator:type": "horizontal_axis"}, "geometry": {"type": "Point", "coordinates": [-121.826066, 38.1550211]}}, {"type": "Feature", "id": "node/707070689", "properties": {"power": "generator", "voltage": null, "name": null, "generator:method": "wind_turbine", "generator:output:electricity": "1.8 MW", "generator:source": "wind", "generator:type": "horizontal_axis", "manufacturer": "Vestas", "model": "V80-1.8", "operator": "NextEra Energy", "operator:wikidata": "Q967868"}, "geometry": {"type": "Point", "coordinates": [-121.8197974, 38.1502189]}}, {"type": "Feature", "id": "node/707070691", "properties": {"power": "generator", "voltage": null, "name": null, "generator:method": "wind_turbine", "generator:output:electricity": "1.8 MW", "generator:source": "wind", "generator:type": "horizontal_axis", "manufacturer": "Vestas", "model": "V80-1.8", "operator": "NextEra Energy", "operator:wikidata": "Q967868"}, "geometry": {"type": "Point", "coordinates": [-121.8204967, 38.1513959]}}, {"type": "Feature", "id": "node/707070694", "properties": {"power": "generator", "voltage": null, "name": null, "generator:method": "wind_turbine", "generator:output:electricity": "1.8 MW", "generator:source": "wind", "generator:type": "horizontal_axis", "manufacturer": "Vestas", "model": "V80-1.8", "operator": "NextEra Energy", "operator:wikidata": "Q967868"}, "geometry": {"type": "Point", "coordinates": [-121.8206928, 38.1525883]}}, {"type": "Feature", "id": "node/707070700", "properties": {"power": "generator", "voltage": null, "name": null, "generator:method": "wind_turbine", "generator:output:electricity": "1.8 MW", "generator:source": "wind", "generator:type": "horizontal_axis", "manufacturer": "Vestas", "model": "V80-1.8", "operator": "NextEra Energy", "operator:wikidata": "Q967868"}, "geometry": {"type": "Point", "coordinates": [-121.821, 38.1540171]}}, {"type": "Feature", "id": "node/707070728", "properties": {"power": "generator", "voltage": null, "name": null, "generator:method": "wind_turbine", "generator:output:electricity": "1.5 MW", "generator:source": "wind", "generator:type": "horizontal_axis"}, "geometry": {"type": "Point", "coordinates": [-121.834846, 38.1585134]}}, {"type": "Feature", "id": "node/707070739", "properties": {"power": "generator", "voltage": null, "name": null, "generator:method": "wind_turbine", "generator:output:electricity": "1.5 MW", "generator:source": "wind", "generator:type": "horizontal_axis"}, "geometry": {"type": "Point", "coordinates": [-121.8351512, 38.1602361]}}, {"type": "Feature", "id": "node/707070759", "properties": {"power": "generator", "voltage": null, "name": null, "generator:method": "wind_turbine", "generator:output:electricity": "1.5 MW", "generator:source": "wind", "generator:type": "horizontal_axis"}, "geometry": {"type": "Point", "coordinates": [-121.8376309, 38.1633343]}}, {"type": "Feature", "id": "node/707070762", "properties": {"power": "generator", "voltage": null, "name": null, "generator:method": "wind_turbine", "generator:output:electricity": "1.5 MW", "generator:source": "wind", "generator:type": "horizontal_axis"}, "geometry": {"type": "Point", "coordinates": [-121.8370363, 38.1618275]}}, {"type": "Feature", "id": "node/707070777", "properties": {"power": "generator", "voltage": null, "name": null, "generator:method": "wind_turbine", "generator:output:electricity": "1.5 MW", "generator:source": "wind", "generator:type": "horizontal_axis"}, "geometry": {"type": "Point", "coordinates": [-121.8371271, 38.1663923]}}, {"type": "Feature", "id": "node/707070779", "properties": {"power": "generator", "voltage": null, "name": null, "generator:method": "wind_turbine", "generator:output:electricity": "1.5 MW", "generator:source": "wind", "generator:type": "horizontal_axis"}, "geometry": {"type": "Point", "coordinates": [-121.8377799, 38.1648266]}}, {"type": "Feature", "id": "node/707070788", "properties": {"power": "generator", "voltage": null, "name": null, "generator:method": "wind_turbine", "generator:output:electricity": "1.5 MW", "generator:source": "wind", "generator:type": "horizontal_axis"}, "geometry": {"type": "Point", "coordinates": [-121.8275977, 38.1623308]}}, {"type": "Feature", "id": "node/707070807", "properties": {"power": "generator", "voltage": null, "name": null, "generator:method": "wind_turbine", "generator:output:electricity": "1.5 MW", "generator:source": "wind", "generator:type": "horizontal_axis"}, "geometry": {"type": "Point", "coordinates": [-121.8276089, 38.1643472]}}, {"type": "Feature", "id": "node/707070821", "properties": {"power": "generator", "voltage": null, "name": null, "generator:method": "wind_turbine", "generator:output:electricity": "1.5 MW", "generator:source": "wind", "generator:type": "horizontal_axis"}, "geometry": {"type": "Point", "coordinates": [-121.8252756, 38.1575072]}}, {"type": "Feature", "id": "node/707070840", "properties": {"power": "generator", "voltage": null, "name": null, "generator:method": "wind_turbine", "generator:output:electricity": "1.5 MW", "generator:source": "wind", "generator:type": "horizontal_axis"}, "geometry": {"type": "Point", "coordinates": [-121.825772, 38.1591913]}}, {"type": "Feature", "id": "node/707070871", "properties": {"power": "generator", "voltage": null, "name": null, "generator:method": "wind_turbine", "generator:output:electricity": "1.8 MW", "generator:source": "wind", "generator:type": "horizontal_axis", "manufacturer": "Vestas", "model": "V80-1.8", "operator": "NextEra Energy", "operator:wikidata": "Q967868"}, "geometry": {"type": "Point", "coordinates": [-121.8183281, 38.1575515]}}, {"type": "Feature", "id": "node/707070873", "properties": {"power": "generator", "voltage": null, "name": null, "generator:method": "wind_turbine", "generator:output:electricity": "1.8 MW", "generator:source": "wind", "generator:type": "horizontal_axis", "manufacturer": "Vestas", "model": "V80-1.8", "operator": "NextEra Energy", "operator:wikidata": "Q967868"}, "geometry": {"type": "Point", "coordinates": [-121.8183137, 38.1561667]}}, {"type": "Feature", "id": "node/707070876", "properties": {"power": "generator", "voltage": null, "name": null, "generator:method": "wind_turbine", "generator:output:electricity": "1.5 MW", "generator:source": "wind", "generator:type": "horizontal_axis"}, "geometry": {"type": "Point", "coordinates": [-121.8265778, 38.1611103]}}, {"type": "Feature", "id": "node/707070937", "properties": {"power": "generator", "voltage": null, "name": null, "generator:method": "wind_turbine", "generator:output:electricity": "1.5 MW", "generator:source": "wind", "generator:type": "horizontal_axis"}, "geometry": {"type": "Point", "coordinates": [-121.8173018, 38.1659196]}}, {"type": "Feature", "id": "node/707070951", "properties": {"power": "generator", "voltage": null, "name": null, "generator:method": "wind_turbine", "generator:output:electricity": "1.5 MW", "generator:source": "wind", "generator:type": "horizontal_axis"}, "geometry": {"type": "Point", "coordinates": [-121.839053, 38.1687288]}}, {"type": "Feature", "id": "node/707070958", "properties": {"power": "generator", "voltage": null, "name": null, "generator:method": "wind_turbine", "generator:output:electricity": "1.5 MW", "generator:source": "wind", "generator:type": "horizontal_axis"}, "geometry": {"type": "Point", "coordinates": [-121.8379678, 38.1675651]}}, {"type": "Feature", "id": "node/707070960", "properties": {"power": "generator", "voltage": null, "name": null, "generator:method": "wind_turbine", "generator:output:electricity": "1.5 MW", "generator:source": "wind", "generator:type": "horizontal_axis"}, "geometry": {"type": "Point", "coordinates": [-121.8274193, 38.1672814]}}, {"type": "Feature", "id": "node/707070964", "properties": {"power": "generator", "voltage": null, "name": null, "generator:method": "wind_turbine", "generator:output:electricity": "1.5 MW", "generator:source": "wind", "generator:type": "horizontal_axis"}, "geometry": {"type": "Point", "coordinates": [-121.8281644, 38.1687304]}}, {"type": "Feature", "id": "node/707070971", "properties": {"power": "generator", "voltage": null, "name": null, "generator:method": "wind_turbine", "generator:output:electricity": "1.5 MW", "generator:source": "wind", "generator:type": "horizontal_axis"}, "geometry": {"type": "Point", "coordinates": [-121.8227331, 38.1670347]}}, {"type": "Feature", "id": "node/707070995", "properties": {"power": "generator", "voltage": null, "name": null, "generator:method": "wind_turbine", "generator:output:electricity": "1.5 MW", "generator:source": "wind", "generator:type": "horizontal_axis"}, "geometry": {"type": "Point", "coordinates": [-121.8184624, 38.1669033]}}, {"type": "Feature", "id": "node/707071007", "properties": {"power": "generator", "voltage": null, "name": null, "generator:method": "wind_turbine", "generator:output:electricity": "1.8 MW", "generator:source": "wind", "generator:type": "horizontal_axis", "manufacturer": "Vestas", "model": "V80-1.8", "operator": "NextEra Energy", "operator:wikidata": "Q967868"}, "geometry": {"type": "Point", "coordinates": [-121.8143975, 38.1538519]}}, {"type": "Feature", "id": "node/707071013", "properties": {"power": "generator", "voltage": null, "name": null, "generator:method": "wind_turbine", "generator:output:electricity": "1.8 MW", "generator:source": "wind", "generator:type": "horizontal_axis", "manufacturer": "Vestas", "model": "V80-1.8", "operator": "NextEra Energy", "operator:wikidata": "Q967868"}, "geometry": {"type": "Point", "coordinates": [-121.8153334, 38.1553937]}}, {"type": "Feature", "id": "node/707071015", "properties": {"power": "generator", "voltage": null, "name": null, "generator:method": "wind_turbine", "generator:output:electricity": "1.5 MW", "generator:source": "wind", "generator:type": "horizontal_axis"}, "geometry": {"type": "Point", "coordinates": [-121.8152543, 38.1632032]}}, {"type": "Feature", "id": "node/707071017", "properties": {"power": "generator", "voltage": null, "name": null, "generator:method": "wind_turbine", "generator:output:electricity": "1.5 MW", "generator:source": "wind", "generator:type": "horizontal_axis"}, "geometry": {"type": "Point", "coordinates": [-121.814301, 38.162246]}}, {"type": "Feature", "id": "node/707071030", "properties": {"power": "generator", "voltage": null, "name": null, "generator:method": "wind_turbine", "generator:output:electricity": "1.5 MW", "generator:source": "wind", "generator:type": "horizontal_axis"}, "geometry": {"type": "Point", "coordinates": [-121.8129659, 38.1610177]}}, {"type": "Feature", "id": "node/707071056", "properties": {"power": "generator", "voltage": null, "name": null, "generator:method": "wind_turbine", "generator:output:electricity": "1.5 MW", "generator:source": "wind", "generator:type": "horizontal_axis"}, "geometry": {"type": "Point", "coordinates": [-121.8163244, 38.1647112]}}, {"type": "Feature", "id": "node/708409527", "properties": {"power": "generator", "voltage": null, "name": null, "generator:method": "wind_turbine", "generator:output:electricity": "2 MW", "generator:source": "wind", "generator:type": "horizontal_axis", "manufacturer": "Senvion", "manufacturer:type": "MM92"}, "geometry": {"type": "Point", "coordinates": [-121.8415727, 38.128095]}}, {"type": "Feature", "id": "node/708409547", "properties": {"power": "generator", "voltage": null, "name": null, "generator:method": "wind_turbine", "generator:output:electricity": "2 MW", "generator:source": "wind", "generator:type": "horizontal_axis", "manufacturer": "Senvion", "manufacturer:type": "MM92"}, "geometry": {"type": "Point", "coordinates": [-121.839129, 38.1267232]}}, {"type": "Feature", "id": "node/708409583", "properties": {"power": "generator", "voltage": null, "name": null, "generator:method": "wind_turbine", "generator:output:electricity": "1.8 MW", "generator:source": "wind", "generator:type": "horizontal_axis", "manufacturer": "Vestas", "model": "V80-1.8", "operator": "NextEra Energy", "operator:wikidata": "Q967868"}, "geometry": {"type": "Point", "coordinates": [-121.803636, 38.1304473]}}, {"type": "Feature", "id": "node/708409584", "properties": {"power": "generator", "voltage": null, "name": null, "generator:method": "wind_turbine", "generator:output:electricity": "1.8 MW", "generator:source": "wind", "generator:type": "horizontal_axis", "manufacturer": "Vestas", "model": "V80-1.8", "operator": "NextEra Energy", "operator:wikidata": "Q967868"}, "geometry": {"type": "Point", "coordinates": [-121.80259, 38.1287857]}}, {"type": "Feature", "id": "node/708409586", "properties": {"power": "generator", "voltage": null, "name": null, "generator:method": "wind_turbine", "generator:output:electricity": "1.8 MW", "generator:source": "wind", "generator:type": "horizontal_axis", "manufacturer": "Vestas", "model": "V80-1.8", "operator": "NextEra Energy", "operator:wikidata": "Q967868"}, "geometry": {"type": "Point", "coordinates": [-121.804238, 38.1332868]}}, {"type": "Feature", "id": "node/708409587", "properties": {"power": "generator", "voltage": null, "name": null, "generator:method": "wind_turbine", "generator:output:electricity": "1.8 MW", "generator:source": "wind", "generator:type": "horizontal_axis", "manufacturer": "Vestas", "model": "V80-1.8", "operator": "NextEra Energy", "operator:wikidata": "Q967868"}, "geometry": {"type": "Point", "coordinates": [-121.803669, 38.1318556]}}, {"type": "Feature", "id": "node/708409588", "properties": {"power": "generator", "voltage": null, "name": null, "generator:method": "wind_turbine", "generator:output:electricity": "1.8 MW", "generator:source": "wind", "generator:type": "horizontal_axis", "manufacturer": "Vestas", "model": "V80-1.8", "operator": "NextEra Energy", "operator:wikidata": "Q967868"}, "geometry": {"type": "Point", "coordinates": [-121.807609, 38.1386036]}}, {"type": "Feature", "id": "node/708409591", "properties": {"power": "generator", "voltage": null, "name": null, "generator:method": "wind_turbine", "generator:output:electricity": "1.8 MW", "generator:source": "wind", "generator:type": "horizontal_axis", "manufacturer": "Vestas", "model": "V80-1.8", "operator": "NextEra Energy", "operator:wikidata": "Q967868"}, "geometry": {"type": "Point", "coordinates": [-121.811742, 38.1411185]}}, {"type": "Feature", "id": "node/708409592", "properties": {"power": "generator", "voltage": null, "name": null, "generator:method": "wind_turbine", "generator:output:electricity": "1.8 MW", "generator:source": "wind", "generator:type": "horizontal_axis", "manufacturer": "Vestas", "model": "V80-1.8", "operator": "NextEra Energy", "operator:wikidata": "Q967868"}, "geometry": {"type": "Point", "coordinates": [-121.812989, 38.142441]}}, {"type": "Feature", "id": "node/708409594", "properties": {"power": "generator", "voltage": null, "name": null, "generator:method": "wind_turbine", "generator:output:electricity": "1.8 MW", "generator:source": "wind", "generator:type": "horizontal_axis", "manufacturer": "Vestas", "model": "V80-1.8", "operator": "NextEra Energy", "operator:wikidata": "Q967868"}, "geometry": {"type": "Point", "coordinates": [-121.8108894, 38.1401118]}}, {"type": "Feature", "id": "node/708409595", "properties": {"power": "generator", "voltage": null, "name": null, "generator:method": "wind_turbine", "generator:output:electricity": "1.8 MW", "generator:source": "wind", "generator:type": "horizontal_axis", "manufacturer": "Vestas", "model": "V80-1.8", "operator": "NextEra Energy", "operator:wikidata": "Q967868"}, "geometry": {"type": "Point", "coordinates": [-121.809074, 38.1396183]}}, {"type": "Feature", "id": "node/708409620", "properties": {"power": "generator", "voltage": null, "name": null, "generator:method": "wind_turbine", "generator:output:electricity": "1.8 MW", "generator:source": "wind", "generator:type": "horizontal_axis", "manufacturer": "Vestas", "model": "V80-1.8", "operator": "NextEra Energy", "operator:wikidata": "Q967868"}, "geometry": {"type": "Point", "coordinates": [-121.805187, 38.1350241]}}, {"type": "Feature", "id": "node/708409621", "properties": {"power": "generator", "voltage": null, "name": null, "generator:method": "wind_turbine", "generator:output:electricity": "1.8 MW", "generator:source": "wind", "generator:type": "horizontal_axis", "manufacturer": "Vestas", "model": "V80-1.8", "operator": "NextEra Energy", "operator:wikidata": "Q967868"}, "geometry": {"type": "Point", "coordinates": [-121.805267, 38.1381463]}}, {"type": "Feature", "id": "node/708409622", "properties": {"power": "generator", "voltage": null, "name": null, "generator:method": "wind_turbine", "generator:output:electricity": "1.8 MW", "generator:source": "wind", "generator:type": "horizontal_axis", "manufacturer": "Vestas", "model": "V80-1.8", "operator": "NextEra Energy", "operator:wikidata": "Q967868"}, "geometry": {"type": "Point", "coordinates": [-121.80497, 38.1366856]}}, {"type": "Feature", "id": "node/708409624", "properties": {"power": "generator", "voltage": null, "name": null, "generator:method": "wind_turbine", "generator:output:electricity": "1.8 MW", "generator:source": "wind", "generator:type": "horizontal_axis", "manufacturer": "Vestas", "model": "V80-1.8", "operator": "NextEra Energy", "operator:wikidata": "Q967868"}, "geometry": {"type": "Point", "coordinates": [-121.8033517, 38.1436089]}}, {"type": "Feature", "id": "node/708409677", "properties": {"power": "generator", "voltage": null, "name": null, "generator:method": "wind_turbine", "generator:output:electricity": "1.8 MW", "generator:source": "wind", "generator:type": "horizontal_axis", "manufacturer": "Vestas", "model": "V80-1.8", "operator": "NextEra Energy", "operator:wikidata": "Q967868"}, "geometry": {"type": "Point", "coordinates": [-121.8054808, 38.1460827]}}, {"type": "Feature", "id": "node/708409678", "properties": {"power": "generator", "voltage": null, "name": null, "generator:method": "wind_turbine", "generator:output:electricity": "1.8 MW", "generator:source": "wind", "generator:type": "horizontal_axis", "manufacturer": "Vestas", "model": "V80-1.8", "operator": "NextEra Energy", "operator:wikidata": "Q967868"}, "geometry": {"type": "Point", "coordinates": [-121.806325, 38.1476124]}}, {"type": "Feature", "id": "node/708409679", "properties": {"power": "generator", "voltage": null, "name": null, "generator:method": "wind_turbine", "generator:output:electricity": "1.8 MW", "generator:source": "wind", "generator:type": "horizontal_axis", "manufacturer": "Vestas", "model": "V80-1.8", "operator": "NextEra Energy", "operator:wikidata": "Q967868"}, "geometry": {"type": "Point", "coordinates": [-121.803443, 38.1449149]}}, {"type": "Feature", "id": "node/708413185", "properties": {"power": "generator", "voltage": null, "name": null, "generator:method": "wind_turbine", "generator:output:electricity": "1.5 MW", "generator:source": "wind", "generator:type": "horizontal_axis"}, "geometry": {"type": "Point", "coordinates": [-121.845114, 38.1224549]}}, {"type": "Feature", "id": "node/708413201", "properties": {"power": "generator", "voltage": null, "name": null, "generator:method": "wind_turbine", "generator:output:electricity": "1.5 MW", "generator:source": "wind", "generator:type": "horizontal_axis"}, "geometry": {"type": "Point", "coordinates": [-121.848721, 38.1232759]}}, {"type": "Feature", "id": "node/710216071", "properties": {"power": "generator", "voltage": null, "name": null, "generator:method": "wind_turbine", "generator:output:electricity": "1.8 MW", "generator:source": "wind", "generator:type": "horizontal_axis", "manufacturer": "Vestas", "model": "V80-1.8", "operator": "NextEra Energy", "operator:wikidata": "Q967868"}, "geometry": {"type": "Point", "coordinates": [-121.812912, 38.1139583]}}, {"type": "Feature", "id": "node/710216081", "properties": {"power": "generator", "voltage": null, "name": null, "generator:method": "wind_turbine", "generator:output:electricity": "2.3 MW", "generator:source": "wind", "generator:type": "horizontal_axis", "manufacturer": "Siemens", "model": "SWT-2.3-93", "operator": "NextEra Energy", "operator:wikidata": "Q967868"}, "geometry": {"type": "Point", "coordinates": [-121.809592, 38.1169312]}}, {"type": "Feature", "id": "node/710216153", "properties": {"power": "generator", "voltage": null, "name": null, "generator:method": "wind_turbine", "generator:output:electricity": "2.3 MW", "generator:source": "wind", "generator:type": "horizontal_axis", "manufacturer": "Siemens", "model": "SWT-2.3-93", "operator": "NextEra Energy", "operator:wikidata": "Q967868"}, "geometry": {"type": "Point", "coordinates": [-121.7996164, 38.1153049]}}, {"type": "Feature", "id": "node/710216199", "properties": {"power": "generator", "voltage": null, "name": null, "generator:method": "wind_turbine", "generator:output:electricity": "1.8 MW", "generator:source": "wind", "generator:type": "horizontal_axis", "manufacturer": "Vestas", "model": "V80-1.8", "operator": "NextEra Energy", "operator:wikidata": "Q967868"}, "geometry": {"type": "Point", "coordinates": [-121.791798, 38.1124655]}}, {"type": "Feature", "id": "node/710216201", "properties": {"power": "generator", "voltage": null, "name": null, "generator:method": "wind_turbine", "generator:output:electricity": "1.8 MW", "generator:source": "wind", "generator:type": "horizontal_axis", "manufacturer": "Vestas", "model": "V80-1.8", "operator": "NextEra Energy", "operator:wikidata": "Q967868"}, "geometry": {"type": "Point", "coordinates": [-121.7939179, 38.1166277]}}, {"type": "Feature", "id": "node/727240256", "properties": {"power": "generator", "voltage": null, "name": null, "generator:method": "wind_turbine", "generator:output:electricity": "2.3 MW", "generator:source": "wind", "generator:type": "horizontal_axis", "manufacturer": "Siemens", "model": "SWT-2.3-93", "operator": "NextEra Energy", "operator:wikidata": "Q967868"}, "geometry": {"type": "Point", "coordinates": [-121.8457448, 38.1001036]}}, {"type": "Feature", "id": "node/727240315", "properties": {"power": "generator", "voltage": null, "name": null, "generator:method": "wind_turbine", "generator:output:electricity": "1.5 MW", "generator:source": "wind", "generator:type": "horizontal_axis"}, "geometry": {"type": "Point", "coordinates": [-121.8375757, 38.0894618]}}, {"type": "Feature", "id": "node/727240317", "properties": {"power": "generator", "voltage": null, "name": null, "generator:method": "wind_turbine", "generator:output:electricity": "1.5 MW", "generator:source": "wind", "generator:type": "horizontal_axis"}, "geometry": {"type": "Point", "coordinates": [-121.8367823, 38.0882697]}}, {"type": "Feature", "id": "node/727240378", "properties": {"power": "generator", "voltage": null, "name": null, "generator:method": "wind_turbine", "generator:output:electricity": "1.5 MW", "generator:source": "wind", "generator:type": "horizontal_axis"}, "geometry": {"type": "Point", "coordinates": [-121.8606534, 38.1168752]}}, {"type": "Feature", "id": "node/727240414", "properties": {"power": "generator", "voltage": null, "name": null, "generator:method": "wind_turbine", "generator:output:electricity": "1.5 MW", "generator:source": "wind", "generator:type": "horizontal_axis"}, "geometry": {"type": "Point", "coordinates": [-121.8572016, 38.1082252]}}, {"type": "Feature", "id": "node/727240429", "properties": {"power": "generator", "voltage": null, "name": null, "generator:method": "wind_turbine", "generator:output:electricity": "1.5 MW", "generator:source": "wind", "generator:type": "horizontal_axis"}, "geometry": {"type": "Point", "coordinates": [-121.8537807, 38.1066645]}}, {"type": "Feature", "id": "node/727240432", "properties": {"power": "generator", "voltage": null, "name": null, "generator:method": "wind_turbine", "generator:output:electricity": "1.5 MW", "generator:source": "wind", "generator:type": "horizontal_axis"}, "geometry": {"type": "Point", "coordinates": [-121.8537306, 38.1080439]}}, {"type": "Feature", "id": "node/727240715", "properties": {"power": "generator", "voltage": null, "name": null, "generator:method": "wind_turbine", "generator:output:electricity": "1.5 MW", "generator:source": "wind", "generator:type": "horizontal_axis"}, "geometry": {"type": "Point", "coordinates": [-121.8562937, 38.1161707]}}, {"type": "Feature", "id": "node/727240717", "properties": {"power": "generator", "voltage": null, "name": null, "generator:method": "wind_turbine", "generator:output:electricity": "1.5 MW", "generator:source": "wind", "generator:type": "horizontal_axis"}, "geometry": {"type": "Point", "coordinates": [-121.8507081, 38.1123638]}}, {"type": "Feature", "id": "node/727240720", "properties": {"power": "generator", "voltage": null, "name": null, "generator:method": "wind_turbine", "generator:output:electricity": "1.5 MW", "generator:source": "wind", "generator:type": "horizontal_axis"}, "geometry": {"type": "Point", "coordinates": [-121.851528, 38.1136053]}}, {"type": "Feature", "id": "node/727240737", "properties": {"power": "generator", "voltage": null, "name": null, "generator:method": "wind_turbine", "generator:output:electricity": "1.5 MW", "generator:source": "wind", "generator:type": "horizontal_axis"}, "geometry": {"type": "Point", "coordinates": [-121.8543125, 38.1154325]}}, {"type": "Feature", "id": "node/727240739", "properties": {"power": "generator", "voltage": null, "name": null, "generator:method": "wind_turbine", "generator:output:electricity": "1.5 MW", "generator:source": "wind", "generator:type": "horizontal_axis"}, "geometry": {"type": "Point", "coordinates": [-121.8526747, 38.1147067]}}, {"type": "Feature", "id": "node/727240760", "properties": {"power": "generator", "voltage": null, "name": null, "generator:method": "wind_turbine", "generator:output:electricity": "1.5 MW", "generator:source": "wind", "generator:type": "horizontal_axis"}, "geometry": {"type": "Point", "coordinates": [-121.8486085, 38.1119792]}}, {"type": "Feature", "id": "node/727240816", "properties": {"power": "generator", "voltage": null, "name": null, "generator:method": "wind_turbine", "generator:output:electricity": "1.5 MW", "generator:source": "wind", "generator:type": "horizontal_axis"}, "geometry": {"type": "Point", "coordinates": [-121.8475747, 38.1156898]}}, {"type": "Feature", "id": "node/727240861", "properties": {"power": "generator", "voltage": null, "name": null, "generator:method": "wind_turbine", "generator:output:electricity": "2 MW", "generator:source": "wind", "generator:type": "horizontal_axis", "manufacturer": "Senvion", "manufacturer:type": "MM92"}, "geometry": {"type": "Point", "coordinates": [-121.8411889, 38.1124422]}}, {"type": "Feature", "id": "node/727240884", "properties": {"power": "generator", "voltage": null, "name": null, "generator:method": "wind_turbine", "generator:output:electricity": "2 MW", "generator:source": "wind", "generator:type": "horizontal_axis", "manufacturer": "Senvion", "manufacturer:type": "MM92"}, "geometry": {"type": "Point", "coordinates": [-121.8394784, 38.1150171]}}, {"type": "Feature", "id": "node/727240897", "properties": {"power": "generator", "voltage": null, "name": null, "generator:method": "wind_turbine", "generator:output:electricity": "1.5 MW", "generator:source": "wind", "generator:type": "horizontal_axis"}, "geometry": {"type": "Point", "coordinates": [-121.8479673, 38.1176223]}}, {"type": "Feature", "id": "node/727240979", "properties": {"power": "generator", "voltage": null, "name": null, "generator:method": "wind_turbine", "generator:output:electricity": "2 MW", "generator:source": "wind", "generator:type": "horizontal_axis", "manufacturer": "Senvion", "manufacturer:type": "MM92"}, "geometry": {"type": "Point", "coordinates": [-121.8372804, 38.1118317]}}, {"type": "Feature", "id": "node/1074594117", "properties": {"power": "generator", "voltage": null, "name": null, "generator:method": "wind_turbine", "generator:output:electricity": "2 MW", "generator:source": "wind", "manufacturer": "Senvion", "manufacturer:type": "MM92"}, "geometry": {"type": "Point", "coordinates": [-121.7829492, 38.1722365]}}, {"type": "Feature", "id": "node/1074594119", "properties": {"power": "generator", "voltage": null, "name": null, "generator:method": "wind_turbine", "generator:output:electricity": "2 MW", "generator:source": "wind", "manufacturer": "Senvion", "manufacturer:type": "MM92"}, "geometry": {"type": "Point", "coordinates": [-121.764275, 38.1379929]}}, {"type": "Feature", "id": "node/1074594122", "properties": {"power": "generator", "voltage": null, "name": null, "generator:method": "wind_turbine", "generator:output:electricity": "2 MW", "generator:source": "wind", "manufacturer": "Senvion", "manufacturer:type": "MM92"}, "geometry": {"type": "Point", "coordinates": [-121.7627725, 38.1582379]}}, {"type": "Feature", "id": "node/1074594125", "properties": {"power": "generator", "voltage": null, "name": null, "generator:method": "wind_turbine", "generator:output:electricity": "2 MW", "generator:source": "wind", "manufacturer": "Senvion", "manufacturer:type": "MM92"}, "geometry": {"type": "Point", "coordinates": [-121.8223451, 38.1798891]}}, {"type": "Feature", "id": "node/1074594128", "properties": {"power": "generator", "voltage": null, "name": null, "generator:method": "wind_turbine", "generator:output:electricity": "2 MW", "generator:source": "wind", "manufacturer": "Senvion", "manufacturer:type": "MM92"}, "geometry": {"type": "Point", "coordinates": [-121.772268, 38.1488914]}}, {"type": "Feature", "id": "node/1074594155", "properties": {"power": "generator", "voltage": null, "name": null, "generator:method": "wind_turbine", "generator:output:electricity": "3 MW", "generator:source": "wind", "generator:type": "horizontal_axis", "manufacturer": "Vestas", "model": "V90-3.0"}, "geometry": {"type": "Point", "coordinates": [-121.761638, 38.098949]}}, {"type": "Feature", "id": "node/1074594157", "properties": {"power": "generator", "voltage": null, "name": null, "generator:method": "wind_turbine", "generator:output:electricity": "2 MW", "generator:source": "wind", "manufacturer": "Senvion", "manufacturer:type": "MM92"}, "geometry": {"type": "Point", "coordinates": [-121.8400993, 38.1768198]}}, {"type": "Feature", "id": "node/1074594161", "properties": {"power": "generator", "voltage": null, "name": null, "generator:method": "wind_turbine", "generator:output:electricity": "2 MW", "generator:source": "wind", "manufacturer": "Senvion", "manufacturer:type": "MM92"}, "geometry": {"type": "Point", "coordinates": [-121.7737447, 38.1374507]}}, {"type": "Feature", "id": "node/1074594171", "properties": {"power": "generator", "voltage": null, "name": null, "generator:method": "wind_turbine", "generator:output:electricity": "2 MW", "generator:source": "wind", "manufacturer": "Senvion", "manufacturer:type": "MM92"}, "geometry": {"type": "Point", "coordinates": [-121.7662506, 38.1671291]}}, {"type": "Feature", "id": "node/1074594184", "properties": {"power": "generator", "voltage": null, "name": null, "generator:method": "wind_turbine", "generator:output:electricity": "2 MW", "generator:source": "wind", "manufacturer": "Senvion", "manufacturer:type": "MM92"}, "geometry": {"type": "Point", "coordinates": [-121.7599031, 38.1340335]}}, {"type": "Feature", "id": "node/1074594187", "properties": {"power": "generator", "voltage": null, "name": null, "generator:method": "wind_turbine", "generator:output:electricity": "3 MW", "generator:source": "wind", "generator:type": "horizontal_axis", "manufacturer": "Vestas", "model": "V90-3.0"}, "geometry": {"type": "Point", "coordinates": [-121.754436, 38.0936746]}}, {"type": "Feature", "id": "node/1074594188", "properties": {"power": "generator", "voltage": null, "name": null, "generator:method": "wind_turbine", "generator:output:electricity": "2 MW", "generator:source": "wind", "manufacturer": "Senvion", "manufacturer:type": "MM92"}, "geometry": {"type": "Point", "coordinates": [-121.8298577, 38.17586]}}, {"type": "Feature", "id": "node/1074594200", "properties": {"power": "generator", "voltage": null, "name": null, "generator:method": "wind_turbine", "generator:output:electricity": "2 MW", "generator:source": "wind", "manufacturer": "Senvion", "manufacturer:type": "MM92"}, "geometry": {"type": "Point", "coordinates": [-121.7682461, 38.1617196]}}, {"type": "Feature", "id": "node/1074594201", "properties": {"power": "generator", "voltage": null, "name": null, "generator:method": "wind_turbine", "generator:output:electricity": "2 MW", "generator:source": "wind", "manufacturer": "Senvion", "manufacturer:type": "MM92"}, "geometry": {"type": "Point", "coordinates": [-121.817674, 38.1798663]}}, {"type": "Feature", "id": "node/1074594202", "properties": {"power": "generator", "voltage": null, "name": null, "generator:method": "wind_turbine", "generator:output:electricity": "2 MW", "generator:source": "wind", "manufacturer": "Senvion", "manufacturer:type": "MM92"}, "geometry": {"type": "Point", "coordinates": [-121.8715926, 38.1947375]}}, {"type": "Feature", "id": "node/1074594207", "properties": {"power": "generator", "voltage": null, "name": null, "generator:method": "wind_turbine", "generator:output:electricity": "2 MW", "generator:source": "wind", "manufacturer": "Senvion", "manufacturer:type": "MM92"}, "geometry": {"type": "Point", "coordinates": [-121.7574985, 38.1506885]}}, {"type": "Feature", "id": "node/1074594213", "properties": {"power": "generator", "voltage": null, "name": null, "generator:method": "wind_turbine", "generator:output:electricity": "3 MW", "generator:source": "wind", "generator:type": "horizontal_axis", "manufacturer": "Vestas", "model": "V90-3.0"}, "geometry": {"type": "Point", "coordinates": [-121.7605122, 38.1084078]}}, {"type": "Feature", "id": "node/1074594214", "properties": {"power": "generator", "voltage": null, "name": null, "generator:method": "wind_turbine", "generator:output:electricity": "2 MW", "generator:source": "wind", "manufacturer": "Senvion", "manufacturer:type": "MM92"}, "geometry": {"type": "Point", "coordinates": [-121.797742, 38.1797438]}}, {"type": "Feature", "id": "node/1074594236", "properties": {"power": "generator", "voltage": null, "name": null, "generator:method": "wind_turbine", "generator:output:electricity": "2 MW", "generator:source": "wind", "manufacturer": "Senvion", "manufacturer:type": "MM92"}, "geometry": {"type": "Point", "coordinates": [-121.7746147, 38.1700837]}}, {"type": "Feature", "id": "node/1074594239", "properties": {"power": "generator", "voltage": null, "name": null, "generator:method": "wind_turbine", "generator:output:electricity": "2 MW", "generator:source": "wind", "manufacturer": "Senvion", "manufacturer:type": "MM92"}, "geometry": {"type": "Point", "coordinates": [-121.767569, 38.1400743]}}, {"type": "Feature", "id": "node/1074594245", "properties": {"power": "generator", "voltage": null, "name": null, "generator:method": "wind_turbine", "generator:output:electricity": "2 MW", "generator:source": "wind", "manufacturer": "Senvion", "manufacturer:type": "MM92"}, "geometry": {"type": "Point", "coordinates": [-121.7661931, 38.1563393]}}, {"type": "Feature", "id": "node/1074594249", "properties": {"power": "generator", "voltage": null, "name": null, "generator:method": "wind_turbine", "generator:output:electricity": "2 MW", "generator:source": "wind", "manufacturer": "Senvion", "manufacturer:type": "MM92"}, "geometry": {"type": "Point", "coordinates": [-121.7724627, 38.1464305]}}, {"type": "Feature", "id": "node/1074594260", "properties": {"power": "generator", "voltage": null, "name": null, "generator:method": "wind_turbine", "generator:output:electricity": "2 MW", "generator:source": "wind", "manufacturer": "Senvion", "manufacturer:type": "MM92"}, "geometry": {"type": "Point", "coordinates": [-121.7662383, 38.1501461]}}, {"type": "Feature", "id": "node/1074594281", "properties": {"power": "generator", "voltage": null, "name": null, "generator:method": "wind_turbine", "generator:output:electricity": "2 MW", "generator:source": "wind", "manufacturer": "Senvion", "manufacturer:type": "MM92"}, "geometry": {"type": "Point", "coordinates": [-121.7508306, 38.1419349]}}, {"type": "Feature", "id": "node/1074594284", "properties": {"power": "generator", "voltage": null, "name": null, "generator:method": "wind_turbine", "generator:output:electricity": "3 MW", "generator:source": "wind", "generator:type": "horizontal_axis", "manufacturer": "Vestas", "model": "V90-3.0"}, "geometry": {"type": "Point", "coordinates": [-121.762417, 38.0970829]}}, {"type": "Feature", "id": "node/1074594286", "properties": {"power": "generator", "voltage": null, "name": null, "generator:method": "wind_turbine", "generator:output:electricity": "2 MW", "generator:source": "wind", "manufacturer": "Senvion", "manufacturer:type": "MM92"}, "geometry": {"type": "Point", "coordinates": [-121.8346413, 38.1763499]}}, {"type": "Feature", "id": "node/1074594291", "properties": {"power": "generator", "voltage": null, "name": null, "generator:method": "wind_turbine", "generator:output:electricity": "2 MW", "generator:source": "wind", "manufacturer": "Senvion", "manufacturer:type": "MM92"}, "geometry": {"type": "Point", "coordinates": [-121.7713101, 38.1440582]}}, {"type": "Feature", "id": "node/1074594300", "properties": {"power": "generator", "voltage": null, "name": null, "generator:method": "wind_turbine", "generator:output:electricity": "2 MW", "generator:source": "wind", "manufacturer": "Senvion", "manufacturer:type": "MM92"}, "geometry": {"type": "Point", "coordinates": [-121.7700126, 38.1640303]}}, {"type": "Feature", "id": "node/1074594314", "properties": {"power": "generator", "voltage": null, "name": null, "generator:method": "wind_turbine", "generator:output:electricity": "2 MW", "generator:source": "wind", "manufacturer": "Senvion", "manufacturer:type": "MM92"}, "geometry": {"type": "Point", "coordinates": [-121.7827112, 38.1639568]}}, {"type": "Feature", "id": "node/1074594316", "properties": {"power": "generator", "voltage": null, "name": null, "generator:method": "wind_turbine", "generator:output:electricity": "2 MW", "generator:source": "wind", "manufacturer": "Senvion", "manufacturer:type": "MM92"}, "geometry": {"type": "Point", "coordinates": [-121.8605574, 38.1871827]}}, {"type": "Feature", "id": "node/1074594317", "properties": {"power": "generator", "voltage": null, "name": null, "generator:method": "wind_turbine", "generator:output:electricity": "2 MW", "generator:source": "wind", "manufacturer": "Senvion", "manufacturer:type": "MM92"}, "geometry": {"type": "Point", "coordinates": [-121.7602538, 38.1367152]}}, {"type": "Feature", "id": "node/1074594321", "properties": {"power": "generator", "voltage": null, "name": null, "generator:method": "wind_turbine", "generator:output:electricity": "3 MW", "generator:source": "wind", "generator:type": "horizontal_axis", "manufacturer": "Vestas", "model": "V90-3.0"}, "geometry": {"type": "Point", "coordinates": [-121.763504, 38.095317]}}, {"type": "Feature", "id": "node/1074594354", "properties": {"power": "generator", "voltage": null, "name": null, "generator:method": "wind_turbine", "generator:output:electricity": "2 MW", "generator:source": "wind", "manufacturer": "Senvion", "manufacturer:type": "MM92"}, "geometry": {"type": "Point", "coordinates": [-121.8364351, 38.1741045]}}, {"type": "Feature", "id": "node/1074594366", "properties": {"power": "generator", "voltage": null, "name": null, "generator:method": "wind_turbine", "generator:output:electricity": "2 MW", "generator:source": "wind", "manufacturer": "Senvion", "manufacturer:type": "MM92"}, "geometry": {"type": "Point", "coordinates": [-121.7830985, 38.1697397]}}, {"type": "Feature", "id": "node/1074594368", "properties": {"power": "generator", "voltage": null, "name": null, "generator:method": "wind_turbine", "generator:output:electricity": "2 MW", "generator:source": "wind", "manufacturer": "Senvion", "manufacturer:type": "MM92"}, "geometry": {"type": "Point", "coordinates": [-121.7929504, 38.1796715]}}, {"type": "Feature", "id": "node/1074594371", "properties": {"power": "generator", "voltage": null, "name": null, "generator:method": "wind_turbine", "generator:output:electricity": "2 MW", "generator:source": "wind", "manufacturer": "Senvion", "manufacturer:type": "MM92"}, "geometry": {"type": "Point", "coordinates": [-121.7579957, 38.1531598]}}, {"type": "Feature", "id": "node/1074594372", "properties": {"power": "generator", "voltage": null, "name": null, "generator:method": "wind_turbine", "generator:output:electricity": "3 MW", "generator:source": "wind", "generator:type": "horizontal_axis", "manufacturer": "Vestas", "model": "V90-3.0"}, "geometry": {"type": "Point", "coordinates": [-121.77076, 38.0906898]}}, {"type": "Feature", "id": "node/1074594382", "properties": {"power": "generator", "voltage": null, "name": null, "generator:method": "wind_turbine", "generator:output:electricity": "2 MW", "generator:source": "wind", "manufacturer": "Senvion", "manufacturer:type": "MM92"}, "geometry": {"type": "Point", "coordinates": [-121.8749895, 38.1898677]}}, {"type": "Feature", "id": "node/1074594396", "properties": {"power": "generator", "voltage": null, "name": null, "generator:method": "wind_turbine", "generator:output:electricity": "2 MW", "generator:source": "wind", "manufacturer": "Senvion", "manufacturer:type": "MM92"}, "geometry": {"type": "Point", "coordinates": [-121.7700582, 38.1680377]}}, {"type": "Feature", "id": "node/1074594399", "properties": {"power": "generator", "voltage": null, "name": null, "generator:method": "wind_turbine", "generator:output:electricity": "2 MW", "generator:source": "wind", "manufacturer": "Senvion", "manufacturer:type": "MM92"}, "geometry": {"type": "Point", "coordinates": [-121.7557204, 38.1555557]}}, {"type": "Feature", "id": "node/1074594410", "properties": {"power": "generator", "voltage": null, "name": null, "generator:method": "wind_turbine", "generator:output:electricity": "2 MW", "generator:source": "wind", "manufacturer": "Senvion", "manufacturer:type": "MM92"}, "geometry": {"type": "Point", "coordinates": [-121.7646109, 38.147705]}}, {"type": "Feature", "id": "node/1074594425", "properties": {"power": "generator", "voltage": null, "name": null, "generator:method": "wind_turbine", "generator:output:electricity": "2 MW", "generator:source": "wind", "manufacturer": "Senvion", "manufacturer:type": "MM92"}, "geometry": {"type": "Point", "coordinates": [-121.7515844, 38.1376963]}}, {"type": "Feature", "id": "node/1074594432", "properties": {"power": "generator", "voltage": null, "name": null, "generator:method": "wind_turbine", "generator:output:electricity": "2 MW", "generator:source": "wind", "manufacturer": "Senvion", "manufacturer:type": "MM92"}, "geometry": {"type": "Point", "coordinates": [-121.7649911, 38.1297594]}}, {"type": "Feature", "id": "node/1074594442", "properties": {"power": "generator", "voltage": null, "name": null, "generator:method": "wind_turbine", "generator:output:electricity": "2 MW", "generator:source": "wind", "manufacturer": "Senvion", "manufacturer:type": "MM92"}, "geometry": {"type": "Point", "coordinates": [-121.7620643, 38.1454447]}}, {"type": "Feature", "id": "node/1074594443", "properties": {"power": "generator", "voltage": null, "name": null, "generator:method": "wind_turbine", "generator:output:electricity": "2 MW", "generator:source": "wind", "manufacturer": "Senvion", "manufacturer:type": "MM92"}, "geometry": {"type": "Point", "coordinates": [-121.7737217, 38.1617563]}}, {"type": "Feature", "id": "node/1074594444", "properties": {"power": "generator", "voltage": null, "name": null, "generator:method": "wind_turbine", "generator:output:electricity": "2 MW", "generator:source": "wind", "manufacturer": "Senvion", "manufacturer:type": "MM92"}, "geometry": {"type": "Point", "coordinates": [-121.8126167, 38.1798723]}}, {"type": "Feature", "id": "node/1074594446", "properties": {"power": "generator", "voltage": null, "name": null, "generator:method": "wind_turbine", "generator:output:electricity": "2 MW", "generator:source": "wind", "manufacturer": "Senvion", "manufacturer:type": "MM92"}, "geometry": {"type": "Point", "coordinates": [-121.8720775, 38.1968417]}}, {"type": "Feature", "id": "node/1074594457", "properties": {"power": "generator", "voltage": null, "name": null, "generator:method": "wind_turbine", "generator:output:electricity": "2 MW", "generator:source": "wind", "manufacturer": "Senvion", "manufacturer:type": "MM92"}, "geometry": {"type": "Point", "coordinates": [-121.7834017, 38.167228]}}, {"type": "Feature", "id": "node/1074594461", "properties": {"power": "generator", "voltage": null, "name": null, "generator:method": "wind_turbine", "generator:output:electricity": "2 MW", "generator:source": "wind", "manufacturer": "Senvion", "manufacturer:type": "MM92"}, "geometry": {"type": "Point", "coordinates": [-121.8630164, 38.1887921]}}, {"type": "Feature", "id": "node/1074594466", "properties": {"power": "generator", "voltage": null, "name": null, "generator:method": "wind_turbine", "generator:output:electricity": "3 MW", "generator:source": "wind", "generator:type": "horizontal_axis", "manufacturer": "Vestas", "model": "V90-3.0"}, "geometry": {"type": "Point", "coordinates": [-121.7607228, 38.1066175]}}, {"type": "Feature", "id": "node/1074594469", "properties": {"power": "generator", "voltage": null, "name": null, "generator:method": "wind_turbine", "generator:output:electricity": "2 MW", "generator:source": "wind", "manufacturer": "Senvion", "manufacturer:type": "MM92"}, "geometry": {"type": "Point", "coordinates": [-121.7463078, 38.1412676]}}, {"type": "Feature", "id": "node/1074594478", "properties": {"power": "generator", "voltage": null, "name": null, "generator:method": "wind_turbine", "generator:output:electricity": "3 MW", "generator:source": "wind", "generator:type": "horizontal_axis", "manufacturer": "Vestas", "model": "V90-3.0"}, "geometry": {"type": "Point", "coordinates": [-121.755601, 38.0918084]}}, {"type": "Feature", "id": "node/1074594483", "properties": {"power": "generator", "voltage": null, "name": null, "generator:method": "wind_turbine", "generator:output:electricity": "2 MW", "generator:source": "wind", "manufacturer": "Senvion", "manufacturer:type": "MM92"}, "geometry": {"type": "Point", "coordinates": [-121.8398091, 38.1794866]}}, {"type": "Feature", "id": "node/1074594523", "properties": {"power": "generator", "voltage": null, "name": null, "generator:method": "wind_turbine", "generator:output:electricity": "2 MW", "generator:source": "wind", "manufacturer": "Senvion", "manufacturer:type": "MM92"}, "geometry": {"type": "Point", "coordinates": [-121.7734828, 38.1752139]}}, {"type": "Feature", "id": "node/1074594527", "properties": {"power": "generator", "voltage": null, "name": null, "generator:method": "wind_turbine", "generator:output:electricity": "2 MW", "generator:source": "wind", "manufacturer": "Senvion", "manufacturer:type": "MM92"}, "geometry": {"type": "Point", "coordinates": [-121.7672659, 38.1438256]}}, {"type": "Feature", "id": "node/1074594546", "properties": {"power": "generator", "voltage": null, "name": null, "generator:method": "wind_turbine", "generator:output:electricity": "3 MW", "generator:source": "wind", "generator:type": "horizontal_axis", "manufacturer": "Vestas", "model": "V90-3.0"}, "geometry": {"type": "Point", "coordinates": [-121.770987, 38.0923593]}}, {"type": "Feature", "id": "node/1074594642", "properties": {"power": "generator", "voltage": null, "name": null, "generator:method": "wind_turbine", "generator:output:electricity": "2 MW", "generator:source": "wind", "manufacturer": "Senvion", "manufacturer:type": "MM92"}, "geometry": {"type": "Point", "coordinates": [-121.771028, 38.1731854]}}, {"type": "Feature", "id": "node/1074594658", "properties": {"power": "generator", "voltage": null, "name": null, "generator:method": "wind_turbine", "generator:output:electricity": "2 MW", "generator:source": "wind", "manufacturer": "Senvion", "manufacturer:type": "MM92"}, "geometry": {"type": "Point", "coordinates": [-121.7595779, 38.1562639]}}, {"type": "Feature", "id": "node/1074594671", "properties": {"power": "generator", "voltage": null, "name": null, "generator:method": "wind_turbine", "generator:output:electricity": "2 MW", "generator:source": "wind", "manufacturer": "Senvion", "manufacturer:type": "MM92"}, "geometry": {"type": "Point", "coordinates": [-121.7732993, 38.151219]}}, {"type": "Feature", "id": "node/1074594684", "properties": {"power": "generator", "voltage": null, "name": null, "generator:method": "wind_turbine", "generator:output:electricity": "2 MW", "generator:source": "wind", "manufacturer": "Senvion", "manufacturer:type": "MM92"}, "geometry": {"type": "Point", "coordinates": [-121.8580919, 38.1857258]}}, {"type": "Feature", "id": "node/1074594711", "properties": {"power": "generator", "voltage": null, "name": null, "generator:method": "wind_turbine", "generator:output:electricity": "2 MW", "generator:source": "wind", "manufacturer": "Senvion", "manufacturer:type": "MM92"}, "geometry": {"type": "Point", "coordinates": [-121.7698397, 38.156731]}}, {"type": "Feature", "id": "node/1074594716", "properties": {"power": "generator", "voltage": null, "name": null, "generator:method": "wind_turbine", "generator:output:electricity": "2 MW", "generator:source": "wind", "manufacturer": "Senvion", "manufacturer:type": "MM92"}, "geometry": {"type": "Point", "coordinates": [-121.7740855, 38.166056]}}, {"type": "Feature", "id": "node/1074594741", "properties": {"power": "generator", "voltage": null, "name": null, "generator:method": "wind_turbine", "generator:output:electricity": "2 MW", "generator:source": "wind", "manufacturer": "Senvion", "manufacturer:type": "MM92"}, "geometry": {"type": "Point", "coordinates": [-121.8406146, 38.1739299]}}, {"type": "Feature", "id": "node/1074594873", "properties": {"power": "generator", "voltage": null, "name": null, "generator:method": "wind_turbine", "generator:output:electricity": "2 MW", "generator:source": "wind", "manufacturer": "Senvion", "manufacturer:type": "MM92"}, "geometry": {"type": "Point", "coordinates": [-121.7584478, 38.1451584]}}, {"type": "Feature", "id": "node/1074594874", "properties": {"power": "generator", "voltage": null, "name": null, "generator:method": "wind_turbine", "generator:output:electricity": "2 MW", "generator:source": "wind", "manufacturer": "Senvion", "manufacturer:type": "MM92"}, "geometry": {"type": "Point", "coordinates": [-121.8024821, 38.1797912]}}, {"type": "Feature", "id": "node/1074594876", "properties": {"power": "generator", "voltage": null, "name": null, "generator:method": "wind_turbine", "generator:output:electricity": "2 MW", "generator:source": "wind", "manufacturer": "Senvion", "manufacturer:type": "MM92"}, "geometry": {"type": "Point", "coordinates": [-121.8744395, 38.1874206]}}, {"type": "Feature", "id": "node/1074594880", "properties": {"power": "generator", "voltage": null, "name": null, "generator:method": "wind_turbine", "generator:output:electricity": "2 MW", "generator:source": "wind", "manufacturer": "Senvion", "manufacturer:type": "MM92"}, "geometry": {"type": "Point", "coordinates": [-121.7867587, 38.179527]}}, {"type": "Feature", "id": "node/1074594888", "properties": {"power": "generator", "voltage": null, "name": null, "generator:method": "wind_turbine", "generator:output:electricity": "2 MW", "generator:source": "wind", "manufacturer": "Senvion", "manufacturer:type": "MM92"}, "geometry": {"type": "Point", "coordinates": [-121.774244, 38.1418179]}}, {"type": "Feature", "id": "node/1074594891", "properties": {"power": "generator", "voltage": null, "name": null, "generator:method": "wind_turbine", "generator:output:electricity": "3 MW", "generator:source": "wind", "generator:type": "horizontal_axis", "manufacturer": "Vestas", "model": "V90-3.0"}, "geometry": {"type": "Point", "coordinates": [-121.7620693, 38.103616]}}, {"type": "Feature", "id": "node/1074594894", "properties": {"power": "generator", "voltage": null, "name": null, "generator:method": "wind_turbine", "generator:output:electricity": "2 MW", "generator:source": "wind", "manufacturer": "Senvion", "manufacturer:type": "MM92"}, "geometry": {"type": "Point", "coordinates": [-121.7640162, 38.1327705]}}, {"type": "Feature", "id": "node/1074594913", "properties": {"power": "generator", "voltage": null, "name": null, "generator:method": "wind_turbine", "generator:output:electricity": "2 MW", "generator:source": "wind", "manufacturer": "Senvion", "manufacturer:type": "MM92"}, "geometry": {"type": "Point", "coordinates": [-121.7830538, 38.1746837]}}, {"type": "Feature", "id": "node/1074594916", "properties": {"power": "generator", "voltage": null, "name": null, "generator:method": "wind_turbine", "generator:output:electricity": "3 MW", "generator:source": "wind", "generator:type": "horizontal_axis", "manufacturer": "Vestas", "model": "V90-3.0"}, "geometry": {"type": "Point", "coordinates": [-121.7542526, 38.0900051]}}, {"type": "Feature", "id": "node/1074594920", "properties": {"power": "generator", "voltage": null, "name": null, "generator:method": "wind_turbine", "generator:output:electricity": "2 MW", "generator:source": "wind", "manufacturer": "Senvion", "manufacturer:type": "MM92"}, "geometry": {"type": "Point", "coordinates": [-121.7586286, 38.1480365]}}, {"type": "Feature", "id": "node/1074594923", "properties": {"power": "generator", "voltage": null, "name": null, "generator:method": "wind_turbine", "generator:output:electricity": "2 MW", "generator:source": "wind", "manufacturer": "Senvion", "manufacturer:type": "MM92"}, "geometry": {"type": "Point", "coordinates": [-121.826413, 38.1795987]}}, {"type": "Feature", "id": "node/1074594927", "properties": {"power": "generator", "voltage": null, "name": null, "generator:method": "wind_turbine", "generator:output:electricity": "3 MW", "generator:source": "wind", "generator:type": "horizontal_axis", "manufacturer": "Vestas", "model": "V90-3.0"}, "geometry": {"type": "Point", "coordinates": [-121.7620432, 38.1008131]}}, {"type": "Feature", "id": "node/1074594961", "properties": {"power": "generator", "voltage": null, "name": null, "generator:method": "wind_turbine", "generator:output:electricity": "2 MW", "generator:source": "wind", "manufacturer": "Senvion", "manufacturer:type": "MM92"}, "geometry": {"type": "Point", "coordinates": [-121.7704996, 38.1706693]}}, {"type": "Feature", "id": "node/1074594971", "properties": {"power": "generator", "voltage": null, "name": null, "generator:method": "wind_turbine", "generator:output:electricity": "2 MW", "generator:source": "wind", "manufacturer": "Senvion", "manufacturer:type": "MM92"}, "geometry": {"type": "Point", "coordinates": [-121.7703281, 38.1342584]}}, {"type": "Feature", "id": "node/1074594985", "properties": {"power": "generator", "voltage": null, "name": null, "generator:method": "wind_turbine", "generator:output:electricity": "2 MW", "generator:source": "wind", "manufacturer": "Senvion", "manufacturer:type": "MM92"}, "geometry": {"type": "Point", "coordinates": [-121.768167, 38.1533105]}}, {"type": "Feature", "id": "node/1074594988", "properties": {"power": "generator", "voltage": null, "name": null, "generator:method": "wind_turbine", "generator:output:electricity": "2 MW", "generator:source": "wind", "manufacturer": "Senvion", "manufacturer:type": "MM92"}, "geometry": {"type": "Point", "coordinates": [-121.7642955, 38.1651887]}}, {"type": "Feature", "id": "node/1074594990", "properties": {"power": "generator", "voltage": null, "name": null, "generator:method": "wind_turbine", "generator:output:electricity": "2 MW", "generator:source": "wind", "manufacturer": "Senvion", "manufacturer:type": "MM92"}, "geometry": {"type": "Point", "coordinates": [-121.8666636, 38.1911422]}}, {"type": "Feature", "id": "node/1074594998", "properties": {"power": "generator", "voltage": null, "name": null, "generator:method": "wind_turbine", "generator:output:electricity": "2 MW", "generator:source": "wind", "manufacturer": "Senvion", "manufacturer:type": "MM92"}, "geometry": {"type": "Point", "coordinates": [-121.7584056, 38.1414406]}}, {"type": "Feature", "id": "node/1074595004", "properties": {"power": "generator", "voltage": null, "name": null, "generator:method": "wind_turbine", "generator:output:electricity": "3 MW", "generator:source": "wind", "generator:type": "horizontal_axis", "manufacturer": "Vestas", "model": "V90-3.0"}, "geometry": {"type": "Point", "coordinates": [-121.755099, 38.0952708]}}, {"type": "Feature", "id": "node/1074595005", "properties": {"power": "generator", "voltage": null, "name": null, "generator:method": "wind_turbine", "generator:output:electricity": "2 MW", "generator:source": "wind", "manufacturer": "Senvion", "manufacturer:type": "MM92"}, "geometry": {"type": "Point", "coordinates": [-121.831707, 38.1791958]}}, {"type": "Feature", "id": "node/1074595016", "properties": {"power": "generator", "voltage": null, "name": null, "generator:method": "wind_turbine", "generator:output:electricity": "2 MW", "generator:source": "wind", "manufacturer": "Senvion", "manufacturer:type": "MM92"}, "geometry": {"type": "Point", "coordinates": [-121.7603413, 38.163851]}}, {"type": "Feature", "id": "node/1074595017", "properties": {"power": "generator", "voltage": null, "name": null, "generator:method": "wind_turbine", "generator:output:electricity": "2 MW", "generator:source": "wind", "manufacturer": "Senvion", "manufacturer:type": "MM92"}, "geometry": {"type": "Point", "coordinates": [-121.8694992, 38.1929283]}}, {"type": "Feature", "id": "node/1074595021", "properties": {"power": "generator", "voltage": null, "name": null, "generator:method": "wind_turbine", "generator:output:electricity": "2 MW", "generator:source": "wind", "manufacturer": "Senvion", "manufacturer:type": "MM92"}, "geometry": {"type": "Point", "coordinates": [-121.783463, 38.1788006]}}, {"type": "Feature", "id": "node/1074595029", "properties": {"power": "generator", "voltage": null, "name": null, "generator:method": "wind_turbine", "generator:output:electricity": "3 MW", "generator:source": "wind", "generator:type": "horizontal_axis", "manufacturer": "Vestas", "model": "V90-3.0"}, "geometry": {"type": "Point", "coordinates": [-121.771868, 38.0937961]}}, {"type": "Feature", "id": "node/1074595034", "properties": {"power": "generator", "voltage": null, "name": null, "generator:method": "wind_turbine", "generator:output:electricity": "2 MW", "generator:source": "wind", "manufacturer": "Senvion", "manufacturer:type": "MM92"}, "geometry": {"type": "Point", "coordinates": [-121.783294, 38.1601429]}}, {"type": "Feature", "id": "node/1074595036", "properties": {"power": "generator", "voltage": null, "name": null, "generator:method": "wind_turbine", "generator:output:electricity": "3 MW", "generator:source": "wind", "generator:type": "horizontal_axis", "manufacturer": "Vestas", "model": "V90-3.0"}, "geometry": {"type": "Point", "coordinates": [-121.7607379, 38.1103335]}}, {"type": "Feature", "id": "node/1908029279", "properties": {"power": "generator", "voltage": null, "name": null, "generator:method": "wind_turbine", "generator:output:electricity": "2 MW", "generator:source": "wind", "manufacturer": "Senvion", "manufacturer:type": "MM92"}, "geometry": {"type": "Point", "coordinates": [-121.8381974, 38.1708065]}}, {"type": "Feature", "id": "node/1921417460", "properties": {"power": "generator", "voltage": null, "name": null, "generator:method": "wind_turbine", "generator:output:electricity": "3 MW", "generator:source": "wind", "generator:type": "horizontal_axis", "manufacturer": "Vestas", "model": "V90-3.0"}, "geometry": {"type": "Point", "coordinates": [-121.7848906, 38.1058794]}}, {"type": "Feature", "id": "node/1921417461", "properties": {"power": "generator", "voltage": null, "name": null, "generator:method": "wind_turbine", "generator:output:electricity": "3 MW", "generator:source": "wind", "generator:type": "horizontal_axis", "manufacturer": "Vestas", "model": "V90-3.0"}, "geometry": {"type": "Point", "coordinates": [-121.785091, 38.10751]}}, {"type": "Feature", "id": "node/1921417462", "properties": {"power": "generator", "voltage": null, "name": null, "generator:method": "wind_turbine", "generator:output:electricity": "3 MW", "generator:source": "wind", "generator:type": "horizontal_axis", "manufacturer": "Vestas", "model": "V90-3.0"}, "geometry": {"type": "Point", "coordinates": [-121.784973, 38.1091269]}}, {"type": "Feature", "id": "node/1921417463", "properties": {"power": "generator", "voltage": null, "name": null, "generator:method": "wind_turbine", "generator:output:electricity": "3 MW", "generator:source": "wind", "generator:type": "horizontal_axis", "manufacturer": "Vestas", "model": "V90-3.0"}, "geometry": {"type": "Point", "coordinates": [-121.771975, 38.1101522]}}, {"type": "Feature", "id": "node/1921417464", "properties": {"power": "generator", "voltage": null, "name": null, "generator:method": "wind_turbine", "generator:output:electricity": "3 MW", "generator:source": "wind", "generator:type": "horizontal_axis", "manufacturer": "Vestas", "model": "V90-3.0"}, "geometry": {"type": "Point", "coordinates": [-121.771975, 38.1120826]}}, {"type": "Feature", "id": "node/1921417465", "properties": {"power": "generator", "voltage": null, "name": null, "generator:method": "wind_turbine", "generator:output:electricity": "3 MW", "generator:source": "wind", "generator:type": "horizontal_axis", "manufacturer": "Vestas", "model": "V90-3.0"}, "geometry": {"type": "Point", "coordinates": [-121.773025, 38.1141957]}}, {"type": "Feature", "id": "node/1921417466", "properties": {"power": "generator", "voltage": null, "name": null, "generator:method": "wind_turbine", "generator:output:electricity": "2.3 MW", "generator:source": "wind", "generator:type": "horizontal_axis", "manufacturer": "Siemens", "model": "SWT-2.3-108", "operator": "NextEra Energy", "operator:wikidata": "Q967868"}, "geometry": {"type": "Point", "coordinates": [-121.8016627, 38.1508868]}}, {"type": "Feature", "id": "node/1921417467", "properties": {"power": "generator", "voltage": null, "name": null, "generator:method": "wind_turbine", "generator:output:electricity": "2.3 MW", "generator:source": "wind", "generator:type": "horizontal_axis", "manufacturer": "Siemens", "model": "SWT-2.3-108", "operator": "NextEra Energy", "operator:wikidata": "Q967868"}, "geometry": {"type": "Point", "coordinates": [-121.7929195, 38.1521656]}}, {"type": "Feature", "id": "node/1921417468", "properties": {"power": "generator", "voltage": null, "name": null, "generator:method": "wind_turbine", "generator:output:electricity": "2.3 MW", "generator:source": "wind", "generator:type": "horizontal_axis", "manufacturer": "Siemens", "model": "SWT-2.3-108", "operator": "NextEra Energy", "operator:wikidata": "Q967868"}, "geometry": {"type": "Point", "coordinates": [-121.8019068, 38.1537384]}}, {"type": "Feature", "id": "node/1921417469", "properties": {"power": "generator", "voltage": null, "name": null, "generator:method": "wind_turbine", "generator:output:electricity": "2.3 MW", "generator:source": "wind", "generator:type": "horizontal_axis", "manufacturer": "Siemens", "model": "SWT-2.3-108", "operator": "NextEra Energy", "operator:wikidata": "Q967868"}, "geometry": {"type": "Point", "coordinates": [-121.797296, 38.156159]}}, {"type": "Feature", "id": "node/1921417470", "properties": {"power": "generator", "voltage": null, "name": null, "generator:method": "wind_turbine", "generator:output:electricity": "2.3 MW", "generator:source": "wind", "generator:type": "horizontal_axis", "manufacturer": "Siemens", "model": "SWT-2.3-108", "operator": "NextEra Energy", "operator:wikidata": "Q967868"}, "geometry": {"type": "Point", "coordinates": [-121.793054, 38.1564696]}}, {"type": "Feature", "id": "node/1921417471", "properties": {"power": "generator", "voltage": null, "name": null, "generator:method": "wind_turbine", "generator:output:electricity": "2.3 MW", "generator:source": "wind", "generator:type": "horizontal_axis", "manufacturer": "Siemens", "model": "SWT-2.3-108", "operator": "NextEra Energy", "operator:wikidata": "Q967868"}, "geometry": {"type": "Point", "coordinates": [-121.799659, 38.1579247]}}, {"type": "Feature", "id": "node/1921417472", "properties": {"power": "generator", "voltage": null, "name": null, "generator:method": "wind_turbine", "generator:output:electricity": "2.3 MW", "generator:source": "wind", "generator:type": "horizontal_axis", "manufacturer": "Siemens", "model": "SWT-2.3-108", "operator": "NextEra Energy", "operator:wikidata": "Q967868"}, "geometry": {"type": "Point", "coordinates": [-121.792819, 38.159625]}}, {"type": "Feature", "id": "node/1921417473", "properties": {"power": "generator", "voltage": null, "name": null, "generator:method": "wind_turbine", "generator:output:electricity": "2.3 MW", "generator:source": "wind", "generator:type": "horizontal_axis", "manufacturer": "Siemens", "model": "SWT-2.3-108", "operator": "NextEra Energy", "operator:wikidata": "Q967868"}, "geometry": {"type": "Point", "coordinates": [-121.797261, 38.1618811]}}, {"type": "Feature", "id": "node/1921417474", "properties": {"power": "generator", "voltage": null, "name": null, "generator:method": "wind_turbine", "generator:output:electricity": "2.3 MW", "generator:source": "wind", "generator:type": "horizontal_axis", "manufacturer": "Siemens", "model": "SWT-2.3-108", "operator": "NextEra Energy", "operator:wikidata": "Q967868"}, "geometry": {"type": "Point", "coordinates": [-121.79277, 38.1626167]}}, {"type": "Feature", "id": "node/1921417475", "properties": {"power": "generator", "voltage": null, "name": null, "generator:method": "wind_turbine", "generator:output:electricity": "2.3 MW", "generator:source": "wind", "generator:type": "horizontal_axis", "manufacturer": "Siemens", "model": "SWT-2.3-108", "operator": "NextEra Energy", "operator:wikidata": "Q967868"}, "geometry": {"type": "Point", "coordinates": [-121.801281, 38.1626658]}}, {"type": "Feature", "id": "node/1921417476", "properties": {"power": "generator", "voltage": null, "name": null, "generator:method": "wind_turbine", "generator:output:electricity": "2.3 MW", "generator:source": "wind", "generator:type": "horizontal_axis", "manufacturer": "Siemens", "model": "SWT-2.3-108", "operator": "NextEra Energy", "operator:wikidata": "Q967868"}, "geometry": {"type": "Point", "coordinates": [-121.797282, 38.1654994]}}, {"type": "Feature", "id": "node/1921417477", "properties": {"power": "generator", "voltage": null, "name": null, "generator:method": "wind_turbine", "generator:output:electricity": "2.3 MW", "generator:source": "wind", "generator:type": "horizontal_axis", "manufacturer": "Siemens", "model": "SWT-2.3-108", "operator": "NextEra Energy", "operator:wikidata": "Q967868"}, "geometry": {"type": "Point", "coordinates": [-121.800657, 38.1663113]}}, {"type": "Feature", "id": "node/1921417478", "properties": {"power": "generator", "voltage": null, "name": null, "generator:method": "wind_turbine", "generator:output:electricity": "2.3 MW", "generator:source": "wind", "generator:type": "horizontal_axis", "manufacturer": "Siemens", "model": "SWT-2.3-108", "operator": "NextEra Energy", "operator:wikidata": "Q967868"}, "geometry": {"type": "Point", "coordinates": [-121.792722, 38.1671123]}}, {"type": "Feature", "id": "node/1921417479", "properties": {"power": "generator", "voltage": null, "name": null, "generator:method": "wind_turbine", "generator:output:electricity": "2.3 MW", "generator:source": "wind", "generator:type": "horizontal_axis", "manufacturer": "Siemens", "model": "SWT-2.3-108", "operator": "NextEra Energy", "operator:wikidata": "Q967868"}, "geometry": {"type": "Point", "coordinates": [-121.798668, 38.1696679]}}, {"type": "Feature", "id": "node/1921417480", "properties": {"power": "generator", "voltage": null, "name": null, "generator:method": "wind_turbine", "generator:output:electricity": "2.3 MW", "generator:source": "wind", "generator:type": "horizontal_axis", "manufacturer": "Siemens", "model": "SWT-2.3-108", "operator": "NextEra Energy", "operator:wikidata": "Q967868"}, "geometry": {"type": "Point", "coordinates": [-121.792756, 38.172256]}}, {"type": "Feature", "id": "node/1921417481", "properties": {"power": "generator", "voltage": null, "name": null, "generator:method": "wind_turbine", "generator:output:electricity": "2.3 MW", "generator:source": "wind", "generator:type": "horizontal_axis", "manufacturer": "Siemens", "model": "SWT-2.3-108", "operator": "NextEra Energy", "operator:wikidata": "Q967868"}, "geometry": {"type": "Point", "coordinates": [-121.799195, 38.1723814]}}, {"type": "Feature", "id": "node/3649895444", "properties": {"power": "generator", "voltage": null, "name": null, "generator:method": "wind_turbine", "generator:output:electricity": "1.8 MW", "generator:source": "wind", "generator:type": "horizontal_axis", "manufacturer": "Vestas", "model": "V90-1.8", "start_date": "2012-04"}, "geometry": {"type": "Point", "coordinates": [-121.7966026, 38.0785663]}}, {"type": "Feature", "id": "node/3649895446", "properties": {"power": "generator", "voltage": null, "name": null, "generator:method": "wind_turbine", "generator:output:electricity": "1.8 MW", "generator:source": "wind", "generator:type": "horizontal_axis", "manufacturer": "Vestas", "model": "V90-1.8", "start_date": "2012-04"}, "geometry": {"type": "Point", "coordinates": [-121.7778216, 38.0786178]}}, {"type": "Feature", "id": "node/3649895449", "properties": {"power": "generator", "voltage": null, "name": null, "generator:method": "wind_turbine", "generator:output:electricity": "1.8 MW", "generator:source": "wind", "generator:type": "horizontal_axis", "manufacturer": "Vestas", "model": "V90-1.8", "start_date": "2012-04"}, "geometry": {"type": "Point", "coordinates": [-121.7865036, 38.0789225]}}, {"type": "Feature", "id": "node/3649895464", "properties": {"power": "generator", "voltage": null, "name": null, "generator:method": "wind_turbine", "generator:output:electricity": "1.8 MW", "generator:source": "wind", "generator:type": "horizontal_axis", "manufacturer": "Vestas", "model": "V90-1.8", "start_date": "2012-04"}, "geometry": {"type": "Point", "coordinates": [-121.7878791, 38.0801382]}}, {"type": "Feature", "id": "node/3649895467", "properties": {"power": "generator", "voltage": null, "name": null, "generator:method": "wind_turbine", "generator:output:electricity": "1.8 MW", "generator:source": "wind", "generator:type": "horizontal_axis", "manufacturer": "Vestas", "model": "V90-1.8", "start_date": "2012-04"}, "geometry": {"type": "Point", "coordinates": [-121.7775644, 38.0802759]}}, {"type": "Feature", "id": "node/3649895473", "properties": {"power": "generator", "voltage": null, "name": null, "generator:method": "wind_turbine", "generator:output:electricity": "1.8 MW", "generator:source": "wind", "generator:type": "horizontal_axis", "manufacturer": "Vestas", "model": "V90-1.8", "start_date": "2012-04"}, "geometry": {"type": "Point", "coordinates": [-121.80153, 38.0812087]}}, {"type": "Feature", "id": "node/3649895475", "properties": {"power": "generator", "voltage": null, "name": null, "generator:method": "wind_turbine", "generator:output:electricity": "1.8 MW", "generator:source": "wind", "generator:type": "horizontal_axis", "manufacturer": "Vestas", "model": "V90-1.8", "start_date": "2012-04"}, "geometry": {"type": "Point", "coordinates": [-121.7890195, 38.0815133]}}, {"type": "Feature", "id": "node/3649895477", "properties": {"power": "generator", "voltage": null, "name": null, "generator:method": "wind_turbine", "generator:output:electricity": "1.8 MW", "generator:source": "wind", "generator:type": "horizontal_axis", "manufacturer": "Vestas", "model": "V90-1.8", "start_date": "2012-04"}, "geometry": {"type": "Point", "coordinates": [-121.7684546, 38.0817012]}}, {"type": "Feature", "id": "node/3649895482", "properties": {"power": "generator", "voltage": null, "name": null, "generator:method": "wind_turbine", "generator:output:electricity": "1.8 MW", "generator:source": "wind", "generator:type": "horizontal_axis", "manufacturer": "Vestas", "model": "V90-1.8", "start_date": "2012-04"}, "geometry": {"type": "Point", "coordinates": [-121.7771298, 38.0819155]}}, {"type": "Feature", "id": "node/3649895487", "properties": {"power": "generator", "voltage": null, "name": null, "generator:method": "wind_turbine", "generator:output:electricity": "1.8 MW", "generator:source": "wind", "generator:type": "horizontal_axis", "manufacturer": "Vestas", "model": "V90-1.8", "start_date": "2012-04"}, "geometry": {"type": "Point", "coordinates": [-121.814884, 38.0821913]}}, {"type": "Feature", "id": "node/3649895502", "properties": {"power": "generator", "voltage": null, "name": null, "generator:method": "wind_turbine", "generator:output:electricity": "1.8 MW", "generator:source": "wind", "generator:type": "horizontal_axis", "manufacturer": "Vestas", "model": "V90-1.8", "start_date": "2012-04"}, "geometry": {"type": "Point", "coordinates": [-121.8010926, 38.0828481]}}, {"type": "Feature", "id": "node/3649895504", "properties": {"power": "generator", "voltage": null, "name": null, "generator:method": "wind_turbine", "generator:output:electricity": "1.8 MW", "generator:source": "wind", "generator:type": "horizontal_axis", "manufacturer": "Vestas", "model": "V90-1.8", "start_date": "2012-04"}, "geometry": {"type": "Point", "coordinates": [-121.7898096, 38.0830254]}}, {"type": "Feature", "id": "node/3649895510", "properties": {"power": "generator", "voltage": null, "name": null, "generator:method": "wind_turbine", "generator:output:electricity": "1.8 MW", "generator:source": "wind", "generator:type": "horizontal_axis", "manufacturer": "Vestas", "model": "V90-1.8", "start_date": "2012-04"}, "geometry": {"type": "Point", "coordinates": [-121.7661441, 38.0833727]}}, {"type": "Feature", "id": "node/3649895517", "properties": {"power": "generator", "voltage": null, "name": null, "generator:method": "wind_turbine", "generator:output:electricity": "1.8 MW", "generator:source": "wind", "generator:type": "horizontal_axis", "manufacturer": "Vestas", "model": "V90-1.8", "start_date": "2012-04"}, "geometry": {"type": "Point", "coordinates": [-121.7772476, 38.0835282]}}, {"type": "Feature", "id": "node/3649895538", "properties": {"power": "generator", "voltage": null, "name": null, "generator:method": "wind_turbine", "generator:output:electricity": "1.8 MW", "generator:source": "wind", "generator:type": "horizontal_axis", "manufacturer": "Vestas", "model": "V90-1.8", "start_date": "2012-04"}, "geometry": {"type": "Point", "coordinates": [-121.8164155, 38.08431]}}, {"type": "Feature", "id": "node/3649895543", "properties": {"power": "generator", "voltage": null, "name": null, "generator:method": "wind_turbine", "generator:output:electricity": "1.8 MW", "generator:source": "wind", "generator:type": "horizontal_axis", "manufacturer": "Vestas", "model": "V90-1.8", "start_date": "2012-04"}, "geometry": {"type": "Point", "coordinates": [-121.8009056, 38.0844815]}}, {"type": "Feature", "id": "node/3649895546", "properties": {"power": "generator", "voltage": null, "name": null, "generator:method": "wind_turbine", "generator:output:electricity": "1.8 MW", "generator:source": "wind", "generator:type": "horizontal_axis", "manufacturer": "Vestas", "model": "V90-1.8", "start_date": "2012-04"}, "geometry": {"type": "Point", "coordinates": [-121.7899664, 38.0846446]}}, {"type": "Feature", "id": "node/3649895565", "properties": {"power": "generator", "voltage": null, "name": null, "generator:method": "wind_turbine", "generator:output:electricity": "1.8 MW", "generator:source": "wind", "generator:type": "horizontal_axis", "manufacturer": "Vestas", "model": "V90-1.8", "start_date": "2012-04"}, "geometry": {"type": "Point", "coordinates": [-121.7768533, 38.0853933]}}, {"type": "Feature", "id": "node/3649895576", "properties": {"power": "generator", "voltage": null, "name": null, "generator:method": "wind_turbine", "generator:output:electricity": "1.8 MW", "generator:source": "wind", "generator:type": "horizontal_axis", "manufacturer": "Vestas", "model": "V90-1.8", "start_date": "2012-04"}, "geometry": {"type": "Point", "coordinates": [-121.8163216, 38.0859015]}}, {"type": "Feature", "id": "node/3649895581", "properties": {"power": "generator", "voltage": null, "name": null, "generator:method": "wind_turbine", "generator:output:electricity": "1.8 MW", "generator:source": "wind", "generator:type": "horizontal_axis", "manufacturer": "Vestas", "model": "V90-1.8", "start_date": "2012-04"}, "geometry": {"type": "Point", "coordinates": [-121.7667353, 38.086141]}}, {"type": "Feature", "id": "node/3649895605", "properties": {"power": "generator", "voltage": null, "name": null, "generator:method": "wind_turbine", "generator:output:electricity": "1.8 MW", "generator:source": "wind", "generator:type": "horizontal_axis", "manufacturer": "Vestas", "model": "V90-1.8", "start_date": "2012-04"}, "geometry": {"type": "Point", "coordinates": [-121.8040185, 38.0866516]}}, {"type": "Feature", "id": "node/3649895606", "properties": {"power": "generator", "voltage": null, "name": null, "generator:method": "wind_turbine", "generator:output:electricity": "1.8 MW", "generator:source": "wind", "generator:type": "horizontal_axis", "manufacturer": "Vestas", "model": "V90-1.8", "start_date": "2012-04"}, "geometry": {"type": "Point", "coordinates": [-121.7940226, 38.0866573]}}, {"type": "Feature", "id": "node/3649895630", "properties": {"power": "generator", "voltage": null, "name": null, "generator:method": "wind_turbine", "generator:output:electricity": "1.8 MW", "generator:source": "wind", "generator:type": "horizontal_axis", "manufacturer": "Vestas", "model": "V90-1.8", "start_date": "2012-04"}, "geometry": {"type": "Point", "coordinates": [-121.7770123, 38.0871006]}}, {"type": "Feature", "id": "node/3649895633", "properties": {"power": "generator", "voltage": null, "name": null, "generator:method": "wind_turbine", "generator:output:electricity": "1.8 MW", "generator:source": "wind", "generator:type": "horizontal_axis", "manufacturer": "Vestas", "model": "V90-1.8", "start_date": "2012-04"}, "geometry": {"type": "Point", "coordinates": [-121.7858157, 38.0871738]}}, {"type": "Feature", "id": "node/3649895654", "properties": {"power": "generator", "voltage": null, "name": null, "generator:method": "wind_turbine", "generator:output:electricity": "1.8 MW", "generator:source": "wind", "generator:type": "horizontal_axis", "manufacturer": "Vestas", "model": "V90-1.8", "start_date": "2012-04"}, "geometry": {"type": "Point", "coordinates": [-121.8201193, 38.0876675]}}, {"type": "Feature", "id": "node/3649895676", "properties": {"power": "generator", "voltage": null, "name": null, "generator:method": "wind_turbine", "generator:output:electricity": "1.8 MW", "generator:source": "wind", "generator:type": "horizontal_axis", "manufacturer": "Vestas", "model": "V90-1.8", "start_date": "2012-04"}, "geometry": {"type": "Point", "coordinates": [-121.7971904, 38.0881419]}}, {"type": "Feature", "id": "node/3649895701", "properties": {"power": "generator", "voltage": null, "name": null, "generator:method": "wind_turbine", "generator:output:electricity": "1.8 MW", "generator:source": "wind", "generator:type": "horizontal_axis", "manufacturer": "Vestas", "model": "V90-1.8", "start_date": "2012-04"}, "geometry": {"type": "Point", "coordinates": [-121.7533248, 38.0885057]}}, {"type": "Feature", "id": "node/3649895729", "properties": {"power": "generator", "voltage": null, "name": null, "generator:method": "wind_turbine", "generator:output:electricity": "1.8 MW", "generator:source": "wind", "generator:type": "horizontal_axis", "manufacturer": "Vestas", "model": "V90-1.8", "start_date": "2012-04"}, "geometry": {"type": "Point", "coordinates": [-121.8204631, 38.0892345]}}, {"type": "Feature", "id": "node/3649895731", "properties": {"power": "generator", "voltage": null, "name": null, "generator:method": "wind_turbine", "generator:output:electricity": "1.8 MW", "generator:source": "wind", "generator:type": "horizontal_axis", "manufacturer": "Vestas", "model": "V90-1.8", "start_date": "2012-04"}, "geometry": {"type": "Point", "coordinates": [-121.7839646, 38.0892655]}}, {"type": "Feature", "id": "node/3649895747", "properties": {"power": "generator", "voltage": null, "name": null, "generator:method": "wind_turbine", "generator:output:electricity": "1.8 MW", "generator:source": "wind", "generator:type": "horizontal_axis", "manufacturer": "Vestas", "model": "V90-1.8", "start_date": "2012-04"}, "geometry": {"type": "Point", "coordinates": [-121.7907105, 38.0897531]}}, {"type": "Feature", "id": "node/3649895748", "properties": {"power": "generator", "voltage": null, "name": null, "generator:method": "wind_turbine", "generator:output:electricity": "1.8 MW", "generator:source": "wind", "generator:type": "horizontal_axis", "manufacturer": "Vestas", "model": "V90-1.8", "start_date": "2012-04"}, "geometry": {"type": "Point", "coordinates": [-121.7970818, 38.0897753]}}, {"type": "Feature", "id": "node/3649895803", "properties": {"power": "generator", "voltage": null, "name": null, "generator:method": "wind_turbine", "generator:output:electricity": "1.8 MW", "generator:source": "wind", "generator:type": "horizontal_axis", "manufacturer": "Vestas", "model": "V90-1.8", "start_date": "2012-04"}, "geometry": {"type": "Point", "coordinates": [-121.8210001, 38.0908868]}}, {"type": "Feature", "id": "node/3649895823", "properties": {"power": "generator", "voltage": null, "name": null, "generator:method": "wind_turbine", "generator:output:electricity": "1.8 MW", "generator:source": "wind", "generator:type": "horizontal_axis", "manufacturer": "Vestas", "model": "V90-1.8", "start_date": "2012-04"}, "geometry": {"type": "Point", "coordinates": [-121.7972567, 38.0913754]}}, {"type": "Feature", "id": "node/3649895833", "properties": {"power": "generator", "voltage": null, "name": null, "generator:method": "wind_turbine", "generator:output:electricity": "1.8 MW", "generator:source": "wind", "generator:type": "horizontal_axis", "manufacturer": "Vestas", "model": "V90-1.8", "start_date": "2012-04"}, "geometry": {"type": "Point", "coordinates": [-121.8070252, 38.0918405]}}, {"type": "Feature", "id": "node/3649895839", "properties": {"power": "generator", "voltage": null, "name": null, "generator:method": "wind_turbine", "generator:output:electricity": "1.8 MW", "generator:source": "wind", "generator:type": "horizontal_axis", "manufacturer": "Vestas", "model": "V90-1.8", "start_date": "2012-04"}, "geometry": {"type": "Point", "coordinates": [-121.7906985, 38.0921889]}}, {"type": "Feature", "id": "node/3649895846", "properties": {"power": "generator", "voltage": null, "name": null, "generator:method": "wind_turbine", "generator:output:electricity": "1.8 MW", "generator:source": "wind", "generator:type": "horizontal_axis", "manufacturer": "Vestas", "model": "V90-1.8", "start_date": "2012-04"}, "geometry": {"type": "Point", "coordinates": [-121.821142, 38.0925124]}}, {"type": "Feature", "id": "node/3649895865", "properties": {"power": "generator", "voltage": null, "name": null, "generator:method": "wind_turbine", "generator:output:electricity": "1.8 MW", "generator:source": "wind", "generator:type": "horizontal_axis", "manufacturer": "Vestas", "model": "V90-1.8", "start_date": "2012-04"}, "geometry": {"type": "Point", "coordinates": [-121.8090703, 38.0932031]}}, {"type": "Feature", "id": "node/3649895883", "properties": {"power": "generator", "voltage": null, "name": null, "generator:method": "wind_turbine", "generator:output:electricity": "1.8 MW", "generator:source": "wind", "generator:type": "horizontal_axis", "manufacturer": "Vestas", "model": "V90-1.8", "start_date": "2012-04"}, "geometry": {"type": "Point", "coordinates": [-121.7959959, 38.0936021]}}, {"type": "Feature", "id": "node/3649895890", "properties": {"power": "generator", "voltage": null, "name": null, "generator:method": "wind_turbine", "generator:output:electricity": "1.8 MW", "generator:source": "wind", "generator:type": "horizontal_axis", "manufacturer": "Vestas", "model": "V90-1.8", "start_date": "2012-04"}, "geometry": {"type": "Point", "coordinates": [-121.7430325, 38.0938816]}}, {"type": "Feature", "id": "node/3649895936", "properties": {"power": "generator", "voltage": null, "name": null, "generator:method": "wind_turbine", "generator:output:electricity": "1.8 MW", "generator:source": "wind", "generator:type": "horizontal_axis", "manufacturer": "Vestas", "model": "V90-1.8", "start_date": "2012-04"}, "geometry": {"type": "Point", "coordinates": [-121.744034, 38.0953772]}}, {"type": "Feature", "id": "node/3649895962", "properties": {"power": "generator", "voltage": null, "name": null, "generator:method": "wind_turbine", "generator:output:electricity": "1.8 MW", "generator:source": "wind", "generator:type": "horizontal_axis", "manufacturer": "Vestas", "model": "V90-1.8", "start_date": "2012-04"}, "geometry": {"type": "Point", "coordinates": [-121.7450475, 38.096906]}}, {"type": "Feature", "id": "node/3649895985", "properties": {"power": "generator", "voltage": null, "name": null, "generator:method": "wind_turbine", "generator:output:electricity": "1.8 MW", "generator:source": "wind", "generator:type": "horizontal_axis", "manufacturer": "Vestas", "model": "V90-1.8", "start_date": "2012-04"}, "geometry": {"type": "Point", "coordinates": [-121.7388017, 38.0994111]}}, {"type": "Feature", "id": "node/3649895993", "properties": {"power": "generator", "voltage": null, "name": null, "generator:method": "wind_turbine", "generator:output:electricity": "1.8 MW", "generator:source": "wind", "generator:type": "horizontal_axis", "manufacturer": "Vestas", "model": "V90-1.8", "start_date": "2012-04"}, "geometry": {"type": "Point", "coordinates": [-121.7540364, 38.0996833]}}, {"type": "Feature", "id": "node/3649896004", "properties": {"power": "generator", "voltage": null, "name": null, "generator:method": "wind_turbine", "generator:output:electricity": "2.3 MW", "generator:source": "wind", "generator:type": "horizontal_axis", "manufacturer": "Siemens", "model": "SWT-2.3-93", "operator": "NextEra Energy", "operator:wikidata": "Q967868"}, "geometry": {"type": "Point", "coordinates": [-121.8399254, 38.100415]}}, {"type": "Feature", "id": "node/3649896006", "properties": {"power": "generator", "voltage": null, "name": null, "generator:method": "wind_turbine", "generator:output:electricity": "2.3 MW", "generator:source": "wind", "generator:type": "horizontal_axis", "manufacturer": "Siemens", "model": "SWT-2.3-93", "operator": "NextEra Energy", "operator:wikidata": "Q967868"}, "geometry": {"type": "Point", "coordinates": [-121.8492675, 38.1004836]}}, {"type": "Feature", "id": "node/3649896023", "properties": {"power": "generator", "voltage": null, "name": null, "generator:method": "wind_turbine", "generator:output:electricity": "1.8 MW", "generator:source": "wind", "generator:type": "horizontal_axis", "manufacturer": "Vestas", "model": "V90-1.8", "start_date": "2012-04"}, "geometry": {"type": "Point", "coordinates": [-121.7491257, 38.1017104]}}, {"type": "Feature", "id": "node/3649896136", "properties": {"power": "generator", "voltage": null, "name": null, "generator:method": "wind_turbine", "generator:output:electricity": "2.3 MW", "generator:source": "wind", "generator:type": "horizontal_axis", "manufacturer": "Siemens", "model": "SWT-2.3-93", "operator": "NextEra Energy", "operator:wikidata": "Q967868"}, "geometry": {"type": "Point", "coordinates": [-121.8413075, 38.1026138]}}, {"type": "Feature", "id": "node/3649896137", "properties": {"power": "generator", "voltage": null, "name": null, "generator:method": "wind_turbine", "generator:output:electricity": "1.8 MW", "generator:source": "wind", "generator:type": "horizontal_axis", "manufacturer": "Vestas", "model": "V90-1.8", "start_date": "2012-04"}, "geometry": {"type": "Point", "coordinates": [-121.7528359, 38.1030017]}}, {"type": "Feature", "id": "node/3649896141", "properties": {"power": "generator", "voltage": null, "name": null, "generator:method": "wind_turbine", "generator:output:electricity": "2.3 MW", "generator:source": "wind", "generator:type": "horizontal_axis", "manufacturer": "Siemens", "model": "SWT-2.3-93", "operator": "NextEra Energy", "operator:wikidata": "Q967868"}, "geometry": {"type": "Point", "coordinates": [-121.8501889, 38.10378]}}, {"type": "Feature", "id": "node/3649896147", "properties": {"power": "generator", "voltage": null, "name": null, "generator:method": "wind_turbine", "generator:output:electricity": "1.8 MW", "generator:source": "wind", "generator:type": "horizontal_axis", "manufacturer": "Vestas", "model": "V90-1.8", "start_date": "2012-04"}, "geometry": {"type": "Point", "coordinates": [-121.7554965, 38.1051739]}}, {"type": "Feature", "id": "node/3649896150", "properties": {"power": "generator", "voltage": null, "name": null, "generator:method": "wind_turbine", "generator:output:electricity": "1.8 MW", "generator:source": "wind", "generator:type": "horizontal_axis", "manufacturer": "Vestas", "model": "V90-1.8", "start_date": "2012-04"}, "geometry": {"type": "Point", "coordinates": [-121.7478408, 38.1054919]}}, {"type": "Feature", "id": "node/3649896164", "properties": {"power": "generator", "voltage": null, "name": null, "generator:method": "wind_turbine", "generator:output:electricity": "2.3 MW", "generator:source": "wind", "generator:type": "horizontal_axis", "manufacturer": "Siemens", "model": "SWT-2.3-93", "operator": "NextEra Energy", "operator:wikidata": "Q967868"}, "geometry": {"type": "Point", "coordinates": [-121.8419557, 38.1061816]}}, {"type": "Feature", "id": "node/3649896167", "properties": {"power": "generator", "voltage": null, "name": null, "generator:method": "wind_turbine", "generator:output:electricity": "2.3 MW", "generator:source": "wind", "generator:type": "horizontal_axis", "manufacturer": "Siemens", "model": "SWT-2.3-93", "operator": "NextEra Energy", "operator:wikidata": "Q967868"}, "geometry": {"type": "Point", "coordinates": [-121.8465159, 38.1063863]}}, {"type": "Feature", "id": "node/3649896169", "properties": {"power": "generator", "voltage": null, "name": null, "generator:method": "wind_turbine", "generator:output:electricity": "2.3 MW", "generator:source": "wind", "generator:type": "horizontal_axis", "manufacturer": "Siemens", "model": "SWT-2.3-93", "operator": "NextEra Energy", "operator:wikidata": "Q967868"}, "geometry": {"type": "Point", "coordinates": [-121.8368309, 38.1065425]}}, {"type": "Feature", "id": "node/3649896178", "properties": {"power": "generator", "voltage": null, "name": null, "generator:method": "wind_turbine", "generator:output:electricity": "1.8 MW", "generator:source": "wind", "generator:type": "horizontal_axis", "manufacturer": "Vestas", "model": "V90-1.8", "start_date": "2012-04"}, "geometry": {"type": "Point", "coordinates": [-121.7545211, 38.1075304]}}, {"type": "Feature", "id": "node/3649896185", "properties": {"power": "generator", "voltage": null, "name": null, "generator:method": "wind_turbine", "generator:output:electricity": "2 MW", "generator:source": "wind", "generator:type": "horizontal_axis", "manufacturer": "Senvion", "manufacturer:type": "MM92"}, "geometry": {"type": "Point", "coordinates": [-121.8451994, 38.1086869]}}, {"type": "Feature", "id": "node/3649896193", "properties": {"power": "generator", "voltage": null, "name": null, "generator:method": "wind_turbine", "generator:output:electricity": "1.8 MW", "generator:source": "wind", "generator:type": "horizontal_axis", "manufacturer": "Vestas", "model": "V90-1.8", "start_date": "2012-04"}, "geometry": {"type": "Point", "coordinates": [-121.7547786, 38.1091708]}}, {"type": "Feature", "id": "node/3649896236", "properties": {"power": "generator", "voltage": null, "name": null, "generator:method": "wind_turbine", "generator:output:electricity": "2.3 MW", "generator:source": "wind", "generator:type": "horizontal_axis", "manufacturer": "Siemens", "model": "SWT-2.3-93", "operator": "NextEra Energy", "operator:wikidata": "Q967868"}, "geometry": {"type": "Point", "coordinates": [-121.8179631, 38.1164243]}}, {"type": "Feature", "id": "node/3649896242", "properties": {"power": "generator", "voltage": null, "name": null, "generator:method": "wind_turbine", "generator:output:electricity": "2.3 MW", "generator:source": "wind", "generator:type": "horizontal_axis", "manufacturer": "Siemens", "model": "SWT-2.3-93", "operator": "NextEra Energy", "operator:wikidata": "Q967868"}, "geometry": {"type": "Point", "coordinates": [-121.801219, 38.116876]}}, {"type": "Feature", "id": "node/3649896249", "properties": {"power": "generator", "voltage": null, "name": null, "generator:method": "wind_turbine", "generator:output:electricity": "2.3 MW", "generator:source": "wind", "generator:type": "horizontal_axis", "manufacturer": "Siemens", "model": "SWT-2.3-93", "operator": "NextEra Energy", "operator:wikidata": "Q967868"}, "geometry": {"type": "Point", "coordinates": [-121.8040062, 38.1177303]}}, {"type": "Feature", "id": "node/3649896250", "properties": {"power": "generator", "voltage": null, "name": null, "generator:method": "wind_turbine", "generator:output:electricity": "2 MW", "generator:source": "wind", "generator:type": "horizontal_axis", "manufacturer": "Senvion", "manufacturer:type": "MM92"}, "geometry": {"type": "Point", "coordinates": [-121.8331712, 38.117776]}}, {"type": "Feature", "id": "node/3649896263", "properties": {"power": "generator", "voltage": null, "name": null, "generator:method": "wind_turbine", "generator:output:electricity": "2.3 MW", "generator:source": "wind", "generator:type": "horizontal_axis", "manufacturer": "Siemens", "model": "SWT-2.3-93", "operator": "NextEra Energy", "operator:wikidata": "Q967868"}, "geometry": {"type": "Point", "coordinates": [-121.8182466, 38.119087]}}, {"type": "Feature", "id": "node/3649896268", "properties": {"power": "generator", "voltage": null, "name": null, "generator:method": "wind_turbine", "generator:output:electricity": "2.3 MW", "generator:source": "wind", "generator:type": "horizontal_axis", "manufacturer": "Siemens", "model": "SWT-2.3-93", "operator": "NextEra Energy", "operator:wikidata": "Q967868"}, "geometry": {"type": "Point", "coordinates": [-121.8052188, 38.1195718]}}, {"type": "Feature", "id": "node/3649896271", "properties": {"power": "generator", "voltage": null, "name": null, "generator:method": "wind_turbine", "generator:output:electricity": "2.3 MW", "generator:source": "wind", "generator:type": "horizontal_axis", "manufacturer": "Siemens", "model": "SWT-2.3-93", "operator": "NextEra Energy", "operator:wikidata": "Q967868"}, "geometry": {"type": "Point", "coordinates": [-121.8133259, 38.1198426]}}, {"type": "Feature", "id": "node/3649896280", "properties": {"power": "generator", "voltage": null, "name": null, "generator:method": "wind_turbine", "generator:output:electricity": "2 MW", "generator:source": "wind", "generator:type": "horizontal_axis", "manufacturer": "Senvion", "manufacturer:type": "MM92"}, "geometry": {"type": "Point", "coordinates": [-121.8566617, 38.1208794]}}, {"type": "Feature", "id": "node/3649896296", "properties": {"power": "generator", "voltage": null, "name": null, "generator:method": "wind_turbine", "generator:output:electricity": "2 MW", "generator:source": "wind", "generator:type": "horizontal_axis", "manufacturer": "Senvion", "manufacturer:type": "MM92"}, "geometry": {"type": "Point", "coordinates": [-121.8617292, 38.1216482]}}, {"type": "Feature", "id": "node/3649896316", "properties": {"power": "generator", "voltage": null, "name": null, "generator:method": "wind_turbine", "generator:output:electricity": "2 MW", "generator:source": "wind", "generator:type": "horizontal_axis", "manufacturer": "Senvion", "manufacturer:type": "MM92"}, "geometry": {"type": "Point", "coordinates": [-121.8549302, 38.123727]}}, {"type": "Feature", "id": "node/3649896319", "properties": {"power": "generator", "voltage": null, "name": null, "generator:method": "wind_turbine", "generator:output:electricity": "2 MW", "generator:source": "wind", "generator:type": "horizontal_axis", "manufacturer": "Senvion", "manufacturer:type": "MM92"}, "geometry": {"type": "Point", "coordinates": [-121.8649086, 38.1238551]}}, {"type": "Feature", "id": "node/3649896324", "properties": {"power": "generator", "voltage": null, "name": null, "generator:method": "wind_turbine", "generator:output:electricity": "2.3 MW", "generator:source": "wind", "generator:type": "horizontal_axis", "manufacturer": "Siemens", "model": "SWT-2.3-93", "operator": "NextEra Energy", "operator:wikidata": "Q967868"}, "geometry": {"type": "Point", "coordinates": [-121.8222179, 38.1241186]}}, {"type": "Feature", "id": "node/3649896332", "properties": {"power": "generator", "voltage": null, "name": null, "generator:method": "wind_turbine", "generator:output:electricity": "2 MW", "generator:source": "wind", "generator:type": "horizontal_axis", "manufacturer": "Senvion", "manufacturer:type": "MM92"}, "geometry": {"type": "Point", "coordinates": [-121.8583267, 38.1247046]}}, {"type": "Feature", "id": "node/3649896350", "properties": {"power": "generator", "voltage": null, "name": null, "generator:method": "wind_turbine", "generator:output:electricity": "2.3 MW", "generator:source": "wind", "generator:type": "horizontal_axis", "manufacturer": "Siemens", "model": "SWT-2.3-93", "operator": "NextEra Energy", "operator:wikidata": "Q967868"}, "geometry": {"type": "Point", "coordinates": [-121.8127609, 38.1254208]}}, {"type": "Feature", "id": "node/3649896369", "properties": {"power": "generator", "voltage": null, "name": null, "generator:method": "wind_turbine", "generator:output:electricity": "2 MW", "generator:source": "wind", "generator:type": "horizontal_axis", "manufacturer": "Senvion", "manufacturer:type": "MM92"}, "geometry": {"type": "Point", "coordinates": [-121.8636839, 38.126285]}}, {"type": "Feature", "id": "node/3649896386", "properties": {"power": "generator", "voltage": null, "name": null, "generator:method": "wind_turbine", "generator:output:electricity": "2.3 MW", "generator:source": "wind", "generator:type": "horizontal_axis", "manufacturer": "Siemens", "model": "SWT-2.3-93", "operator": "NextEra Energy", "operator:wikidata": "Q967868"}, "geometry": {"type": "Point", "coordinates": [-121.8187113, 38.1267999]}}, {"type": "Feature", "id": "node/3649896408", "properties": {"power": "generator", "voltage": null, "name": null, "generator:method": "wind_turbine", "generator:output:electricity": "2 MW", "generator:source": "wind", "generator:type": "horizontal_axis", "manufacturer": "Senvion", "manufacturer:type": "MM92"}, "geometry": {"type": "Point", "coordinates": [-121.8508038, 38.1272626]}}, {"type": "Feature", "id": "node/3649896433", "properties": {"power": "generator", "voltage": null, "name": null, "generator:method": "wind_turbine", "generator:output:electricity": "2.3 MW", "generator:source": "wind", "generator:type": "horizontal_axis", "manufacturer": "Siemens", "model": "SWT-2.3-93", "operator": "NextEra Energy", "operator:wikidata": "Q967868"}, "geometry": {"type": "Point", "coordinates": [-121.8207846, 38.1279744]}}, {"type": "Feature", "id": "node/3649896441", "properties": {"power": "generator", "voltage": null, "name": null, "generator:method": "wind_turbine", "generator:output:electricity": "2 MW", "generator:source": "wind", "generator:type": "horizontal_axis", "manufacturer": "Senvion", "manufacturer:type": "MM92"}, "geometry": {"type": "Point", "coordinates": [-121.8667184, 38.128188]}}, {"type": "Feature", "id": "node/3649896448", "properties": {"power": "generator", "voltage": null, "name": null, "generator:method": "wind_turbine", "generator:output:electricity": "2 MW", "generator:source": "wind", "generator:type": "horizontal_axis", "manufacturer": "Senvion", "manufacturer:type": "MM92"}, "geometry": {"type": "Point", "coordinates": [-121.8555999, 38.1284537]}}, {"type": "Feature", "id": "node/3649896465", "properties": {"power": "generator", "voltage": null, "name": null, "generator:method": "wind_turbine", "generator:output:electricity": "2.3 MW", "generator:source": "wind", "generator:type": "horizontal_axis", "manufacturer": "Siemens", "model": "SWT-2.3-93", "operator": "NextEra Energy", "operator:wikidata": "Q967868"}, "geometry": {"type": "Point", "coordinates": [-121.8236, 38.1291052]}}, {"type": "Feature", "id": "node/3649896475", "properties": {"power": "generator", "voltage": null, "name": null, "generator:method": "wind_turbine", "generator:output:electricity": "2.3 MW", "generator:source": "wind", "generator:type": "horizontal_axis", "manufacturer": "Siemens", "model": "SWT-2.3-93", "operator": "NextEra Energy", "operator:wikidata": "Q967868"}, "geometry": {"type": "Point", "coordinates": [-121.8155437, 38.1295609]}}, {"type": "Feature", "id": "node/3649896478", "properties": {"power": "generator", "voltage": null, "name": null, "generator:method": "wind_turbine", "generator:output:electricity": "2 MW", "generator:source": "wind", "generator:type": "horizontal_axis", "manufacturer": "Senvion", "manufacturer:type": "MM92"}, "geometry": {"type": "Point", "coordinates": [-121.8603055, 38.1298347]}}, {"type": "Feature", "id": "node/3649896487", "properties": {"power": "generator", "voltage": null, "name": null, "generator:method": "wind_turbine", "generator:output:electricity": "2.3 MW", "generator:source": "wind", "generator:type": "horizontal_axis", "manufacturer": "Siemens", "model": "SWT-2.3-93", "operator": "NextEra Energy", "operator:wikidata": "Q967868"}, "geometry": {"type": "Point", "coordinates": [-121.8253364, 38.130259]}}, {"type": "Feature", "id": "node/3649896515", "properties": {"power": "generator", "voltage": null, "name": null, "generator:method": "wind_turbine", "generator:output:electricity": "2.3 MW", "generator:source": "wind", "generator:type": "horizontal_axis", "manufacturer": "Siemens", "model": "SWT-2.3-93", "operator": "NextEra Energy", "operator:wikidata": "Q967868"}, "geometry": {"type": "Point", "coordinates": [-121.8179204, 38.1317654]}}, {"type": "Feature", "id": "node/3649896547", "properties": {"power": "generator", "voltage": null, "name": null, "generator:method": "wind_turbine", "generator:output:electricity": "2.3 MW", "generator:source": "wind", "generator:type": "horizontal_axis", "manufacturer": "Siemens", "model": "SWT-2.3-93", "operator": "NextEra Energy", "operator:wikidata": "Q967868"}, "geometry": {"type": "Point", "coordinates": [-121.8253872, 38.1336352]}}, {"type": "Feature", "id": "node/3649896590", "properties": {"power": "generator", "voltage": null, "name": null, "generator:method": "wind_turbine", "generator:output:electricity": "2.3 MW", "generator:source": "wind", "generator:type": "horizontal_axis", "manufacturer": "Siemens", "model": "SWT-2.3-93", "operator": "NextEra Energy", "operator:wikidata": "Q967868"}, "geometry": {"type": "Point", "coordinates": [-121.8272634, 38.1351097]}}, {"type": "Feature", "id": "node/3649896592", "properties": {"power": "generator", "voltage": null, "name": null, "generator:method": "wind_turbine", "generator:output:electricity": "2.3 MW", "generator:source": "wind", "generator:type": "horizontal_axis", "manufacturer": "Siemens", "model": "SWT-2.3-93", "operator": "NextEra Energy", "operator:wikidata": "Q967868"}, "geometry": {"type": "Point", "coordinates": [-121.8167169, 38.1352149]}}, {"type": "Feature", "id": "node/3649896608", "properties": {"power": "generator", "voltage": null, "name": null, "generator:method": "wind_turbine", "generator:output:electricity": "2 MW", "generator:source": "wind", "generator:type": "horizontal_axis", "manufacturer": "Senvion", "manufacturer:type": "MM92"}, "geometry": {"type": "Point", "coordinates": [-121.8461077, 38.1359141]}}, {"type": "Feature", "id": "node/3649896617", "properties": {"power": "generator", "voltage": null, "name": null, "generator:method": "wind_turbine", "generator:output:electricity": "2 MW", "generator:source": "wind", "generator:type": "horizontal_axis", "manufacturer": "Senvion", "manufacturer:type": "MM92"}, "geometry": {"type": "Point", "coordinates": [-121.8574422, 38.1362374]}}, {"type": "Feature", "id": "node/3649896630", "properties": {"power": "generator", "voltage": null, "name": null, "generator:method": "wind_turbine", "generator:output:electricity": "2.3 MW", "generator:source": "wind", "generator:type": "horizontal_axis", "manufacturer": "Siemens", "model": "SWT-2.3-93", "operator": "NextEra Energy", "operator:wikidata": "Q967868"}, "geometry": {"type": "Point", "coordinates": [-121.8185136, 38.136613]}}, {"type": "Feature", "id": "node/3649896649", "properties": {"power": "generator", "voltage": null, "name": null, "generator:method": "wind_turbine", "generator:output:electricity": "2 MW", "generator:source": "wind", "generator:type": "horizontal_axis", "manufacturer": "Senvion", "manufacturer:type": "MM92"}, "geometry": {"type": "Point", "coordinates": [-121.8641145, 38.1374284]}}, {"type": "Feature", "id": "node/3649896697", "properties": {"power": "generator", "voltage": null, "name": null, "generator:method": "wind_turbine", "generator:output:electricity": "2.3 MW", "generator:source": "wind", "generator:type": "horizontal_axis", "manufacturer": "Siemens", "model": "SWT-2.3-93", "operator": "NextEra Energy", "operator:wikidata": "Q967868"}, "geometry": {"type": "Point", "coordinates": [-121.8204162, 38.1381665]}}, {"type": "Feature", "id": "node/3649896704", "properties": {"power": "generator", "voltage": null, "name": null, "generator:method": "wind_turbine", "generator:output:electricity": "2 MW", "generator:source": "wind", "generator:type": "horizontal_axis", "manufacturer": "Senvion", "manufacturer:type": "MM92"}, "geometry": {"type": "Point", "coordinates": [-121.8443194, 38.138421]}}, {"type": "Feature", "id": "node/3649896705", "properties": {"power": "generator", "voltage": null, "name": null, "generator:method": "wind_turbine", "generator:output:electricity": "2 MW", "generator:source": "wind", "generator:type": "horizontal_axis", "manufacturer": "Senvion", "manufacturer:type": "MM92"}, "geometry": {"type": "Point", "coordinates": [-121.8559883, 38.1384817]}}, {"type": "Feature", "id": "node/3649896737", "properties": {"power": "generator", "voltage": null, "name": null, "generator:method": "wind_turbine", "generator:output:electricity": "2 MW", "generator:source": "wind", "generator:type": "horizontal_axis", "manufacturer": "Senvion", "manufacturer:type": "MM92"}, "geometry": {"type": "Point", "coordinates": [-121.8628606, 38.1397567]}}, {"type": "Feature", "id": "node/3649896758", "properties": {"power": "generator", "voltage": null, "name": null, "generator:method": "wind_turbine", "generator:output:electricity": "2 MW", "generator:source": "wind", "generator:type": "horizontal_axis", "manufacturer": "Senvion", "manufacturer:type": "MM92"}, "geometry": {"type": "Point", "coordinates": [-121.8550754, 38.1410484]}}, {"type": "Feature", "id": "node/3649896760", "properties": {"power": "generator", "voltage": null, "name": null, "generator:method": "wind_turbine", "generator:output:electricity": "2 MW", "generator:source": "wind", "generator:type": "horizontal_axis", "manufacturer": "Senvion", "manufacturer:type": "MM92"}, "geometry": {"type": "Point", "coordinates": [-121.8651883, 38.141286]}}, {"type": "Feature", "id": "node/3649896799", "properties": {"power": "generator", "voltage": null, "name": null, "generator:method": "wind_turbine", "generator:output:electricity": "2 MW", "generator:source": "wind", "generator:type": "horizontal_axis", "manufacturer": "Senvion", "manufacturer:type": "MM92"}, "geometry": {"type": "Point", "coordinates": [-121.8712822, 38.1432708]}}, {"type": "Feature", "id": "node/3649896802", "properties": {"power": "generator", "voltage": null, "name": null, "generator:method": "wind_turbine", "generator:output:electricity": "2 MW", "generator:source": "wind", "generator:type": "horizontal_axis", "manufacturer": "Senvion", "manufacturer:type": "MM92"}, "geometry": {"type": "Point", "coordinates": [-121.8581852, 38.1433197]}}, {"type": "Feature", "id": "node/3649896806", "properties": {"power": "generator", "voltage": null, "name": null, "generator:method": "wind_turbine", "generator:output:electricity": "2 MW", "generator:source": "wind", "generator:type": "horizontal_axis", "manufacturer": "Senvion", "manufacturer:type": "MM92"}, "geometry": {"type": "Point", "coordinates": [-121.8505683, 38.1435319]}}, {"type": "Feature", "id": "node/3649896818", "properties": {"power": "generator", "voltage": null, "name": null, "generator:method": "wind_turbine", "generator:output:electricity": "2 MW", "generator:source": "wind", "generator:type": "horizontal_axis", "manufacturer": "Senvion", "manufacturer:type": "MM92"}, "geometry": {"type": "Point", "coordinates": [-121.8641958, 38.1437928]}}, {"type": "Feature", "id": "node/3649896843", "properties": {"power": "generator", "voltage": null, "name": null, "generator:method": "wind_turbine", "generator:output:electricity": "2 MW", "generator:source": "wind", "generator:type": "horizontal_axis", "manufacturer": "Senvion", "manufacturer:type": "MM92"}, "geometry": {"type": "Point", "coordinates": [-121.8727497, 38.1453441]}}, {"type": "Feature", "id": "node/3649896900", "properties": {"power": "generator", "voltage": null, "name": null, "generator:method": "wind_turbine", "generator:output:electricity": "2 MW", "generator:source": "wind", "generator:type": "horizontal_axis", "manufacturer": "Senvion", "manufacturer:type": "MM92"}, "geometry": {"type": "Point", "coordinates": [-121.7303341, 38.1477435]}}, {"type": "Feature", "id": "node/3649896915", "properties": {"power": "generator", "voltage": null, "name": null, "generator:method": "wind_turbine", "generator:output:electricity": "2 MW", "generator:source": "wind", "generator:type": "horizontal_axis", "manufacturer": "Senvion", "manufacturer:type": "MM92"}, "geometry": {"type": "Point", "coordinates": [-121.8475985, 38.1484464]}}, {"type": "Feature", "id": "node/3649896920", "properties": {"power": "generator", "voltage": null, "name": null, "generator:method": "wind_turbine", "generator:output:electricity": "2 MW", "generator:source": "wind", "generator:type": "horizontal_axis", "manufacturer": "Senvion", "manufacturer:type": "MM92"}, "geometry": {"type": "Point", "coordinates": [-121.8412816, 38.1487165]}}, {"type": "Feature", "id": "node/3649896941", "properties": {"power": "generator", "voltage": null, "name": null, "generator:method": "wind_turbine", "generator:output:electricity": "2 MW", "generator:source": "wind", "generator:type": "horizontal_axis", "manufacturer": "Senvion", "manufacturer:type": "MM92"}, "geometry": {"type": "Point", "coordinates": [-121.73104, 38.150201]}}, {"type": "Feature", "id": "node/3649896960", "properties": {"power": "generator", "voltage": null, "name": null, "generator:method": "wind_turbine", "generator:output:electricity": "2 MW", "generator:source": "wind", "generator:type": "horizontal_axis", "manufacturer": "Senvion", "manufacturer:type": "MM92"}, "geometry": {"type": "Point", "coordinates": [-121.8424458, 38.1521474]}}, {"type": "Feature", "id": "node/3649896962", "properties": {"power": "generator", "voltage": null, "name": null, "generator:method": "wind_turbine", "generator:output:electricity": "2 MW", "generator:source": "wind", "generator:type": "horizontal_axis", "manufacturer": "Senvion", "manufacturer:type": "MM92"}, "geometry": {"type": "Point", "coordinates": [-121.7373865, 38.1521746]}}, {"type": "Feature", "id": "node/3649896992", "properties": {"power": "generator", "voltage": null, "name": null, "generator:method": "wind_turbine", "generator:output:electricity": "2 MW", "generator:source": "wind", "generator:type": "horizontal_axis", "manufacturer": "Senvion", "manufacturer:type": "MM92"}, "geometry": {"type": "Point", "coordinates": [-121.8454148, 38.1541098]}}, {"type": "Feature", "id": "node/3649896994", "properties": {"power": "generator", "voltage": null, "name": null, "generator:method": "wind_turbine", "generator:output:electricity": "2 MW", "generator:source": "wind", "generator:type": "horizontal_axis", "manufacturer": "Senvion", "manufacturer:type": "MM92"}, "geometry": {"type": "Point", "coordinates": [-121.7390395, 38.1543616]}}, {"type": "Feature", "id": "node/3649896999", "properties": {"power": "generator", "voltage": null, "name": null, "generator:method": "wind_turbine", "generator:output:electricity": "2 MW", "generator:source": "wind", "generator:type": "horizontal_axis", "manufacturer": "Senvion", "manufacturer:type": "MM92"}, "geometry": {"type": "Point", "coordinates": [-121.7356491, 38.1548122]}}, {"type": "Feature", "id": "node/3649897005", "properties": {"power": "generator", "voltage": null, "name": null, "generator:method": "wind_turbine", "generator:output:electricity": "2 MW", "generator:source": "wind", "generator:type": "horizontal_axis", "manufacturer": "Senvion", "manufacturer:type": "MM92"}, "geometry": {"type": "Point", "coordinates": [-121.7317337, 38.1553341]}}, {"type": "Feature", "id": "node/3649897034", "properties": {"power": "generator", "voltage": null, "name": null, "generator:method": "wind_turbine", "generator:output:electricity": "2 MW", "generator:source": "wind", "generator:type": "horizontal_axis", "manufacturer": "Senvion", "manufacturer:type": "MM92"}, "geometry": {"type": "Point", "coordinates": [-121.8440242, 38.1564981]}}, {"type": "Feature", "id": "node/3649897039", "properties": {"power": "generator", "voltage": null, "name": null, "generator:method": "wind_turbine", "generator:output:electricity": "2 MW", "generator:source": "wind", "generator:type": "horizontal_axis", "manufacturer": "Senvion", "manufacturer:type": "MM92"}, "geometry": {"type": "Point", "coordinates": [-121.7413501, 38.1572838]}}, {"type": "Feature", "id": "node/3649897041", "properties": {"power": "generator", "voltage": null, "name": null, "generator:method": "wind_turbine", "generator:output:electricity": "2 MW", "generator:source": "wind", "generator:type": "horizontal_axis", "manufacturer": "Senvion", "manufacturer:type": "MM92"}, "geometry": {"type": "Point", "coordinates": [-121.7381005, 38.1573166]}}, {"type": "Feature", "id": "node/3649897065", "properties": {"power": "generator", "voltage": null, "name": null, "generator:method": "wind_turbine", "generator:output:electricity": "2 MW", "generator:source": "wind", "generator:type": "horizontal_axis", "manufacturer": "Senvion", "manufacturer:type": "MM92"}, "geometry": {"type": "Point", "coordinates": [-121.7580451, 38.1586237]}}, {"type": "Feature", "id": "node/3649897073", "properties": {"power": "generator", "voltage": null, "name": null, "generator:method": "wind_turbine", "generator:output:electricity": "2 MW", "generator:source": "wind", "generator:type": "horizontal_axis", "manufacturer": "Senvion", "manufacturer:type": "MM92"}, "geometry": {"type": "Point", "coordinates": [-121.8484692, 38.1590742]}}, {"type": "Feature", "id": "node/3649897077", "properties": {"power": "generator", "voltage": null, "name": null, "generator:method": "wind_turbine", "generator:output:electricity": "2 MW", "generator:source": "wind", "generator:type": "horizontal_axis", "manufacturer": "Senvion", "manufacturer:type": "MM92"}, "geometry": {"type": "Point", "coordinates": [-121.7399586, 38.1596363]}}, {"type": "Feature", "id": "node/3649897127", "properties": {"power": "generator", "voltage": null, "name": null, "generator:method": "wind_turbine", "generator:output:electricity": "2 MW", "generator:source": "wind", "generator:type": "horizontal_axis", "manufacturer": "Senvion", "manufacturer:type": "MM92"}, "geometry": {"type": "Point", "coordinates": [-121.7538242, 38.1629457]}}, {"type": "Feature", "id": "node/3649897164", "properties": {"power": "generator", "voltage": null, "name": null, "generator:method": "wind_turbine", "generator:output:electricity": "2 MW", "generator:source": "wind", "generator:type": "horizontal_axis", "manufacturer": "Senvion", "manufacturer:type": "MM92"}, "geometry": {"type": "Point", "coordinates": [-121.7442715, 38.1649012]}}, {"type": "Feature", "id": "node/3649897170", "properties": {"power": "generator", "voltage": null, "name": null, "generator:method": "wind_turbine", "generator:output:electricity": "2 MW", "generator:source": "wind", "generator:type": "horizontal_axis", "manufacturer": "Senvion", "manufacturer:type": "MM92"}, "geometry": {"type": "Point", "coordinates": [-121.7387618, 38.1649583]}}, {"type": "Feature", "id": "node/3649897179", "properties": {"power": "generator", "voltage": null, "name": null, "generator:method": "wind_turbine", "generator:output:electricity": "2 MW", "generator:source": "wind", "generator:type": "horizontal_axis", "manufacturer": "Senvion", "manufacturer:type": "MM92"}, "geometry": {"type": "Point", "coordinates": [-121.735104, 38.165392]}}, {"type": "Feature", "id": "node/3649897240", "properties": {"power": "generator", "voltage": null, "name": null, "generator:method": "wind_turbine", "generator:output:electricity": "2 MW", "generator:source": "wind", "generator:type": "horizontal_axis", "manufacturer": "Senvion", "manufacturer:type": "MM92"}, "geometry": {"type": "Point", "coordinates": [-121.745708, 38.1671745]}}, {"type": "Feature", "id": "node/3649897242", "properties": {"power": "generator", "voltage": null, "name": null, "generator:method": "wind_turbine", "generator:output:electricity": "2 MW", "generator:source": "wind", "generator:type": "horizontal_axis", "manufacturer": "Senvion", "manufacturer:type": "MM92"}, "geometry": {"type": "Point", "coordinates": [-121.7578642, 38.1674759]}}, {"type": "Feature", "id": "node/3649897249", "properties": {"power": "generator", "voltage": null, "name": null, "generator:method": "wind_turbine", "generator:output:electricity": "2 MW", "generator:source": "wind", "generator:type": "horizontal_axis", "manufacturer": "Senvion", "manufacturer:type": "MM92"}, "geometry": {"type": "Point", "coordinates": [-121.7528931, 38.1681115]}}, {"type": "Feature", "id": "node/3649897287", "properties": {"power": "generator", "voltage": null, "name": null, "generator:method": "wind_turbine", "generator:output:electricity": "2 MW", "generator:source": "wind", "generator:type": "horizontal_axis", "manufacturer": "Senvion", "manufacturer:type": "MM92"}, "geometry": {"type": "Point", "coordinates": [-121.7520123, 38.1706062]}}, {"type": "Feature", "id": "node/3649897293", "properties": {"power": "generator", "voltage": null, "name": null, "generator:method": "wind_turbine", "generator:output:electricity": "2 MW", "generator:source": "wind", "generator:type": "horizontal_axis", "manufacturer": "Senvion", "manufacturer:type": "MM92"}, "geometry": {"type": "Point", "coordinates": [-121.8124373, 38.1709088]}}, {"type": "Feature", "id": "node/3649897315", "properties": {"power": "generator", "voltage": null, "name": null, "generator:method": "wind_turbine", "generator:output:electricity": "2 MW", "generator:source": "wind", "generator:type": "horizontal_axis", "manufacturer": "Senvion", "manufacturer:type": "MM92"}, "geometry": {"type": "Point", "coordinates": [-121.7583709, 38.1715927]}}, {"type": "Feature", "id": "node/3649897318", "properties": {"power": "generator", "voltage": null, "name": null, "generator:method": "wind_turbine", "generator:output:electricity": "2 MW", "generator:source": "wind", "generator:type": "horizontal_axis", "manufacturer": "Senvion", "manufacturer:type": "MM92"}, "geometry": {"type": "Point", "coordinates": [-121.7618941, 38.1716686]}}, {"type": "Feature", "id": "node/3649897320", "properties": {"power": "generator", "voltage": null, "name": null, "generator:method": "wind_turbine", "generator:output:electricity": "2 MW", "generator:source": "wind", "generator:type": "horizontal_axis", "manufacturer": "Senvion", "manufacturer:type": "MM92"}, "geometry": {"type": "Point", "coordinates": [-121.754896, 38.171735]}}, {"type": "Feature", "id": "node/3649897350", "properties": {"power": "generator", "voltage": null, "name": null, "generator:method": "wind_turbine", "generator:output:electricity": "2 MW", "generator:source": "wind", "generator:type": "horizontal_axis", "manufacturer": "Senvion", "manufacturer:type": "MM92"}, "geometry": {"type": "Point", "coordinates": [-121.8154447, 38.1732094]}}, {"type": "Feature", "id": "node/3649897353", "properties": {"power": "generator", "voltage": null, "name": null, "generator:method": "wind_turbine", "generator:output:electricity": "2 MW", "generator:source": "wind", "generator:type": "horizontal_axis", "manufacturer": "Senvion", "manufacturer:type": "MM92"}, "geometry": {"type": "Point", "coordinates": [-121.8108562, 38.1733647]}}, {"type": "Feature", "id": "node/3649897361", "properties": {"power": "generator", "voltage": null, "name": null, "generator:method": "wind_turbine", "generator:output:electricity": "2 MW", "generator:source": "wind", "generator:type": "horizontal_axis", "manufacturer": "Senvion", "manufacturer:type": "MM92"}, "geometry": {"type": "Point", "coordinates": [-121.7634988, 38.1744289]}}, {"type": "Feature", "id": "node/3649897364", "properties": {"power": "generator", "voltage": null, "name": null, "generator:method": "wind_turbine", "generator:output:electricity": "2 MW", "generator:source": "wind", "generator:type": "horizontal_axis", "manufacturer": "Senvion", "manufacturer:type": "MM92"}, "geometry": {"type": "Point", "coordinates": [-121.8505305, 38.174581]}}, {"type": "Feature", "id": "node/3649897378", "properties": {"power": "generator", "voltage": null, "name": null, "generator:method": "wind_turbine", "generator:output:electricity": "2 MW", "generator:source": "wind", "generator:type": "horizontal_axis", "manufacturer": "Senvion", "manufacturer:type": "MM92"}, "geometry": {"type": "Point", "coordinates": [-121.7568869, 38.1753584]}}, {"type": "Feature", "id": "node/3649897380", "properties": {"power": "generator", "voltage": null, "name": null, "generator:method": "wind_turbine", "generator:output:electricity": "2 MW", "generator:source": "wind", "generator:type": "horizontal_axis", "manufacturer": "Senvion", "manufacturer:type": "MM92"}, "geometry": {"type": "Point", "coordinates": [-121.8146407, 38.1755124]}}, {"type": "Feature", "id": "node/3649897381", "properties": {"power": "generator", "voltage": null, "name": null, "generator:method": "wind_turbine", "generator:output:electricity": "2 MW", "generator:source": "wind", "generator:type": "horizontal_axis", "manufacturer": "Senvion", "manufacturer:type": "MM92"}, "geometry": {"type": "Point", "coordinates": [-121.7517107, 38.1755766]}}, {"type": "Feature", "id": "node/3649897382", "properties": {"power": "generator", "voltage": null, "name": null, "generator:method": "wind_turbine", "generator:output:electricity": "2 MW", "generator:source": "wind", "generator:type": "horizontal_axis", "manufacturer": "Senvion", "manufacturer:type": "MM92"}, "geometry": {"type": "Point", "coordinates": [-121.8093937, 38.1757404]}}, {"type": "Feature", "id": "node/3649897384", "properties": {"power": "generator", "voltage": null, "name": null, "generator:method": "wind_turbine", "generator:output:electricity": "2 MW", "generator:source": "wind", "generator:type": "horizontal_axis", "manufacturer": "Senvion", "manufacturer:type": "MM92"}, "geometry": {"type": "Point", "coordinates": [-121.8218563, 38.1759191]}}, {"type": "Feature", "id": "node/3649897388", "properties": {"power": "generator", "voltage": null, "name": null, "generator:method": "wind_turbine", "generator:output:electricity": "2 MW", "generator:source": "wind", "generator:type": "horizontal_axis", "manufacturer": "Senvion", "manufacturer:type": "MM92"}, "geometry": {"type": "Point", "coordinates": [-121.8534468, 38.1760213]}}, {"type": "Feature", "id": "node/3649897414", "properties": {"power": "generator", "voltage": null, "name": null, "generator:method": "wind_turbine", "generator:output:electricity": "2 MW", "generator:source": "wind", "generator:type": "horizontal_axis", "manufacturer": "Senvion", "manufacturer:type": "MM92"}, "geometry": {"type": "Point", "coordinates": [-121.7615683, 38.1773787]}}, {"type": "Feature", "id": "node/3649897425", "properties": {"power": "generator", "voltage": null, "name": null, "generator:method": "wind_turbine", "generator:output:electricity": "2 MW", "generator:source": "wind", "generator:type": "horizontal_axis", "manufacturer": "Senvion", "manufacturer:type": "MM92"}, "geometry": {"type": "Point", "coordinates": [-121.8517472, 38.1782313]}}, {"type": "Feature", "id": "node/3649897453", "properties": {"power": "generator", "voltage": null, "name": null, "generator:method": "wind_turbine", "generator:output:electricity": "2 MW", "generator:source": "wind", "generator:type": "horizontal_axis", "manufacturer": "Senvion", "manufacturer:type": "MM92"}, "geometry": {"type": "Point", "coordinates": [-121.7686268, 38.1793041]}}, {"type": "Feature", "id": "node/3649897459", "properties": {"power": "generator", "voltage": null, "name": null, "generator:method": "wind_turbine", "generator:output:electricity": "2 MW", "generator:source": "wind", "generator:type": "horizontal_axis", "manufacturer": "Senvion", "manufacturer:type": "MM92"}, "geometry": {"type": "Point", "coordinates": [-121.7536894, 38.17938]}}, {"type": "Feature", "id": "node/3649897464", "properties": {"power": "generator", "voltage": null, "name": null, "generator:method": "wind_turbine", "generator:output:electricity": "2 MW", "generator:source": "wind", "generator:type": "horizontal_axis", "manufacturer": "Senvion", "manufacturer:type": "MM92"}, "geometry": {"type": "Point", "coordinates": [-121.764814, 38.1794274]}}, {"type": "Feature", "id": "node/3649897479", "properties": {"power": "generator", "voltage": null, "name": null, "generator:method": "wind_turbine", "generator:output:electricity": "2 MW", "generator:source": "wind", "generator:type": "horizontal_axis", "manufacturer": "Senvion", "manufacturer:type": "MM92"}, "geometry": {"type": "Point", "coordinates": [-121.7503714, 38.1796456]}}, {"type": "Feature", "id": "node/3649897483", "properties": {"power": "generator", "voltage": null, "name": null, "generator:method": "wind_turbine", "generator:output:electricity": "2 MW", "generator:source": "wind", "generator:type": "horizontal_axis", "manufacturer": "Senvion", "manufacturer:type": "MM92"}, "geometry": {"type": "Point", "coordinates": [-121.7605548, 38.1797784]}}, {"type": "Feature", "id": "node/3649897484", "properties": {"power": "generator", "voltage": null, "name": null, "generator:method": "wind_turbine", "generator:output:electricity": "2 MW", "generator:source": "wind", "generator:type": "horizontal_axis", "manufacturer": "Senvion", "manufacturer:type": "MM92"}, "geometry": {"type": "Point", "coordinates": [-121.7742994, 38.1797673]}}, {"type": "Feature", "id": "node/3649897488", "properties": {"power": "generator", "voltage": null, "name": null, "generator:method": "wind_turbine", "generator:output:electricity": "2 MW", "generator:source": "wind", "generator:type": "horizontal_axis", "manufacturer": "Senvion", "manufacturer:type": "MM92"}, "geometry": {"type": "Point", "coordinates": [-121.8550472, 38.1798793]}}, {"type": "Feature", "id": "node/3649897498", "properties": {"power": "generator", "voltage": null, "name": null, "generator:method": "wind_turbine", "generator:output:electricity": "2 MW", "generator:source": "wind", "generator:type": "horizontal_axis", "manufacturer": "Senvion", "manufacturer:type": "MM92"}, "geometry": {"type": "Point", "coordinates": [-121.8608283, 38.1819719]}}, {"type": "Feature", "id": "node/3649897499", "properties": {"power": "generator", "voltage": null, "name": null, "generator:method": "wind_turbine", "generator:output:electricity": "2 MW", "generator:source": "wind", "generator:type": "horizontal_axis", "manufacturer": "Senvion", "manufacturer:type": "MM92"}, "geometry": {"type": "Point", "coordinates": [-121.856886, 38.1819876]}}, {"type": "Feature", "id": "node/9829559819", "properties": {"power": "generator", "voltage": null, "name": null, "generator:method": "combustion", "generator:output:electricity": "47 MW", "generator:source": "gas", "generator:type": "gas_turbine", "ref": "CT1", "source": "U.S. Energy Information Administration - EIA-860 - 2021", "start_date": "2003-01"}, "geometry": {"type": "Point", "coordinates": [-121.8682298, 38.2219641]}}, {"type": "Feature", "id": "node/9829559855", "properties": {"power": "generator", "voltage": null, "name": null, "generator:method": "combustion", "generator:output:electricity": "47 MW", "generator:source": "gas", "generator:type": "gas_turbine", "ref": "CT1", "source": "U.S. Energy Information Administration - EIA-860 - 2021", "start_date": "2003-01"}, "geometry": {"type": "Point", "coordinates": [-121.8551915, 38.2416989]}}, {"type": "Feature", "id": "node/11149082099", "properties": {"power": "generator", "voltage": null, "name": null, "generator:method": "wind_turbine", "generator:source": "wind"}, "geometry": {"type": "Point", "coordinates": [-121.8569237, 38.2209198]}}, {"type": "Feature", "id": "node/11414942645", "properties": {"power": "generator", "voltage": null, "name": null, "generator:method": "wind_turbine", "generator:output:electricity": "1.5 MW", "generator:source": "wind", "generator:type": "horizontal_axis"}, "geometry": {"type": "Point", "coordinates": [-121.8346178, 38.0856843]}}, {"type": "Feature", "id": "node/11414942646", "properties": {"power": "generator", "voltage": null, "name": null, "generator:method": "wind_turbine", "generator:output:electricity": "1.5 MW", "generator:source": "wind", "generator:type": "horizontal_axis"}, "geometry": {"type": "Point", "coordinates": [-121.8290945, 38.0903044]}}, {"type": "Feature", "id": "node/11414942647", "properties": {"power": "generator", "voltage": null, "name": null, "generator:method": "wind_turbine", "generator:output:electricity": "1.5 MW", "generator:source": "wind", "generator:type": "horizontal_axis"}, "geometry": {"type": "Point", "coordinates": [-121.8313706, 38.0926892]}}, {"type": "Feature", "id": "node/11414942666", "properties": {"power": "generator", "voltage": null, "name": null, "generator:method": "wind_turbine", "generator:output:electricity": "1.5 MW", "generator:source": "wind", "generator:type": "horizontal_axis"}, "geometry": {"type": "Point", "coordinates": [-121.8256404, 38.084068]}}, {"type": "Feature", "id": "node/11414942667", "properties": {"power": "generator", "voltage": null, "name": null, "generator:method": "wind_turbine", "generator:output:electricity": "1.5 MW", "generator:source": "wind", "generator:type": "horizontal_axis"}, "geometry": {"type": "Point", "coordinates": [-121.8283072, 38.0813341]}}, {"type": "Feature", "id": "node/11414942668", "properties": {"power": "generator", "voltage": null, "name": null, "generator:method": "wind_turbine", "generator:output:electricity": "1.5 MW", "generator:source": "wind", "generator:type": "horizontal_axis"}, "geometry": {"type": "Point", "coordinates": [-121.8288489, 38.0787888]}}, {"type": "Feature", "id": "node/11414990390", "properties": {"power": "generator", "voltage": null, "name": null, "generator:method": "wind_turbine", "generator:output:electricity": "1.5 MW", "generator:source": "wind", "generator:type": "horizontal_axis"}, "geometry": {"type": "Point", "coordinates": [-121.8143148, 38.0799973]}}, {"type": "Feature", "id": "node/11414990398", "properties": {"power": "generator", "voltage": null, "name": null, "generator:method": "wind_turbine", "generator:output:electricity": "1.5 MW", "generator:source": "wind", "generator:type": "horizontal_axis"}, "geometry": {"type": "Point", "coordinates": [-121.7630758, 38.1218654]}}, {"type": "Feature", "id": "node/11414990399", "properties": {"power": "generator", "voltage": null, "name": null, "generator:method": "wind_turbine", "generator:output:electricity": "1.5 MW", "generator:source": "wind", "generator:type": "horizontal_axis"}, "geometry": {"type": "Point", "coordinates": [-121.7621285, 38.1190174]}}, {"type": "Feature", "id": "node/11414990402", "properties": {"power": "generator", "voltage": null, "name": null, "generator:method": "wind_turbine", "generator:output:electricity": "1.5 MW", "generator:source": "wind", "generator:type": "horizontal_axis"}, "geometry": {"type": "Point", "coordinates": [-121.7539415, 38.1147726]}}, {"type": "Feature", "id": "node/11414990403", "properties": {"power": "generator", "voltage": null, "name": null, "generator:method": "wind_turbine", "generator:output:electricity": "1.5 MW", "generator:source": "wind", "generator:type": "horizontal_axis"}, "geometry": {"type": "Point", "coordinates": [-121.7512501, 38.112126]}}, {"type": "Feature", "id": "node/12401325765", "properties": {"power": "generator", "voltage": null, "name": null, "generator:method": "wind_turbine", "generator:source": "wind"}, "geometry": {"type": "Point", "coordinates": [-121.7312853, 38.2402838]}}, {"type": "Feature", "id": "node/12405177396", "properties": {"power": "generator", "voltage": null, "name": null, "generator:method": "wind_turbine", "generator:source": "wind"}, "geometry": {"type": "Point", "coordinates": [-121.7533453, 38.1822124]}}, {"type": "Feature", "id": "node/13611156353", "properties": {"power": "generator", "voltage": null, "name": null, "generator:method": "wind_turbine", "generator:output:electricity": "1.5 MW", "generator:source": "wind", "generator:type": "horizontal_axis"}, "geometry": {"type": "Point", "coordinates": [-121.7751485, 38.1315691]}}, {"type": "Feature", "id": "node/13611156354", "properties": {"power": "generator", "voltage": null, "name": null, "generator:method": "wind_turbine", "generator:output:electricity": "1.5 MW", "generator:source": "wind", "generator:type": "horizontal_axis"}, "geometry": {"type": "Point", "coordinates": [-121.7727077, 38.1292863]}}, {"type": "Feature", "id": "node/13611156355", "properties": {"power": "generator", "voltage": null, "name": null, "generator:method": "wind_turbine", "generator:output:electricity": "1.5 MW", "generator:source": "wind", "generator:type": "horizontal_axis"}, "geometry": {"type": "Point", "coordinates": [-121.774537, 38.1265181]}}, {"type": "Feature", "id": "node/13611156356", "properties": {"power": "generator", "voltage": null, "name": null, "generator:method": "wind_turbine", "generator:output:electricity": "1.5 MW", "generator:source": "wind", "generator:type": "horizontal_axis"}, "geometry": {"type": "Point", "coordinates": [-121.7755187, 38.1238637]}}, {"type": "Feature", "id": "node/13611156357", "properties": {"power": "generator", "voltage": null, "name": null, "generator:method": "wind_turbine", "generator:output:electricity": "1.5 MW", "generator:source": "wind", "generator:type": "horizontal_axis"}, "geometry": {"type": "Point", "coordinates": [-121.7744243, 38.1208083]}}, {"type": "Feature", "id": "way/24049489", "properties": {"power": "line", "voltage": "500000", "name": "Olinda - Tracy 500KV (Path 66)", "cables": "3", "frequency": "60", "operator": "Western Area Power Administration", "operator:short": "WAPA", "operator:wikidata": "Q7987459", "ref": "Olinda - Tracy", "ref:ornl": "308797", "wikipedia": "en:Path 66", "wires": "triple"}, "geometry": {"type": "LineString", "coordinates": [[-122.3833646, 40.3824119], [-122.383334, 40.3822619], [-122.3832464, 40.3818328], [-122.3832495, 40.3816878], [-122.3832132, 40.3812872], [-122.383178, 40.3810824], [-122.3830835, 40.3799771], [-122.3818607, 40.3773682], [-122.380339, 40.3740091], [-122.3788319, 40.3705871], [-122.377653, 40.3679215], [-122.3773942, 40.3674153], [-122.376272, 40.3649198], [-122.374413, 40.3609115], [-122.3732286, 40.3584895], [-122.3722165, 40.3560462], [-122.3711086, 40.3533693], [-122.3695277, 40.3499679], [-122.3683792, 40.3476167], [-122.3670303, 40.3444682], [-122.3659106, 40.3420331], [-122.3647585, 40.339602], [-122.363433, 40.336658], [-122.3622072, 40.3340089], [-122.3605868, 40.3303734], [-122.3592813, 40.327493], [-122.3580859, 40.3248592], [-122.3569843, 40.322451], [-122.3558829, 40.3200842], [-122.3544409, 40.3167987], [-122.3532248, 40.3141997], [-122.3516249, 40.3107057], [-122.3501526, 40.3074976], [-122.3489366, 40.3048323], [-122.3471779, 40.3009896], [-122.3454616, 40.2971464], [-122.3443904, 40.2948809], [-122.342688, 40.2910135], [-122.3415498, 40.2885781], [-122.340523, 40.2862774], [-122.3393256, 40.2836703], [-122.338388, 40.2816631], [-122.3374048, 40.279437], [-122.3362905, 40.276809], [-122.3347272, 40.2734407], [-122.333635, 40.2708497], [-122.3325602, 40.2685428], [-122.331411, 40.2660412], [-122.3299957, 40.262919], [-122.3289301, 40.2605791], [-122.3277196, 40.257827], [-122.3261156, 40.2543734], [-122.3245034, 40.2508501], [-122.323069, 40.2476856], [-122.3216612, 40.2446791], [-122.3198547, 40.2406492], [-122.3180247, 40.236629], [-122.3167113, 40.2336932], [-122.3150733, 40.2300857], [-122.3136834, 40.2269933], [-122.3119099, 40.2232394], [-122.3101738, 40.2193802], [-122.3088983, 40.2165323], [-122.3072084, 40.2128458], [-122.3059617, 40.2100882], [-122.3042077, 40.2061804], [-122.3035434, 40.2047255], [-122.3034392, 40.2044973], [-122.3025829, 40.202622], [-122.3006409, 40.1983682], [-122.299172, 40.1951368], [-122.2981415, 40.1927541], [-122.2968023, 40.1897164], [-122.2949314, 40.185722], [-122.2931356, 40.1816712], [-122.2920141, 40.1790219], [-122.2908307, 40.1765708], [-122.289661, 40.1739635], [-122.2886336, 40.1716364], [-122.2874324, 40.1690469], [-122.2858107, 40.1654223], [-122.2845691, 40.1626688], [-122.2833626, 40.1599605], [-122.2821653, 40.1572291], [-122.2808527, 40.1544484], [-122.2807382, 40.1511058], [-122.2805901, 40.1478789], [-122.280409, 40.1444071], [-122.2802076, 40.1410961], [-122.2800502, 40.1378022], [-122.27989, 40.1347912], [-122.2797577, 40.1316374], [-122.2796237, 40.1283821], [-122.2794009, 40.1248026], [-122.2792712, 40.120339], [-122.2790862, 40.1169941], [-122.2789677, 40.113849], [-122.2787968, 40.1105989], [-122.2786717, 40.1072911], [-122.2785105, 40.104198], [-122.2783659, 40.1011618], [-122.2782245, 40.098267], [-122.2780784, 40.0949261], [-122.2779398, 40.091928], [-122.2777822, 40.0886809], [-122.277637, 40.0852891], [-122.2774833, 40.0822598], [-122.2773543, 40.0792229], [-122.2772264, 40.0763099], [-122.2770014, 40.0725857], [-122.2768722, 40.06945], [-122.2766981, 40.0661097], [-122.2765952, 40.0631908], [-122.2764201, 40.0601055], [-122.2762811, 40.0570618], [-122.2760748, 40.0529929], [-122.2759608, 40.0496553], [-122.2759004, 40.0458863], [-122.2758989, 40.0426768], [-122.2758523, 40.0395237], [-122.2758436, 40.0364989], [-122.2758649, 40.0333002], [-122.2758706, 40.0303042], [-122.275807, 40.0267872], [-122.2758061, 40.0235936], [-122.27581, 40.0206364], [-122.2757865, 40.0172401], [-122.2757872, 40.0142722], [-122.275746, 40.0110298], [-122.2756974, 40.0076872], [-122.2756896, 40.004089], [-122.2757186, 40.0008849], [-122.2757035, 39.9982962], [-122.2756513, 39.9948266], [-122.2756209, 39.9920513], [-122.2756511, 39.9886075], [-122.2756338, 39.9857157], [-122.2755817, 39.9825282], [-122.2755647, 39.9796215], [-122.2756011, 39.9769022], [-122.2755423, 39.9737675], [-122.2755979, 39.9705232], [-122.2755299, 39.9668006], [-122.2754827, 39.9638643], [-122.2754853, 39.9608427], [-122.2754664, 39.9575727], [-122.2754321, 39.954537], [-122.2754055, 39.9514537], [-122.2753734, 39.9480152], [-122.2754315, 39.9452286], [-122.2753961, 39.9417025], [-122.2753691, 39.9387728], [-122.2753195, 39.9360168], [-122.2753473, 39.9329772], [-122.2752935, 39.9292475], [-122.2752527, 39.9259215], [-122.2752526, 39.9229361], [-122.2752525, 39.919575], [-122.2752285, 39.916329], [-122.2751845, 39.9134951], [-122.2752075, 39.9101381], [-122.2752217, 39.9072528], [-122.2751881, 39.904134], [-122.2751905, 39.9010835], [-122.2751174, 39.8983597], [-122.2751482, 39.8955601], [-122.2750694, 39.8916966], [-122.2750928, 39.8888963], [-122.2750581, 39.8859568], [-122.2750928, 39.8829686], [-122.2750103, 39.8800918], [-122.275052, 39.87731], [-122.2750233, 39.8742473], [-122.2749643, 39.8716102], [-122.2749047, 39.8678427], [-122.2749589, 39.8645258], [-122.2749248, 39.8618021], [-122.2749521, 39.858452], [-122.2749248, 39.8552245], [-122.2748431, 39.8518267], [-122.274884, 39.8488852], [-122.2748704, 39.8458075], [-122.2748499, 39.8429136], [-122.2748023, 39.8404895], [-122.2748499, 39.8369556], [-122.2748363, 39.8340685], [-122.2747945, 39.8307813], [-122.274801, 39.8274324], [-122.274749, 39.8242872], [-122.2747558, 39.8212026], [-122.2747354, 39.8178389], [-122.2747286, 39.8150063], [-122.2747218, 39.8123099], [-122.2747082, 39.8093819], [-122.274715, 39.8066106], [-122.2746858, 39.8038393], [-122.2746537, 39.8005301], [-122.274606, 39.7961722], [-122.2746304, 39.7916795], [-122.2745924, 39.7877901], [-122.2745856, 39.78444], [-122.2745515, 39.7813214], [-122.2745447, 39.7781552], [-122.2745379, 39.7750638], [-122.2745243, 39.7714958], [-122.2745175, 39.76803], [-122.2744835, 39.7649999], [-122.2744766, 39.761609], [-122.2744494, 39.7576801], [-122.2744358, 39.7550449], [-122.2744426, 39.7517833], [-122.2744154, 39.7482017], [-122.2743813, 39.7449061], [-122.2743541, 39.7422573], [-122.2743473, 39.7391319], [-122.2743677, 39.7358227], [-122.2743677, 39.7319755], [-122.2742996, 39.728891], [-122.2742724, 39.725786], [-122.2742928, 39.723219], [-122.2743064, 39.7204204], [-122.2742315, 39.7176218], [-122.2742451, 39.714442], [-122.2742451, 39.7116162], [-122.2742247, 39.7084772], [-122.2742179, 39.7054675], [-122.2741702, 39.7024511], [-122.2741634, 39.6996797], [-122.2741498, 39.6965271], [-122.274143, 39.6934221], [-122.2741498, 39.6901401], [-122.274109, 39.68679], [-122.2740885, 39.6836033], [-122.2740681, 39.6806618], [-122.2740341, 39.6769848], [-122.2740136, 39.6738254], [-122.2739932, 39.6706864], [-122.2740068, 39.6676835], [-122.274, 39.6646058], [-122.2739796, 39.6616574], [-122.2739319, 39.6584912], [-122.2739319, 39.6553113], [-122.2739251, 39.6522812], [-122.2739251, 39.6491014], [-122.2739115, 39.6458738], [-122.2739115, 39.6428574], [-122.2738434, 39.6398682], [-122.2738502, 39.6369198], [-122.2738434, 39.6341961], [-122.2738094, 39.6312886], [-122.2737821, 39.6278364], [-122.2737685, 39.624248], [-122.2737481, 39.6216469], [-122.2737276, 39.6182083], [-122.2737276, 39.6150011], [-122.273714, 39.6117464], [-122.2743758, 39.6083261], [-122.2750673, 39.6048402], [-122.2756717, 39.6016399], [-122.2762782, 39.5988931], [-122.2769228, 39.5954946], [-122.2775186, 39.5924646], [-122.2779953, 39.5899026], [-122.2786677, 39.5865066], [-122.279272, 39.5833573], [-122.2799614, 39.5799527], [-122.2805963, 39.5767124], [-122.2812466, 39.5735947], [-122.281851, 39.5703093], [-122.2824808, 39.5673643], [-122.2830511, 39.5643853], [-122.2835703, 39.5616872], [-122.2842256, 39.5584869], [-122.2848044, 39.5554653], [-122.2854385, 39.5523629], [-122.2860131, 39.5493839], [-122.2865876, 39.5462879], [-122.2865557, 39.5437132], [-122.2865557, 39.540298], [-122.2865335, 39.5368138], [-122.2864659, 39.5334928], [-122.2864341, 39.5303056], [-122.2864023, 39.5270958], [-122.2863348, 39.5235821], [-122.2863519, 39.5202667], [-122.286316, 39.5169397], [-122.2862467, 39.5137699], [-122.2862231, 39.5105923], [-122.2862026, 39.5074696], [-122.2861864, 39.5043452], [-122.2861245, 39.5014927], [-122.2861151, 39.4984115], [-122.2860527, 39.4953153], [-122.2860209, 39.49206], [-122.2859809, 39.4885801], [-122.2859468, 39.4855295], [-122.2858847, 39.4821944], [-122.2859052, 39.4789579], [-122.2858575, 39.4756113], [-122.2858257, 39.4723924], [-122.2858166, 39.4689828], [-122.2857576, 39.4658592], [-122.2857211, 39.4625433], [-122.2856832, 39.4591161], [-122.2856396, 39.4558665], [-122.2856396, 39.4525159], [-122.2855624, 39.4491926], [-122.2855488, 39.4458466], [-122.2855158, 39.4425765], [-122.2854716, 39.4392498], [-122.2854127, 39.4359158], [-122.2854107, 39.432921], [-122.2853808, 39.4296385], [-122.2853263, 39.4262062], [-122.285311, 39.4233914], [-122.2852673, 39.4201951], [-122.28524, 39.4167537], [-122.285181, 39.4137028], [-122.2851402, 39.4097711], [-122.2851175, 39.4069426], [-122.2850692, 39.403297], [-122.285041, 39.3995956], [-122.2849873, 39.3955987], [-122.2849616, 39.3917874], [-122.2849379, 39.3887361], [-122.2849341, 39.3854599], [-122.284908, 39.3828878], [-122.2848587, 39.3801108], [-122.2848421, 39.3770851], [-122.284777, 39.3739726], [-122.2847452, 39.3715754], [-122.2847088, 39.3681386], [-122.2846907, 39.3650831], [-122.2846407, 39.3619005], [-122.2846271, 39.3588995], [-122.2846135, 39.3561482], [-122.284598, 39.351494], [-122.2845407, 39.3479375], [-122.2844728, 39.3445075], [-122.2844455, 39.3412568], [-122.2844228, 39.3385055], [-122.2843956, 39.3356407], [-122.2843774, 39.3325852], [-122.2843439, 39.3289939], [-122.2843045, 39.3256587], [-122.2842639, 39.3223655], [-122.2842458, 39.3190058], [-122.2841545, 39.3148039], [-122.284155, 39.3112559], [-122.2841141, 39.3078736], [-122.2840791, 39.3037329], [-122.2840278, 39.3005005], [-122.2839688, 39.2963418], [-122.2839482, 39.2929586], [-122.2839007, 39.2891185], [-122.2838689, 39.2859586], [-122.2838249, 39.2821288], [-122.283825, 39.2794477], [-122.2838054, 39.2765214], [-122.2837515, 39.273338], [-122.2837043, 39.2699146], [-122.2836556, 39.2667722], [-122.2836389, 39.2639492], [-122.2825569, 39.2602935], [-122.2816307, 39.2572063], [-122.2806228, 39.2538557], [-122.2797169, 39.2509958], [-122.2789229, 39.2482028], [-122.2779553, 39.2451415], [-122.2769832, 39.2420843], [-122.2761227, 39.2390692], [-122.2761487, 39.2377548], [-122.2760262, 39.2373985], [-122.2759142, 39.237027], [-122.2751798, 39.2358836], [-122.2742236, 39.2326781], [-122.2732439, 39.2295824], [-122.2723131, 39.2263726], [-122.2714022, 39.22343], [-122.2704813, 39.2202772], [-122.2694898, 39.2172698], [-122.2685643, 39.213997], [-122.2675148, 39.2105218], [-122.2665693, 39.2074109], [-122.2657559, 39.2046552], [-122.2649915, 39.2020478], [-122.2623859, 39.2006929], [-122.259658, 39.1992485], [-122.2568431, 39.1977926], [-122.2561158, 39.1961939], [-122.254703, 39.1929935], [-122.2532116, 39.1897606], [-122.2518478, 39.1866805], [-122.2503823, 39.1834828], [-122.248995, 39.1804184], [-122.2476235, 39.1773853], [-122.2462318, 39.17421], [-122.2447707, 39.1709978], [-122.2433521, 39.1679177], [-122.2419197, 39.1647602], [-122.2405228, 39.161734], [-122.2391434, 39.1587166], [-122.2378267, 39.1557698], [-122.2364034, 39.152583], [-122.2348799, 39.1496487], [-122.2333578, 39.1467608], [-122.2316588, 39.1437895], [-122.229867, 39.1408734], [-122.2279986, 39.1376967], [-122.2261978, 39.1346628], [-122.2244013, 39.1316776], [-122.2226849, 39.1288013], [-122.2209215, 39.1259249], [-122.2193262, 39.1231087], [-122.2175968, 39.1202008], [-122.2158111, 39.1172286], [-122.2141236, 39.1143284], [-122.2124019, 39.1114063], [-122.2106376, 39.1084044], [-122.2087716, 39.1055946], [-122.207112, 39.1031024], [-122.2054926, 39.1006247], [-122.2034468, 39.0975454], [-122.2015944, 39.0946067], [-122.1996978, 39.0917225], [-122.1978717, 39.0888619], [-122.1958653, 39.0858367], [-122.1939138, 39.082882], [-122.1920277, 39.0799662], [-122.1900908, 39.076923], [-122.1881605, 39.0743419], [-122.1864063, 39.0713657], [-122.184407, 39.0683357], [-122.1825819, 39.0653557], [-122.1806791, 39.0624301], [-122.1787592, 39.059461], [-122.1767753, 39.0564286], [-122.1747749, 39.0533585], [-122.1728782, 39.0504273], [-122.1708483, 39.0474177], [-122.16895, 39.0445044], [-122.1673705, 39.0420351], [-122.1652971, 39.0386977], [-122.1627245, 39.034775], [-122.1607368, 39.0318065], [-122.1583712, 39.0282318], [-122.156686, 39.0256593], [-122.1550214, 39.022939], [-122.1530038, 39.020136], [-122.1504522, 39.0159491], [-122.1479475, 39.0122435], [-122.1464915, 39.0099505], [-122.1448421, 39.0071539], [-122.1430217, 39.0046303], [-122.1412099, 39.0017569], [-122.1388143, 38.9981184], [-122.1366102, 38.9946781], [-122.1342935, 38.9911343], [-122.1321322, 38.9877915], [-122.1303328, 38.985039], [-122.1286108, 38.9824562], [-122.1264135, 38.9792669], [-122.1247484, 38.9762777], [-122.1226884, 38.9733084], [-122.1208138, 38.9703943], [-122.1187453, 38.9673195], [-122.1167232, 38.9641727], [-122.1144058, 38.9605288], [-122.1122772, 38.9572117], [-122.1101915, 38.9539078], [-122.1080972, 38.9507507], [-122.1060517, 38.9475769], [-122.1038699, 38.9441365], [-122.1020517, 38.9414169], [-122.1004058, 38.9389011], [-122.0984704, 38.9358622], [-122.0968555, 38.933266], [-122.0950704, 38.9308005], [-122.093387, 38.9278957], [-122.0912736, 38.9244763], [-122.089491, 38.9215172], [-122.0875751, 38.9183524], [-122.0858039, 38.9154839], [-122.0838132, 38.9122628], [-122.0820419, 38.9093002], [-122.0801531, 38.9061574], [-122.0781624, 38.9029441], [-122.0763206, 38.9000051], [-122.0747434, 38.8973644], [-122.0732414, 38.8947325], [-122.0714218, 38.8919134], [-122.0698339, 38.8893547], [-122.0680143, 38.8862414], [-122.0663424, 38.8835711], [-122.0645553, 38.8805824], [-122.062667, 38.8773217], [-122.0607007, 38.8740765], [-122.0590845, 38.8715097], [-122.0572855, 38.8687016], [-122.0555688, 38.8658146], [-122.0538866, 38.8632417], [-122.052539, 38.8608892], [-122.0507299, 38.8578163], [-122.048977, 38.8549741], [-122.0470164, 38.8517683], [-122.044943, 38.8486575], [-122.0429689, 38.8450277], [-122.0411836, 38.8420997], [-122.0393211, 38.8390445], [-122.0377332, 38.8364906], [-122.0361024, 38.8338631], [-122.0350936, 38.8323317], [-122.0343944, 38.8312693], [-122.0319676, 38.8268295], [-122.0300514, 38.8237265], [-122.0282747, 38.8209581], [-122.0262148, 38.8174634], [-122.024638, 38.8148225], [-122.023039, 38.8122843], [-122.0213825, 38.809482], [-122.0195629, 38.8064856], [-122.0177948, 38.8036563], [-122.0154773, 38.8005058], [-122.0135891, 38.7978168], [-122.0114261, 38.7948533], [-122.0095378, 38.7923782], [-122.0076238, 38.7897891], [-122.0053579, 38.7864775], [-122.0030147, 38.7831657], [-122.0009279, 38.7804679], [-121.9988262, 38.7775787], [-121.9969637, 38.7748687], [-121.9948436, 38.7720248], [-121.9925684, 38.7689321], [-121.9906422, 38.7659699], [-121.9884422, 38.762927], [-121.9864296, 38.7601701], [-121.984382, 38.7574296], [-121.9823643, 38.7545332], [-121.9804326, 38.7517973], [-121.9783212, 38.7490082], [-121.9760759, 38.7458669], [-121.9740297, 38.7430504], [-121.9719011, 38.7400646], [-121.9698034, 38.7372557], [-121.9677827, 38.7344109], [-121.9657515, 38.7315845], [-121.96373, 38.7287027], [-121.961501, 38.7257079], [-121.9594974, 38.7230252], [-121.9576327, 38.7204591], [-121.9560553, 38.7182357], [-121.9539893, 38.7153211], [-121.9520423, 38.7124355], [-121.949916, 38.7095013], [-121.9478685, 38.7067706], [-121.9457828, 38.703857], [-121.9449073, 38.7006552], [-121.9440919, 38.6974734], [-121.9432508, 38.6940235], [-121.9424108, 38.6908954], [-121.9415872, 38.6877515], [-121.9407046, 38.6843504], [-121.9398862, 38.6811534], [-121.939022, 38.6779886], [-121.9382177, 38.6748349], [-121.9374714, 38.6719186], [-121.9366504, 38.6686899], [-121.9357503, 38.6654379], [-121.9349025, 38.6622132], [-121.9343295, 38.6599772], [-121.9334954, 38.6567719], [-121.9326593, 38.6536972], [-121.9318538, 38.6505294], [-121.9310074, 38.6473849], [-121.9302066, 38.6442965], [-121.9295007, 38.6414501], [-121.9286596, 38.6383998], [-121.9277755, 38.6351683], [-121.9269687, 38.6318494], [-121.9261808, 38.6288409], [-121.9253551, 38.6258084], [-121.9246685, 38.6229783], [-121.9237677, 38.6197457], [-121.9230453, 38.6167887], [-121.9222652, 38.6138915], [-121.921408, 38.6106244], [-121.9205743, 38.6074085], [-121.9197686, 38.6042378], [-121.9188617, 38.6009691], [-121.9179994, 38.597794], [-121.9172055, 38.5945922], [-121.9164165, 38.5913815], [-121.9155657, 38.5880864], [-121.9147454, 38.5848482], [-121.9138538, 38.5815855], [-121.9131289, 38.5783751], [-121.9121715, 38.5751843], [-121.9114001, 38.5720249], [-121.9105693, 38.5687442], [-121.9097425, 38.5656553], [-121.908875, 38.5622719], [-121.907983, 38.558964], [-121.9071616, 38.5557611], [-121.9071871, 38.5527622], [-121.907127, 38.5494195], [-121.9071184, 38.5468888], [-121.9071263, 38.5434746], [-121.9070741, 38.5405627], [-121.9070623, 38.5382458], [-121.9070524, 38.53546], [-121.9070171, 38.532327], [-121.906998, 38.5288572], [-121.907054, 38.5253202], [-121.906998, 38.5225273], [-121.906918, 38.5196616], [-121.906153, 38.5166828], [-121.905371, 38.5136422], [-121.904556, 38.5104593], [-121.9036781, 38.507059], [-121.9028599, 38.5038265], [-121.902008, 38.5004934], [-121.901261, 38.497528], [-121.900437, 38.4942719], [-121.899574, 38.4909191], [-121.898827, 38.4880375], [-121.8979671, 38.4847196], [-121.897162, 38.4815169], [-121.8963709, 38.4784158], [-121.8955819, 38.4752877], [-121.89472, 38.471883], [-121.8939151, 38.4687592], [-121.8930829, 38.4654754], [-121.892252, 38.4621939], [-121.891429, 38.45888], [-121.8905609, 38.4555883], [-121.8896979, 38.4521714], [-121.888891, 38.4489879], [-121.888055, 38.4457214], [-121.8872291, 38.4425074], [-121.886408, 38.439276], [-121.885592, 38.4360288], [-121.884802, 38.432963], [-121.883996, 38.4298029], [-121.883197, 38.4265963], [-121.882412, 38.4235795], [-121.8815981, 38.4203475], [-121.880799, 38.4172155], [-121.880026, 38.414174], [-121.8792749, 38.4111825], [-121.8784201, 38.4078754], [-121.8776761, 38.4048771], [-121.8769219, 38.4019486], [-121.876099, 38.3986867], [-121.875271, 38.3954466], [-121.874451, 38.3921683], [-121.8738269, 38.3897758], [-121.8729901, 38.3864951], [-121.87219, 38.3832275], [-121.871356, 38.3799841], [-121.8705139, 38.3768111], [-121.8696705, 38.3735101], [-121.8688214, 38.3701385], [-121.8679931, 38.3668797], [-121.8671848, 38.3636408], [-121.8663461, 38.3603834], [-121.8655467, 38.357157], [-121.8646975, 38.3538786], [-121.8638706, 38.3506571], [-121.863023, 38.3472984], [-121.862376, 38.3446628], [-121.861543, 38.3414185], [-121.860749, 38.3382385], [-121.860203, 38.3351662], [-121.859625, 38.3322096], [-121.859045, 38.3291124], [-121.858444, 38.3259219], [-121.8578501, 38.3228329], [-121.85729, 38.3197165], [-121.8567081, 38.3166292], [-121.856105, 38.313412], [-121.8555621, 38.3104948], [-121.854989, 38.3074197], [-121.8543962, 38.3043382], [-121.851994, 38.3018011], [-121.849437, 38.2991116], [-121.8469239, 38.2964602], [-121.8443959, 38.2938037], [-121.841931, 38.291221], [-121.839535, 38.2886834], [-121.837227, 38.2862446], [-121.8349451, 38.2838753], [-121.8326541, 38.2814561], [-121.830472, 38.2791488], [-121.8281821, 38.2767505], [-121.82591, 38.2743436], [-121.823219, 38.2715159], [-121.820704, 38.2689129], [-121.818155, 38.266228], [-121.815704, 38.2636412], [-121.813108, 38.2609426], [-121.810791, 38.2584826], [-121.80837, 38.2559215], [-121.805847, 38.2532592], [-121.803427, 38.2507047], [-121.801101, 38.2482444], [-121.798792, 38.245811], [-121.796277, 38.2431753], [-121.7938583, 38.2406189], [-121.7913968, 38.2380835], [-121.7889211, 38.2354598], [-121.7863465, 38.2327332], [-121.7838956, 38.230138], [-121.7814503, 38.2275843], [-121.7790511, 38.2250405], [-121.7765825, 38.2224458], [-121.7742796, 38.2200191], [-121.7719317, 38.217552], [-121.769521, 38.2150263], [-121.7669778, 38.2123234], [-121.7645938, 38.209823], [-121.7624068, 38.2075097], [-121.7603162, 38.2052708], [-121.7578595, 38.2027308], [-121.7556827, 38.2004109], [-121.7532279, 38.197812], [-121.750855, 38.1953196], [-121.748488, 38.192853], [-121.7461921, 38.1904424], [-121.744084, 38.1881964], [-121.741805, 38.1857926], [-121.739767, 38.1836291], [-121.7370001, 38.1807452], [-121.7346481, 38.1782442], [-121.7319831, 38.1754212], [-121.729343, 38.1726371], [-121.726763, 38.1698986], [-121.72424, 38.1672264], [-121.721862, 38.1645839], [-121.7198521, 38.1623487], [-121.718081, 38.1603206], [-121.7161001, 38.1581187], [-121.7141011, 38.1559123], [-121.7118542, 38.1532498], [-121.709133, 38.1500504], [-121.7058831, 38.1463043], [-121.7057871, 38.1434362], [-121.705683, 38.1407283], [-121.705515, 38.1366985], [-121.708129, 38.13443], [-121.7106331, 38.1322722], [-121.7138641, 38.1294328], [-121.717626, 38.1261939], [-121.719988, 38.1241517], [-121.7224319, 38.1220526], [-121.724878, 38.119909], [-121.727463, 38.1176568], [-121.730183, 38.1153356], [-121.733844, 38.1121343], [-121.736599, 38.1097924], [-121.740041, 38.1067837], [-121.7435772, 38.1037549], [-121.7466001, 38.101099], [-121.74883, 38.098713], [-121.751657, 38.0956676], [-121.7510552, 38.0926827], [-121.7491623, 38.0900323], [-121.7426577, 38.0807041], [-121.7407826, 38.0779816], [-121.7385682, 38.0764276], [-121.7331265, 38.0758736], [-121.7267235, 38.0752655], [-121.7206467, 38.0747452], [-121.7155913, 38.0723601], [-121.7098921, 38.0699951], [-121.704665, 38.0677315], [-121.7016095, 38.0642041], [-121.6983822, 38.0603927], [-121.6963309, 38.0579395], [-121.6941336, 38.0560877], [-121.6886319, 38.0515054], [-121.6864518, 38.0496805], [-121.6838511, 38.0474906], [-121.6803492, 38.0444894], [-121.6801518, 38.041157], [-121.6799544, 38.0378243], [-121.6797141, 38.0351202], [-121.6796111, 38.0324161], [-121.6761864, 38.0297524], [-121.6726931, 38.0271359], [-121.66932, 38.0245464], [-121.6658524, 38.0218553], [-121.6624535, 38.0192318], [-121.6592091, 38.0167096], [-121.6553982, 38.0160807], [-121.6516732, 38.0154654], [-121.6507891, 38.014025], [-121.6491658, 38.0113841], [-121.6481455, 38.0097241], [-121.645768, 38.0081011], [-121.6449355, 38.0047466], [-121.6443776, 38.001879], [-121.6436137, 37.9987543], [-121.6407813, 37.9974556], [-121.6407761, 37.9971724], [-121.6407298, 37.9946554], [-121.6407984, 37.9920174], [-121.6385325, 37.9891357], [-121.6361807, 37.9862675], [-121.6338719, 37.9834465], [-121.6307562, 37.9809298], [-121.6275633, 37.9782237], [-121.6236938, 37.9750473], [-121.619727, 37.971857], [-121.6160105, 37.9687716], [-121.6118392, 37.9687851], [-121.607436, 37.9688189], [-121.603093, 37.9687648], [-121.6011876, 37.9655101], [-121.5998229, 37.9629996], [-121.5974883, 37.9588446], [-121.5953682, 37.9550683], [-121.5926646, 37.9504526], [-121.5903729, 37.9464525], [-121.5880898, 37.9422695], [-121.5860364, 37.9386866], [-121.5807084, 37.9382554], [-121.574829, 37.937856], [-121.5692328, 37.9374228], [-121.5640658, 37.9370031], [-121.5629157, 37.9329075], [-121.5616368, 37.9284055], [-121.5607441, 37.9251558], [-121.5598601, 37.9218382], [-121.5589417, 37.9188116], [-121.557852, 37.9146568], [-121.5570191, 37.9114376], [-121.5561257, 37.9083468], [-121.5553454, 37.9056407], [-121.5553454, 37.9012861], [-121.555354, 37.8965925], [-121.5553282, 37.8921086], [-121.5552853, 37.8870418], [-121.5553883, 37.8824422], [-121.5553883, 37.8776119], [-121.5552252, 37.8729913], [-121.5553368, 37.8684653], [-121.5553111, 37.864061], [-121.5554312, 37.8595344], [-121.5553883, 37.8572304], [-121.5552596, 37.8549466], [-121.5537833, 37.851348], [-121.5519551, 37.847207], [-121.5502213, 37.8432555], [-121.5482815, 37.8387141], [-121.5462903, 37.8340504], [-121.5449023, 37.8309773], [-121.544441, 37.8297511], [-121.549878, 37.828817], [-121.5536681, 37.82823], [-121.5571157, 37.8276672], [-121.5590166, 37.8252457], [-121.5621626, 37.8212441], [-121.5653139, 37.8172361], [-121.5676433, 37.8143235], [-121.5699387, 37.8113938], [-121.5719086, 37.8088801], [-121.5763129, 37.8063703], [-121.5791806, 37.8047804], [-121.5793016, 37.8018957], [-121.5793782, 37.8003975], [-121.5793782, 37.8002243], [-121.579378, 37.7997896], [-121.5793779, 37.7996351], [-121.5793777, 37.7990737]]}}, {"type": "Feature", "id": "way/24055062", "properties": {"power": "line", "voltage": "500000", "name": "Vaca Dixon - Tesla 500KV (Path 15)", "cables": "3", "frequency": "60", "operator": "Pacific Gas and Electric", "operator:short": "PG&E", "operator:website": "https://www.pge.com", "operator:wikidata": "Q1815011", "operator:wikipedia": "en:Pacific Gas and Electric Company", "ref": "Vaca Dixon - Tesla", "ref:ornl": "301098", "source": "Yahoo;tiger;bing_imagery", "wikidata": "Q7144625", "wikipedia": "en:Path 15", "wires": "double"}, "geometry": {"type": "LineString", "coordinates": [[-121.8308448, 38.1311524], [-121.8317901, 38.1338562], [-121.8333772, 38.1382734], [-121.8340017, 38.1401685], [-121.8352271, 38.1437496], [-121.8365442, 38.1472019], [-121.8377186, 38.1505461], [-121.838845, 38.1537245], [-121.8399789, 38.1568119], [-121.8413519, 38.1607328], [-121.8425972, 38.1641982], [-121.8435657, 38.1668959], [-121.8450135, 38.1709905], [-121.8461499, 38.1741818], [-121.847331, 38.1775486], [-121.8487091, 38.1813875], [-121.8498778, 38.1847496], [-121.8511076, 38.1881739], [-121.8523051, 38.1915547], [-121.8535447, 38.1950331], [-121.854829, 38.1985604], [-121.856034, 38.202023], [-121.8571966, 38.2052914], [-121.858892, 38.2084573], [-121.8607203, 38.2119916], [-121.8626432, 38.2156132], [-121.8643836, 38.2189244], [-121.865681, 38.2213782], [-121.867295, 38.2244665], [-121.869029, 38.2277164], [-121.8709496, 38.2313446], [-121.8728976, 38.2350072], [-121.8747872, 38.2385783], [-121.8767196, 38.2422422], [-121.878524, 38.2456443], [-121.8804728, 38.2493549], [-121.8823426, 38.2529095], [-121.8841889, 38.2564014], [-121.886005, 38.2598864], [-121.8878362, 38.2633225], [-121.8894572, 38.2663698], [-121.8881878, 38.2692395], [-121.886853, 38.2722873], [-121.8854772, 38.2753353], [-121.8841911, 38.2783337], [-121.88278, 38.2812608], [-121.881534, 38.283849], [-121.8802196, 38.2866032], [-121.8788333, 38.2894727], [-121.8788066, 38.2915768], [-121.8815056, 38.2939457], [-121.8839699, 38.2960936], [-121.8868049, 38.2985591], [-121.8900703, 38.3013713], [-121.8933642, 38.3042595], [-121.8967411, 38.3071526], [-121.9001057, 38.3100686], [-121.9033654, 38.3129095], [-121.9066858, 38.3157743], [-121.9084217, 38.3184208], [-121.9107408, 38.3219128], [-121.9129036, 38.3252659], [-121.9151098, 38.3286327], [-121.917276, 38.3319305], [-121.9193567, 38.335092], [-121.9194208, 38.3383175], [-121.9194141, 38.341592], [-121.9194027, 38.345309], [-121.9194246, 38.3488134], [-121.9194022, 38.3519364], [-121.9194086, 38.3556522], [-121.9193784, 38.359167], [-121.9193811, 38.3625345], [-121.9194058, 38.366116], [-121.9193967, 38.3691483], [-121.9194128, 38.3724052], [-121.9194058, 38.3757247], [-121.9194146, 38.3790653], [-121.9193953, 38.3823256], [-121.9194146, 38.3857393], [-121.9194314, 38.3888213], [-121.9194167, 38.3921213], [-121.9194427, 38.3954772], [-121.9166752, 38.3977433], [-121.916641, 38.4006926], [-121.9174652, 38.4026861], [-121.9174773, 38.4031046]]}}, {"type": "Feature", "id": "way/24064448", "properties": {"power": "substation", "voltage": "230000", "name": "Birds Landing Switching Station", "operator": "Pacific Gas and Electric Company", "operator:short": "PG&E", "operator:website": "https://www.pge.com", "operator:wikidata": "Q1815011", "operator:wikipedia": "en:Pacific Gas and Electric Company", "substation": "transmission"}, "geometry": {"type": "Polygon", "coordinates": [[[-121.8309376, 38.1248987], [-121.8306842, 38.1241563], [-121.8303665, 38.124055], [-121.8293179, 38.1242755], [-121.8296627, 38.125297], [-121.83001, 38.1253477], [-121.830748, 38.1252327], [-121.8309376, 38.1248987]]]}}, {"type": "Feature", "id": "way/24064449", "properties": {"power": "substation", "voltage": "230000", "name": "Russell Substation", "substation": "generation"}, "geometry": {"type": "Polygon", "coordinates": [[[-121.8295777, 38.1238838], [-121.829287, 38.122986], [-121.8287469, 38.1230942], [-121.8290376, 38.123992], [-121.8295777, 38.1238838]]]}}, {"type": "Feature", "id": "way/24064451", "properties": {"power": "substation", "voltage": null, "name": null, "substation": "generation"}, "geometry": {"type": "Polygon", "coordinates": [[[-121.8312091, 38.1275479], [-121.8310769, 38.1271447], [-121.8302849, 38.1273037], [-121.8304169, 38.1277069], [-121.8312091, 38.1275479]]]}}, {"type": "Feature", "id": "way/32853640", "properties": {"power": "line", "voltage": "500000", "name": "Table Mountain - Tesla 500KV (Path 15)", "cables": "3", "frequency": "60", "operator": "Pacific Gas and Electric Company", "operator:short": "PG&E", "operator:website": "https://www.pge.com", "operator:wikidata": "Q1815011", "operator:wikipedia": "en:Pacific Gas and Electric Company", "ref": "Table Mountain - Tesla", "ref:ornl": "306357", "source": "Yahoo;tiger;bing_imagery", "wikipedia": "en:Path 15", "wires": "double"}, "geometry": {"type": "LineString", "coordinates": [[-121.6901966, 38.936756], [-121.6902073, 38.9330888], [-121.6902051, 38.929443], [-121.6902428, 38.9257511], [-121.6902483, 38.9220907], [-121.690279, 38.9184057], [-121.6903204, 38.9144315], [-121.6903176, 38.9104416], [-121.6903455, 38.9066919], [-121.6903656, 38.9027728], [-121.6903889, 38.8988665], [-121.6904205, 38.8949797], [-121.6904393, 38.8911352], [-121.6902984, 38.8872375], [-121.6904855, 38.8832742], [-121.6905385, 38.8794139], [-121.690538, 38.8756326], [-121.6905575, 38.8717461], [-121.6906107, 38.8679143], [-121.6905228, 38.8640503], [-121.6905732, 38.8600825], [-121.6905743, 38.8563776], [-121.6906, 38.8524341], [-121.6906429, 38.8485505], [-121.6906429, 38.8445797], [-121.6887203, 38.8410032], [-121.6867462, 38.8374466], [-121.6853043, 38.8342775], [-121.6838784, 38.8316053], [-121.6823603, 38.8289754], [-121.6824204, 38.8253513], [-121.6824547, 38.8216601], [-121.6825319, 38.8178952], [-121.6825405, 38.8141702], [-121.6825834, 38.810445], [-121.6826092, 38.8066929], [-121.682695, 38.8029138], [-121.6827208, 38.799101], [-121.682798, 38.7953751], [-121.6828238, 38.7916355], [-121.6828667, 38.7878355], [-121.6829268, 38.7841023], [-121.6829525, 38.7802952], [-121.6830212, 38.7765147], [-121.6830383, 38.7727608], [-121.6831156, 38.7690736], [-121.6831499, 38.7652122], [-121.6831671, 38.7629033], [-121.6831757, 38.75949], [-121.6832529, 38.7560564], [-121.6832958, 38.7526227], [-121.6833559, 38.7491956], [-121.6828238, 38.7457749], [-121.6822916, 38.742334], [-121.6818024, 38.7389331], [-121.6813795, 38.7358163], [-121.6815223, 38.731911], [-121.6816128, 38.7294394], [-121.681698, 38.7269677], [-121.6810299, 38.7229574], [-121.6805463, 38.7191278], [-121.6800294, 38.7152354], [-121.6795074, 38.7113422], [-121.6789864, 38.7074515], [-121.6784654, 38.7035639], [-121.6779423, 38.699665], [-121.677446, 38.6959428], [-121.6769297, 38.6920515], [-121.6763779, 38.6879605], [-121.6758556, 38.6840837], [-121.6753038, 38.6800565], [-121.6747659, 38.6763093], [-121.6740795, 38.6728679], [-121.6733085, 38.6689995], [-121.6725386, 38.6651365], [-121.6717671, 38.6612716], [-121.6709943, 38.6574031], [-121.67024, 38.6536045], [-121.6694552, 38.6496713], [-121.6687462, 38.6460333], [-121.668006, 38.642164], [-121.6672112, 38.6382991], [-121.6665159, 38.6344038], [-121.6657606, 38.6305553], [-121.6650311, 38.6266864], [-121.6643273, 38.622871], [-121.6635891, 38.6190218], [-121.6628681, 38.6151389], [-121.6621128, 38.6113027], [-121.6613833, 38.6074998], [-121.660688, 38.6036431], [-121.6599499, 38.5998197], [-121.6592117, 38.5960163], [-121.658465, 38.5921522], [-121.6577955, 38.5884088], [-121.6570488, 38.5845309], [-121.6563192, 38.5806595], [-121.6555725, 38.5766806], [-121.6548344, 38.5729095], [-121.6540877, 38.5690308], [-121.6535212, 38.565984], [-121.6527659, 38.5622056], [-121.6520964, 38.5585009], [-121.6513582, 38.5545878], [-121.6506398, 38.55082], [-121.6499189, 38.54692], [-121.6491721, 38.54306], [-121.6489833, 38.5393341], [-121.6490262, 38.5355677], [-121.6491035, 38.5315997], [-121.6491292, 38.5276852], [-121.649215, 38.5237436], [-121.6492494, 38.5198086], [-121.6493266, 38.5158867], [-121.6494124, 38.5119982], [-121.6494639, 38.5081028], [-121.6495154, 38.5042542], [-121.6495841, 38.5004053], [-121.6496356, 38.496731], [-121.6496957, 38.4927676], [-121.6497558, 38.4888577], [-121.6498416, 38.4849543], [-121.6498931, 38.4810305], [-121.6499618, 38.47712], [-121.6500304, 38.4732092], [-121.6501004, 38.4692684], [-121.6509513, 38.4666633], [-121.6524968, 38.4628476], [-121.6540933, 38.459286], [-121.6556763, 38.4555742], [-121.6572183, 38.4519853], [-121.6588831, 38.4481508], [-121.6604577, 38.4444513], [-121.6619587, 38.4407498], [-121.6635962, 38.436946], [-121.6651876, 38.4333585], [-121.666814, 38.4295787], [-121.6684009, 38.4258905], [-121.6699912, 38.4221945], [-121.6715912, 38.4184761], [-121.6732008, 38.4147352], [-121.6747747, 38.411068], [-121.6762332, 38.4076695], [-121.6778167, 38.4039798], [-121.6794138, 38.4002586], [-121.6809967, 38.3965703], [-121.6825073, 38.393005], [-121.6841037, 38.3892915], [-121.6856745, 38.3855846], [-121.6872709, 38.381864], [-121.6888588, 38.3781634], [-121.6904552, 38.3744357], [-121.6919315, 38.370977], [-121.693485, 38.3673216], [-121.6948808, 38.3640685], [-121.694963, 38.3605182], [-121.6948317, 38.3569727], [-121.694568, 38.3533839], [-121.694534, 38.3503415], [-121.6945699, 38.3468628], [-121.6946011, 38.3434199], [-121.6946544, 38.339969], [-121.6946767, 38.3364754], [-121.6947121, 38.3329713], [-121.694748, 38.329499], [-121.6978044, 38.3270307], [-121.7008491, 38.3245552], [-121.7038909, 38.3220786], [-121.7069204, 38.3195921], [-121.7100128, 38.3170636], [-121.713125, 38.3144989], [-121.7146123, 38.3112682], [-121.7161966, 38.3077541], [-121.717845, 38.3042389], [-121.7194458, 38.3007373], [-121.7210508, 38.2972268], [-121.7226444, 38.2937245], [-121.7235374, 38.2903901], [-121.7243359, 38.2868008], [-121.7246766, 38.2826951], [-121.7250286, 38.2788805], [-121.725364, 38.2750297], [-121.7256933, 38.271183], [-121.726025, 38.2674948], [-121.7263604, 38.2637026], [-121.7267063, 38.2596682], [-121.727029, 38.2562536], [-121.7277009, 38.2522675], [-121.7289166, 38.2487641], [-121.7301767, 38.2450972], [-121.731398, 38.2414918], [-121.73272, 38.2380402], [-121.734102, 38.2343458], [-121.735492, 38.2306376], [-121.736694, 38.2275024]]}}, {"type": "Feature", "id": "way/35912398", "properties": {"power": "substation", "voltage": "230000", "name": null, "substation": "generation"}, "geometry": {"type": "Polygon", "coordinates": [[[-121.8329063, 38.1254257], [-121.8317786, 38.1254241], [-121.8317793, 38.1251326], [-121.832907, 38.1251342], [-121.8329063, 38.1254257]]]}}, {"type": "Feature", "id": "way/35912596", "properties": {"power": "substation", "voltage": null, "name": "Lambie Substation", "operator": "Pacific Gas and Electric", "operator:short": "PG&E", "operator:website": "https://www.pge.com", "operator:wikidata": "Q1815011", "operator:wikipedia": "en:Pacific Gas and Electric Company", "substation": "generation"}, "geometry": {"type": "Polygon", "coordinates": [[[-121.8674065, 38.2219177], [-121.8668658, 38.2220862], [-121.8664566, 38.2213604], [-121.8663485, 38.2209889], [-121.8664374, 38.2209636], [-121.8666262, 38.2209099], [-121.8672442, 38.2209032], [-121.8674946, 38.2213568], [-121.8674065, 38.2219177]]]}}, {"type": "Feature", "id": "way/59151150", "properties": {"power": "line", "voltage": "230000", "name": null, "cables": "3", "operator": "Pacific Gas and Electric Company", "operator:short": "PG&E", "operator:website": "https://www.pge.com", "operator:wikidata": "Q1815011", "operator:wikipedia": "en:Pacific Gas and Electric Company", "wires": "single"}, "geometry": {"type": "LineString", "coordinates": [[-121.8304573, 38.1275123], [-121.830389, 38.1275245], [-121.83044, 38.1276768], [-121.831237, 38.1274972], [-121.831888, 38.1273798], [-121.8320129, 38.1277549]]}}, {"type": "Feature", "id": "way/59151152", "properties": {"power": "line", "voltage": "500000", "name": "Table Mountain - Tesla 500KV (Path 15)", "cables": "1", "operator": "Pacific Gas and Electric Company", "operator:short": "PG&E", "operator:website": "https://www.pge.com", "operator:wikidata": "Q1815011", "operator:wikipedia": "en:Pacific Gas and Electric Company", "wires": "double"}, "geometry": {"type": "LineString", "coordinates": [[-121.737878, 38.2243484], [-121.7378236, 38.2248958], [-121.7375365, 38.2248068], [-121.736694, 38.2275024]]}}, {"type": "Feature", "id": "way/59151153", "properties": {"power": "line", "voltage": "500000", "name": "Vaca Dixon - Tesla 500KV (Path 15)", "cables": "1", "operator": "Pacific Gas and Electric Company", "operator:short": "PG&E", "operator:website": "https://www.pge.com", "operator:wikidata": "Q1815011", "operator:wikipedia": "en:Pacific Gas and Electric Company", "wires": "double"}, "geometry": {"type": "LineString", "coordinates": [[-121.8298264, 38.0946735], [-121.8317945, 38.094814], [-121.8314769, 38.0977232]]}}, {"type": "Feature", "id": "way/59151154", "properties": {"power": "line", "voltage": "500000", "name": "Vaca Dixon - Tesla 500KV (Path 15)", "cables": "1", "operator": "Pacific Gas and Electric Company", "operator:short": "PG&E", "operator:website": "https://www.pge.com", "operator:wikidata": "Q1815011", "operator:wikipedia": "en:Pacific Gas and Electric Company", "wires": "double"}, "geometry": {"type": "LineString", "coordinates": [[-121.8298264, 38.0946735], [-121.8321378, 38.0945842], [-121.8314769, 38.0977232]]}}, {"type": "Feature", "id": "way/59161083", "properties": {"power": "line", "voltage": null, "name": null}, "geometry": {"type": "LineString", "coordinates": [[-121.866776, 38.2216755], [-121.866342, 38.2216682]]}}, {"type": "Feature", "id": "way/59161085", "properties": {"power": "line", "voltage": null, "name": null}, "geometry": {"type": "LineString", "coordinates": [[-121.866632, 38.2214491], [-121.866342, 38.2216682]]}}, {"type": "Feature", "id": "way/59161086", "properties": {"power": "line", "voltage": "500000", "name": "Vaca Dixon - Tesla 500KV (Path 15)", "cables": "1", "operator": "Pacific Gas and Electric Company", "operator:short": "PG&E", "operator:website": "https://www.pge.com", "operator:wikidata": "Q1815011", "operator:wikipedia": "en:Pacific Gas and Electric Company", "wires": "double"}, "geometry": {"type": "LineString", "coordinates": [[-121.8308448, 38.1311524], [-121.8303101, 38.1292154], [-121.8300176, 38.1292841], [-121.8296636, 38.12783]]}}, {"type": "Feature", "id": "way/59171725", "properties": {"power": "plant", "voltage": null, "name": "Lambie Energy Center", "landuse": "industrial", "operator": "Gilroy Energy Center LLC", "plant:method": "combustion", "plant:output:electricity": "47 MW", "plant:source": "gas", "ref:US:EIA": "55626", "source": "U.S. Energy Information Administration - EIA-860 - 2021", "start_date": "2003-01"}, "geometry": {"type": "Polygon", "coordinates": [[[-121.8668658, 38.2220862], [-121.8670226, 38.2223992], [-121.8692378, 38.2224275], [-121.8684086, 38.2209044], [-121.8672442, 38.2209032], [-121.8674946, 38.2213568], [-121.8674065, 38.2219177], [-121.8668658, 38.2220862]]]}}, {"type": "Feature", "id": "way/92633581", "properties": {"power": "line", "voltage": null, "name": null}, "geometry": {"type": "LineString", "coordinates": [[-121.8299376, 38.121438], [-121.8300996, 38.1218975], [-121.8303136, 38.1223856], [-121.8305057, 38.1228537], [-121.8306973, 38.1233054], [-121.830174, 38.1234143], [-121.8296454, 38.1234674], [-121.8293452, 38.1234462]]}}, {"type": "Feature", "id": "way/92633582", "properties": {"power": "line", "voltage": "230000", "name": "Shiloh 2-Birds Landing", "cables": "3", "operator": "Pacific Gas and Electric Company", "operator:short": "PG&E", "operator:website": "https://www.pge.com", "operator:wikidata": "Q1815011", "operator:wikipedia": "en:Pacific Gas and Electric Company", "wires": "single"}, "geometry": {"type": "LineString", "coordinates": [[-121.8464847, 38.1713197], [-121.8463973, 38.1713373], [-121.8462087, 38.1713823], [-121.8458274, 38.1714488], [-121.845139, 38.1695895], [-121.8449322, 38.1690123], [-121.8441944, 38.1669219], [-121.8435516, 38.1651164], [-121.8426405, 38.1625005], [-121.8419642, 38.1605722], [-121.8414108, 38.1590295], [-121.8405668, 38.1566874], [-121.8400275, 38.1550356], [-121.8394947, 38.1535744], [-121.8388644, 38.1519128], [-121.8380508, 38.1495865], [-121.8371798, 38.147031], [-121.8366355, 38.1455584], [-121.8359422, 38.1435644], [-121.8351343, 38.1413642], [-121.834653, 38.1399948], [-121.834017, 38.1381039], [-121.832418, 38.1336633], [-121.831788, 38.1318928], [-121.831238, 38.1302483], [-121.8303999, 38.1279759]]}}, {"type": "Feature", "id": "way/92633622", "properties": {"power": "line", "voltage": null, "name": null}, "geometry": {"type": "LineString", "coordinates": [[-121.8293752, 38.1227092], [-121.8286504, 38.1229657], [-121.8274604, 38.1231437], [-121.827394, 38.1231888], [-121.8272585, 38.1232791], [-121.8268255, 38.1236032], [-121.8263793, 38.1239485], [-121.8258985, 38.1242938], [-121.825415, 38.1246657], [-121.8249369, 38.1250057], [-121.8243817, 38.1254175], [-121.8237469, 38.1254042], [-121.823027, 38.1253882], [-121.8222859, 38.1253909], [-121.8215501, 38.1253617], [-121.8209524, 38.125019], [-121.8203787, 38.1246498], [-121.8198076, 38.1243045], [-121.8192259, 38.1239459], [-121.8186468, 38.1236191], [-121.8179694, 38.1235501], [-121.8172894, 38.1234943], [-121.8166094, 38.1234518], [-121.8159267, 38.1233827], [-121.8153875, 38.1231357], [-121.8148084, 38.1229152], [-121.814147, 38.1231038], [-121.8134378, 38.1232818], [-121.812864, 38.1232685], [-121.8122238, 38.1232579], [-121.8115783, 38.1232552], [-121.8109222, 38.1232446], [-121.810306, 38.1232393], [-121.8096419, 38.123311], [-121.8089672, 38.1233854], [-121.8083217, 38.1234651], [-121.8076656, 38.1235288], [-121.8069829, 38.1238104], [-121.8062853, 38.1241033], [-121.8056283, 38.1240999], [-121.8049885, 38.1241067], [-121.8043384, 38.1240965], [-121.8036882, 38.1241033], [-121.8030722, 38.1241067], [-121.8024357, 38.1240114], [-121.8017379, 38.1238957], [-121.8010776, 38.123814], [-121.8004888, 38.1237153], [-121.7999544, 38.123957], [-121.7992158, 38.1239536], [-121.7985998, 38.1239468], [-121.7986258, 38.1241331], [-121.7987263, 38.1246043], [-121.7988424, 38.1250844], [-121.7988982, 38.1252697], [-121.7986414, 38.1252675], [-121.7980117, 38.1252876], [-121.7973105, 38.1252876], [-121.7967121, 38.125301], [-121.7961226, 38.125292], [-121.7958836, 38.1253054], [-121.7951378, 38.125292], [-121.7943942, 38.125301], [-121.7936797, 38.1252943], [-121.7930053, 38.1252943], [-121.7924024, 38.125301], [-121.7918664, 38.1253032], [-121.7912099, 38.1253121], [-121.790645, 38.1253032], [-121.789926, 38.1252943], [-121.7891868, 38.1252876], [-121.7885638, 38.1252898], [-121.7879051, 38.1252697], [-121.7872151, 38.1252675], [-121.7864246, 38.1252451], [-121.7856922, 38.1252429], [-121.7849821, 38.1252273], [-121.7841558, 38.1252429], [-121.7833989, 38.1252139], [-121.7826173, 38.1252005], [-121.7818692, 38.1252005], [-121.7811904, 38.1251782], [-121.7804803, 38.1251737], [-121.779759, 38.1251625], [-121.779078, 38.1251447], [-121.7785599, 38.1251491], [-121.7783366, 38.1251424], [-121.7783054, 38.124966], [-121.7782116, 38.1245328], [-121.7781248, 38.1239418], [-121.7779991, 38.123373], [-121.7779049, 38.1227973], [-121.7777933, 38.1222147], [-121.7776607, 38.1216494], [-121.777577, 38.1210737], [-121.7774549, 38.1205818], [-121.7774618, 38.1204631], [-121.7774269, 38.1203864]]}}, {"type": "Feature", "id": "way/92633626", "properties": {"power": "substation", "voltage": "230000", "name": "Shiloh 2 Substation", "substation": "generation"}, "geometry": {"type": "Polygon", "coordinates": [[[-121.8468848, 38.171429], [-121.8467394, 38.1710042], [-121.8459569, 38.1711775], [-121.8460967, 38.1716023], [-121.8468848, 38.171429]]]}}, {"type": "Feature", "id": "way/92633636", "properties": {"power": "line", "voltage": null, "name": null}, "geometry": {"type": "LineString", "coordinates": [[-121.8319777, 38.0969838], [-121.8325557, 38.0971321], [-121.8331125, 38.097274], [-121.8338917, 38.0972991], [-121.8346485, 38.0973213], [-121.8354138, 38.097352], [-121.8361663, 38.0973797], [-121.8367465, 38.0976477], [-121.8373479, 38.0979267], [-121.8379408, 38.0981981], [-121.8385486, 38.0984921], [-121.8384772, 38.0991002], [-121.8384027, 38.0997075], [-121.8383335, 38.1003232], [-121.8379088, 38.1007579], [-121.8374756, 38.1011977], [-121.8366326, 38.102068], [-121.8368966, 38.1025706], [-121.8371595, 38.103079], [-121.8374192, 38.1035874], [-121.8376842, 38.1040983], [-121.8379503, 38.1046068], [-121.8378535, 38.1051529], [-121.8377619, 38.1056948], [-121.8376693, 38.1062409], [-121.8375757, 38.106787], [-121.8372883, 38.1072878], [-121.8369987, 38.1078088], [-121.8367113, 38.1083147], [-121.8364218, 38.1088356], [-121.8357459, 38.1086974], [-121.8350604, 38.1085617], [-121.83436, 38.1084361], [-121.8344452, 38.1089755], [-121.834525, 38.1095258], [-121.8346048, 38.1100902], [-121.8346857, 38.1106388], [-121.8347602, 38.1111824], [-121.8347826, 38.1117368], [-121.8347954, 38.1122812], [-121.835202, 38.1127142], [-121.8356097, 38.1131446], [-121.8360173, 38.113555], [-121.8364261, 38.1139796], [-121.8368391, 38.1144109], [-121.8372457, 38.1148372], [-121.8372436, 38.1154058], [-121.8372436, 38.1159611], [-121.8372393, 38.1165255], [-121.837235, 38.117095], [-121.8370818, 38.1176318], [-121.836937, 38.1181376], [-121.8367912, 38.1186585], [-121.8366453, 38.1191735], [-121.8364995, 38.1196985], [-121.8363526, 38.1202127], [-121.8362047, 38.1207353], [-121.8359577, 38.1215911], [-121.8353382, 38.1215057], [-121.8347155, 38.1214119], [-121.834095, 38.1213265], [-121.8333956, 38.1213039], [-121.8326974, 38.1212846], [-121.8320012, 38.1212988], [-121.8313057, 38.1213114], [-121.8306096, 38.1213264], [-121.8299376, 38.121438]]}}, {"type": "Feature", "id": "way/92633677", "properties": {"power": "line", "voltage": null, "name": null}, "geometry": {"type": "LineString", "coordinates": [[-121.8324929, 38.124846], [-121.8319457, 38.1245113], [-121.8314304, 38.1241899], [-121.8309045, 38.1238659], [-121.8307185, 38.1233665], [-121.8302085, 38.1234833], [-121.8296879, 38.1235365], [-121.8293983, 38.1236029]]}}, {"type": "Feature", "id": "way/92633685", "properties": {"power": "line", "voltage": null, "name": null}, "geometry": {"type": "LineString", "coordinates": [[-121.829324, 38.1233771], [-121.8294222, 38.1233133], [-121.8293752, 38.1227092]]}}, {"type": "Feature", "id": "way/92633692", "properties": {"power": "line", "voltage": null, "name": null}, "geometry": {"type": "LineString", "coordinates": [[-121.8299376, 38.121438], [-121.8291637, 38.1213427], [-121.828472, 38.121274]]}}, {"type": "Feature", "id": "way/181710303", "properties": {"power": "line", "voltage": "230000", "name": "Vaca Dixon-Lambie/Peabody-Birds Landing", "cables": "6", "circuits": "2", "frequency": "60", "operator": "Pacific Gas and Electric Company", "operator:short": "PG&E", "operator:website": "https://www.pge.com", "operator:wikidata": "Q1815011", "operator:wikipedia": "en:Pacific Gas and Electric Company", "owner": "Pacific Gas & Electric", "ref": "Vaca-Lambie/Peabody-Birds Landing", "wires": "single"}, "geometry": {"type": "LineString", "coordinates": [[-121.8837199, 38.2804642], [-121.8846445, 38.2784576], [-121.885492, 38.2764367], [-121.8863803, 38.2744335], [-121.8872641, 38.2724303], [-121.8881433, 38.2703879], [-121.8890407, 38.2683846], [-121.8899564, 38.2663824], [-121.8888867, 38.2643954], [-121.8878208, 38.2623627], [-121.8867584, 38.2603641], [-121.8856634, 38.2583171], [-121.8846011, 38.2562871], [-121.8835169, 38.2542571], [-121.8824655, 38.2522384], [-121.8813959, 38.2502082], [-121.8803299, 38.2481723], [-121.8791769, 38.2459683], [-121.8776722, 38.2431464], [-121.8770232, 38.2419304], [-121.8754206, 38.2389232], [-121.8744416, 38.2370436], [-121.8732922, 38.2348763], [-121.8721718, 38.232726], [-121.8710624, 38.2306469], [-121.8699746, 38.2285763], [-121.868934, 38.2266309], [-121.8677265, 38.2243458], [-121.8666835, 38.2223328], [-121.866342, 38.2216682]]}}, {"type": "Feature", "id": "way/360443541", "properties": {"power": "substation", "voltage": "230000", "name": "Montexuma Substation", "operator": "Pacific Gas and Electric Company", "operator:short": "PG&E", "operator:wikidata": "Q1815011", "substation": "generation"}, "geometry": {"type": "Polygon", "coordinates": [[[-121.831439, 38.1283111], [-121.831528, 38.1285627], [-121.8309751, 38.1286838], [-121.830662, 38.1277989], [-121.8324903, 38.1273985], [-121.8324207, 38.1272019], [-121.8332817, 38.1270133], [-121.8336601, 38.1280827], [-121.8326211, 38.1283102], [-121.8325364, 38.1280708], [-121.831439, 38.1283111]]]}}, {"type": "Feature", "id": "way/360443542", "properties": {"power": "line", "voltage": "230000", "name": null, "cables": "3", "operator": "Pacific Gas and Electric", "operator:short": "PG&E", "operator:website": "https://www.pge.com", "operator:wikidata": "Q1815011", "operator:wikipedia": "en:Pacific Gas and Electric Company", "wires": "single"}, "geometry": {"type": "LineString", "coordinates": [[-121.845139, 38.1695895], [-121.8462835, 38.1695699], [-121.8466076, 38.1695676], [-121.846813, 38.1695686], [-121.8468983, 38.1695658]]}}, {"type": "Feature", "id": "way/360443543", "properties": {"power": "substation", "voltage": "230000", "name": null, "substation": "generation"}, "geometry": {"type": "Polygon", "coordinates": [[[-121.8473972, 38.1697249], [-121.8473983, 38.1694566], [-121.8464299, 38.1694541], [-121.8464288, 38.1697224], [-121.8473972, 38.1697249]]]}}, {"type": "Feature", "id": "way/360443546", "properties": {"power": "line", "voltage": "230000", "name": "Montezuma-Birds Landing", "cables": "3", "operator": "Pacific Gas and Electric Company", "operator:short": "PG&E", "operator:website": "https://www.pge.com", "operator:wikidata": "Q1815011", "operator:wikipedia": "en:Pacific Gas and Electric Company", "wires": "single"}, "geometry": {"type": "LineString", "coordinates": [[-121.8317707, 38.1281051], [-121.831922, 38.1285476], [-121.830945, 38.1287623], [-121.8306362, 38.127936], [-121.8303999, 38.1279759]]}}, {"type": "Feature", "id": "way/360443548", "properties": {"power": "substation", "voltage": "230000", "name": null, "substation": "generation"}, "geometry": {"type": "Polygon", "coordinates": [[[-121.8323431, 38.1249786], [-121.8314522, 38.1249828], [-121.8314502, 38.1247306], [-121.8317913, 38.124729], [-121.8317909, 38.1246741], [-121.8319967, 38.1246731], [-121.8319971, 38.1247281], [-121.8323412, 38.1247265], [-121.8323431, 38.1249786]]]}}, {"type": "Feature", "id": "way/394992552", "properties": {"power": "minor_line", "voltage": null, "name": null}, "geometry": {"type": "LineString", "coordinates": [[-121.8742203, 38.2057968], [-121.8734639, 38.2057999], [-121.8726941, 38.2058073], [-121.8719391, 38.2058041], [-121.87118, 38.2058052], [-121.8696807, 38.2057725], [-121.8690866, 38.2057599], [-121.868349, 38.2057567], [-121.867602, 38.2057483], [-121.8668992, 38.2057399], [-121.8662086, 38.2057367], [-121.8655072, 38.2057367], [-121.8648206, 38.2057351], [-121.8636986, 38.2057303], [-121.8627188, 38.2057239], [-121.8620215, 38.2057202], [-121.861449, 38.2057404], [-121.8607295, 38.2057719], [-121.8600006, 38.2057993], [-121.8593911, 38.2056981], [-121.8587078, 38.2056929], [-121.8580044, 38.2056939], [-121.857307, 38.2056871], [-121.8566331, 38.2056881], [-121.8559143, 38.2056844], [-121.8551787, 38.2056713]]}}, {"type": "Feature", "id": "way/436955529", "properties": {"power": "plant", "voltage": null, "name": "Creed Energy Center", "landuse": "industrial", "operator": "Creed Energy Center LLC", "plant:method": "combustion", "plant:output:electricity": "47 MW", "plant:source": "gas", "ref:US:EIA": "55625", "source": "U.S. Energy Information Administration - EIA-860 - 2021", "start_date": "2003-01"}, "geometry": {"type": "Polygon", "coordinates": [[[-121.855301, 38.2423344], [-121.8544942, 38.2423317], [-121.8542067, 38.2415971], [-121.8545688, 38.2410515], [-121.8564302, 38.2410662], [-121.855301, 38.2423344]]]}}, {"type": "Feature", "id": "way/436955530", "properties": {"power": "line", "voltage": "115000", "name": "Creed-Goose Haven-Lambie", "operator": "Pacific Gas and Electric", "operator:short": "PG&E", "operator:website": "https://www.pge.com", "operator:wikidata": "Q1815011", "operator:wikipedia": "en:Pacific Gas and Electric Company"}, "geometry": {"type": "LineString", "coordinates": [[-121.8644581, 38.2318512], [-121.8651259, 38.2311243], [-121.8657402, 38.2303912], [-121.8662256, 38.2298707], [-121.8667031, 38.2293672], [-121.8671886, 38.2288425], [-121.8676767, 38.2283137], [-121.8680925, 38.2278754], [-121.8682748, 38.2278501], [-121.8685913, 38.227494], [-121.8689427, 38.2271211], [-121.8692404, 38.2267755], [-121.8695113, 38.2264742], [-121.8695006, 38.2263499], [-121.8700317, 38.2257178], [-121.8705708, 38.2250793], [-121.8705628, 38.2241375], [-121.8705574, 38.2231239], [-121.870544, 38.2219818], [-121.8705413, 38.2212338], [-121.8705386, 38.220511], [-121.8694953, 38.220492], [-121.8685034, 38.2204976], [-121.8674407, 38.2204815], [-121.8673688, 38.2210834], [-121.8671301, 38.2212668]]}}, {"type": "Feature", "id": "way/436955531", "properties": {"power": "substation", "voltage": "115000", "name": null, "operator": "Pacific Gas and Electric", "operator:short": "PG&E", "operator:website": "https://www.pge.com", "operator:wikidata": "Q1815011", "operator:wikipedia": "en:Pacific Gas and Electric Company", "substation": "generation"}, "geometry": {"type": "Polygon", "coordinates": [[[-121.8443689, 38.22668], [-121.8439156, 38.2266758], [-121.8439236, 38.226449], [-121.8443796, 38.226452], [-121.8443689, 38.22668]]]}}, {"type": "Feature", "id": "way/436955532", "properties": {"power": "substation", "voltage": null, "name": null, "substation": "generation"}, "geometry": {"type": "Polygon", "coordinates": [[[-121.855956, 38.241331], [-121.8555295, 38.2413247], [-121.8555244, 38.2410607], [-121.8559524, 38.2410637], [-121.855956, 38.241331]]]}}, {"type": "Feature", "id": "way/436955534", "properties": {"power": "plant", "voltage": null, "name": "Goose Haven Energy Center", "landuse": "industrial", "operator": "Goose Haven Energy Center", "plant:method": "combustion", "plant:output:electricity": "47 MW", "plant:source": "gas", "ref:US:EIA": "55627", "source": "U.S. Energy Information Administration - EIA-860 - 2021", "start_date": "2003-01"}, "geometry": {"type": "Polygon", "coordinates": [[[-121.8445427, 38.2277321], [-121.8429097, 38.2277103], [-121.842936, 38.2264426], [-121.8439236, 38.226449], [-121.8443796, 38.226452], [-121.8445614, 38.2264532], [-121.8445427, 38.2277321]]]}}, {"type": "Feature", "id": "way/436955537", "properties": {"power": "line", "voltage": "115000", "name": "Goose Haven-Lambie", "operator": "Pacific Gas and Electric", "operator:short": "PG&E", "operator:website": "https://www.pge.com", "operator:wikidata": "Q1815011", "operator:wikipedia": "en:Pacific Gas and Electric Company"}, "geometry": {"type": "LineString", "coordinates": [[-121.8644581, 38.2318512], [-121.8642542, 38.23167], [-121.8636614, 38.2313497], [-121.8626717, 38.2307998], [-121.8616498, 38.2302437], [-121.8607378, 38.2297549], [-121.8607513, 38.2289584], [-121.86077, 38.2283748], [-121.8597025, 38.2283621], [-121.8584317, 38.2283572], [-121.8570149, 38.2283537], [-121.8558777, 38.2283411], [-121.854947, 38.2283369], [-121.8536547, 38.2283319], [-121.8524718, 38.2283172], [-121.852474, 38.2278333], [-121.8515894, 38.2278262], [-121.8506903, 38.2278185], [-121.8498132, 38.2277595], [-121.848633, 38.2277469], [-121.8469652, 38.2277314], [-121.8457261, 38.2277209], [-121.8445024, 38.2277132], [-121.8445132, 38.227138], [-121.8445132, 38.2265796], [-121.8442664, 38.2265648]]}}, {"type": "Feature", "id": "way/436960196", "properties": {"power": "line", "voltage": "230000", "name": "Lambie-Birds Landing/Peabody-Birds Landing", "cables": "6", "circuits": "2", "frequency": "60", "operator": "Pacific Gas and Electric Company", "operator:short": "PG&E", "operator:website": "https://www.pge.com", "operator:wikidata": "Q1815011", "operator:wikipedia": "en:Pacific Gas and Electric Company", "ref": "Lambie-Birds Landing/Peabody-Birds Landing", "wires": "single"}, "geometry": {"type": "LineString", "coordinates": [[-121.8293703, 38.125683], [-121.8300959, 38.1277308], [-121.83104, 38.1303302], [-121.831632, 38.131991], [-121.832242, 38.1337328], [-121.833812, 38.138175], [-121.834491, 38.1400584], [-121.834928, 38.1414153], [-121.835658, 38.1436767], [-121.83643, 38.1456477], [-121.837005, 38.1471395], [-121.837889, 38.1496572], [-121.83873, 38.1519993], [-121.839288, 38.1536327], [-121.839821, 38.1550973], [-121.840396, 38.1567238], [-121.84126, 38.1591568], [-121.841786, 38.1606382], [-121.84243, 38.1624063], [-121.843365, 38.1650247], [-121.843983, 38.166786], [-121.84473, 38.1688846], [-121.845666, 38.1714825], [-121.846327, 38.1734123], [-121.846996, 38.1753084], [-121.847769, 38.177454], [-121.848455, 38.1794241], [-121.849133, 38.1813133], [-121.849957, 38.1836679], [-121.850755, 38.1859279], [-121.851545, 38.1881137], [-121.852232, 38.1900364], [-121.852987, 38.192195], [-121.853631, 38.1939759], [-121.854472, 38.1963368], [-121.8552825, 38.1985713], [-121.856077, 38.2007617], [-121.856807, 38.2028661], [-121.857639, 38.205166], [-121.858849, 38.2074726], [-121.8599179, 38.2095401], [-121.861149, 38.2118429], [-121.862385, 38.2141965], [-121.863601, 38.2165267], [-121.864789, 38.2188023], [-121.8657603, 38.2205947], [-121.866342, 38.2216682]]}}, {"type": "Feature", "id": "way/437349522", "properties": {"power": "line", "voltage": "230000", "name": "Lambie-Birds Landing", "cables": "3", "operator": "Pacific Gas and Electric Company", "operator:short": "PG&E", "operator:website": "https://www.pge.com", "operator:wikidata": "Q1815011", "operator:wikipedia": "en:Pacific Gas and Electric Company"}, "geometry": {"type": "LineString", "coordinates": [[-121.8290381, 38.1247642], [-121.8296536, 38.1246958]]}}, {"type": "Feature", "id": "way/437350367", "properties": {"power": "line", "voltage": "230000", "name": "Birds Landing-Russell", "cables": "3", "operator": "Pacific Gas and Electric Company", "operator:short": "PG&E", "operator:website": "https://www.pge.com", "operator:wikidata": "Q1815011", "operator:wikipedia": "en:Pacific Gas and Electric Company"}, "geometry": {"type": "LineString", "coordinates": [[-121.8302795, 38.124528], [-121.829986, 38.1240669]]}}, {"type": "Feature", "id": "way/437350368", "properties": {"power": "line", "voltage": "230000", "name": "Birds Landing-Contra Costa Sub", "cables": "3", "operator": "Pacific Gas and Electric Company", "operator:short": "PG&E", "operator:website": "https://www.pge.com", "operator:wikidata": "Q1815011", "operator:wikipedia": "en:Pacific Gas and Electric Company"}, "geometry": {"type": "LineString", "coordinates": [[-121.8300221, 38.1245862], [-121.829986, 38.1240669]]}}, {"type": "Feature", "id": "way/437350369", "properties": {"power": "line", "voltage": "230000", "name": "Birds Landing-Contra Costa Sub", "cables": "3", "operator": "Pacific Gas and Electric Company", "operator:short": "PG&E", "operator:website": "https://www.pge.com", "operator:wikidata": "Q1815011", "operator:wikipedia": "en:Pacific Gas and Electric Company"}, "geometry": {"type": "LineString", "coordinates": [[-121.8290381, 38.1247642], [-121.829331, 38.1246578], [-121.829185, 38.1240888]]}}, {"type": "Feature", "id": "way/437350370", "properties": {"power": "line", "voltage": "230000", "name": "Birds Landing-Contra Costa PP", "cables": "3", "operator": "Pacific Gas and Electric Company", "operator:short": "PG&E", "operator:website": "https://www.pge.com", "operator:wikidata": "Q1815011", "operator:wikipedia": "en:Pacific Gas and Electric Company"}, "geometry": {"type": "LineString", "coordinates": [[-121.8291883, 38.1251795], [-121.8291264, 38.1250965], [-121.829089, 38.1250461], [-121.829247, 38.1250049], [-121.8295168, 38.1249223], [-121.8297548, 38.1249101]]}}, {"type": "Feature", "id": "way/437350371", "properties": {"power": "line", "voltage": "230000", "name": "Peabody-Birds Landing", "cables": "3", "operator": "Pacific Gas and Electric Company", "operator:short": "PG&E", "operator:website": "https://www.pge.com", "operator:wikidata": "Q1815011", "operator:wikipedia": "en:Pacific Gas and Electric Company"}, "geometry": {"type": "LineString", "coordinates": [[-121.8293703, 38.125683], [-121.829267, 38.1255383], [-121.829409, 38.1255218], [-121.829521, 38.1253509], [-121.83019, 38.1252195], [-121.8301234, 38.1248765]]}}, {"type": "Feature", "id": "way/437687087", "properties": {"power": "line", "voltage": null, "name": null, "cables": "3"}, "geometry": {"type": "LineString", "coordinates": [[-121.8310516, 38.1247131], [-121.830968, 38.125056], [-121.830504, 38.1251804]]}}, {"type": "Feature", "id": "way/437687088", "properties": {"power": "line", "voltage": "230000", "name": null, "cables": "3", "operator": "Pacific Gas and Electric Company", "operator:short": "PG&E", "operator:website": "https://www.pge.com", "operator:wikidata": "Q1815011", "operator:wikipedia": "en:Pacific Gas and Electric Company"}, "geometry": {"type": "LineString", "coordinates": [[-121.830638, 38.1244561], [-121.830973, 38.1245285]]}}, {"type": "Feature", "id": "way/437687089", "properties": {"power": "line", "voltage": "230000", "name": null, "cables": "3", "operator": "Pacific Gas and Electric Company", "operator:short": "PG&E", "operator:website": "https://www.pge.com", "operator:wikidata": "Q1815011", "operator:wikipedia": "en:Pacific Gas and Electric Company"}, "geometry": {"type": "LineString", "coordinates": [[-121.8303835, 38.1248203], [-121.830504, 38.1251804]]}}, {"type": "Feature", "id": "way/437687090", "properties": {"power": "line", "voltage": "230000", "name": null, "cables": "3", "operator": "Pacific Gas and Electric Company", "operator:short": "PG&E", "operator:website": "https://www.pge.com", "operator:wikidata": "Q1815011", "operator:wikipedia": "en:Pacific Gas and Electric Company"}, "geometry": {"type": "LineString", "coordinates": [[-121.8310516, 38.1247131], [-121.8313375, 38.125254], [-121.8320098, 38.1252686]]}}, {"type": "Feature", "id": "way/437687091", "properties": {"power": "line", "voltage": "230000", "name": null, "cables": "3", "operator": "Pacific Gas and Electric Company", "operator:short": "PG&E", "operator:website": "https://www.pge.com", "operator:wikidata": "Q1815011", "operator:wikipedia": "en:Pacific Gas and Electric Company"}, "geometry": {"type": "LineString", "coordinates": [[-121.8307285, 38.1247066], [-121.830973, 38.1245285]]}}, {"type": "Feature", "id": "way/437687092", "properties": {"power": "line", "voltage": "230000", "name": null, "cables": "3", "operator": "Pacific Gas and Electric Company", "operator:short": "PG&E", "operator:website": "https://www.pge.com", "operator:wikidata": "Q1815011", "operator:wikipedia": "en:Pacific Gas and Electric Company"}, "geometry": {"type": "LineString", "coordinates": [[-121.8315457, 38.1248615], [-121.8310516, 38.1247131]]}}, {"type": "Feature", "id": "way/437687093", "properties": {"power": "line", "voltage": "23000", "name": null, "cables": "3", "operator": "Pacific Gas and Electric Company", "operator:short": "PG&E", "operator:website": "https://www.pge.com", "operator:wikidata": "Q1815011", "operator:wikipedia": "en:Pacific Gas and Electric Company", "wires": "double"}, "geometry": {"type": "LineString", "coordinates": [[-121.830973, 38.1245285], [-121.8310516, 38.1247131]]}}, {"type": "Feature", "id": "way/437687094", "properties": {"power": "line", "voltage": "230000", "name": "Birds Landing-Contra Costa Sub/Birds Landing-Russell", "cables": "6", "circuits": "2", "operator": "Pacific Gas and Electric Company", "operator:short": "PG&E", "operator:website": "https://www.pge.com", "operator:wikidata": "Q1815011", "operator:wikipedia": "en:Pacific Gas and Electric Company"}, "geometry": {"type": "LineString", "coordinates": [[-121.829986, 38.1240669], [-121.829185, 38.1240888]]}}, {"type": "Feature", "id": "way/437687095", "properties": {"power": "line", "voltage": "230000", "name": "Birds Landing-Russell", "cables": "3", "operator": "Pacific Gas and Electric Company", "operator:short": "PG&E", "operator:website": "https://www.pge.com", "operator:wikidata": "Q1815011", "operator:wikipedia": "en:Pacific Gas and Electric Company"}, "geometry": {"type": "LineString", "coordinates": [[-121.829185, 38.1240888], [-121.828883, 38.12389], [-121.8290805, 38.1238145]]}}, {"type": "Feature", "id": "way/437687096", "properties": {"power": "line", "voltage": "230000", "name": "Shiloh 2-Birds Landing/Montezuma0-Birds Landing", "cables": "6", "circuits": "2", "operator": "Pacific Gas and Electric Company", "operator:short": "PG&E", "operator:wikidata": "Q1815011", "wires": "single"}, "geometry": {"type": "LineString", "coordinates": [[-121.829551, 38.1254569], [-121.829795, 38.1262572], [-121.830043, 38.1269338], [-121.8302684, 38.1275864], [-121.8303999, 38.1279759]]}}, {"type": "Feature", "id": "way/460689984", "properties": {"power": "substation", "voltage": null, "name": "Del Paso Substation"}, "geometry": {"type": "Polygon", "coordinates": [[[-121.8764516, 38.2020102], [-121.8765336, 38.2020445], [-121.876592, 38.2019582], [-121.8765099, 38.201924], [-121.8764516, 38.2020102]]]}}, {"type": "Feature", "id": "way/616208392", "properties": {"power": "minor_line", "voltage": null, "name": null}, "geometry": {"type": "LineString", "coordinates": [[-121.9424585, 38.2431039], [-121.9424552, 38.2422238], [-121.9424659, 38.2413211], [-121.9424713, 38.2404522], [-121.942482, 38.2395365], [-121.9438524, 38.2395511], [-121.9452168, 38.2395597], [-121.9466023, 38.2395717], [-121.9479625, 38.2395876], [-121.9493421, 38.2396035], [-121.9504641, 38.239867], [-121.9510665, 38.240011], [-121.9516781, 38.2401505], [-121.9528549, 38.2404421], [-121.9540352, 38.2407291], [-121.9549202, 38.2401], [-121.9558169, 38.2394655], [-121.9566866, 38.2388456], [-121.9575868, 38.2381973], [-121.9584612, 38.2375709], [-121.9593607, 38.2369406], [-121.9602579, 38.2363056], [-121.9610292, 38.2369818], [-121.9618141, 38.2376679], [-121.9626015, 38.2383381], [-121.9633889, 38.2390282], [-121.964167, 38.2397077], [-121.9649417, 38.2403872]]}}, {"type": "Feature", "id": "way/1262617674", "properties": {"power": "line", "voltage": "230000", "name": "Lambie-Birds Landing", "cables": "6", "operator": "Pacific Gas and Electric Company", "operator:short": "PG&E", "operator:website": "https://www.pge.com", "operator:wikidata": "Q1815011", "operator:wikipedia": "en:Pacific Gas and Electric Company"}, "geometry": {"type": "LineString", "coordinates": [[-121.8291883, 38.1251795], [-121.8293703, 38.125683]]}}, {"type": "Feature", "id": "way/1262617675", "properties": {"power": "line", "voltage": "230000", "name": "Lambie-Birds Landing/Birds Landing-Contra Costa PP", "cables": "6", "circuits": "2", "operator": "Pacific Gas and Electric Company", "operator:short": "PG&E", "operator:website": "https://www.pge.com", "operator:wikidata": "Q1815011", "operator:wikipedia": "en:Pacific Gas and Electric Company"}, "geometry": {"type": "LineString", "coordinates": [[-121.8290381, 38.1247642], [-121.8291883, 38.1251795]]}}, {"type": "Feature", "id": "way/1276517022", "properties": {"power": "line", "voltage": "500000", "name": "Vaca Dixon - Tesla 500KV (Path 15)", "cables": "3", "frequency": "60", "operator": "Pacific Gas and Electric Company", "operator:short": "PG&E", "operator:website": "https://www.pge.com", "operator:wikidata": "Q1815011", "operator:wikipedia": "en:Pacific Gas and Electric Company", "ref": "Vaca Dixon - Tesla", "ref:ornl": "301098", "source": "Yahoo;tiger;bing_imagery", "wikidata": "Q7144625", "wikipedia": "en:Path 15", "wires": "double"}, "geometry": {"type": "LineString", "coordinates": [[-121.6621698, 38.0115294], [-121.6646508, 38.0142211], [-121.6677578, 38.0167231], [-121.6712597, 38.0195158], [-121.6746844, 38.0222678], [-121.6781777, 38.0249588], [-121.6815938, 38.0277985], [-121.6847781, 38.0303], [-121.6849755, 38.0333287], [-121.68513, 38.036621], [-121.6853961, 38.0397644], [-121.685602, 38.0429753], [-121.6858939, 38.0460576], [-121.689576, 38.0496264], [-121.6952151, 38.0550064], [-121.6981677, 38.0577638], [-121.7014721, 38.0592303], [-121.7057122, 38.0610212], [-121.7099694, 38.0628728], [-121.7143897, 38.0648123], [-121.7185267, 38.0665625], [-121.7221831, 38.0682045], [-121.7262858, 38.0699478], [-121.7303971, 38.0716844], [-121.7347916, 38.0735493], [-121.7385253, 38.0741236], [-121.7420872, 38.0745966], [-121.7459925, 38.0751844], [-121.748542, 38.0775401], [-121.75712, 38.0855079], [-121.7598323, 38.0880165], [-121.7641339, 38.0883261], [-121.7700719, 38.0887528], [-121.7752129, 38.0890755], [-121.7790894, 38.0892886], [-121.7829463, 38.0909822], [-121.7864681, 38.0925156], [-121.7902108, 38.0941237], [-121.7934472, 38.0955533], [-121.7964086, 38.0954627], [-121.8009094, 38.0953315], [-121.8061273, 38.0951897], [-121.8080262, 38.0951338], [-121.8128913, 38.0949713], [-121.8194073, 38.094781], [-121.8229567, 38.0946761], [-121.8251291, 38.0946143], [-121.8298264, 38.0946735]]}}, {"type": "Feature", "id": "way/1276517023", "properties": {"power": "line", "voltage": "500000", "name": "Vaca Dixon - Tesla 500KV (Path 15)", "cables": "1", "frequency": "60", "operator": "Pacific Gas and Electric Company", "operator:short": "PG&E", "operator:website": "https://www.pge.com", "operator:wikidata": "Q1815011", "operator:wikipedia": "en:Pacific Gas and Electric Company", "ref": "Vaca Dixon - Tesla", "ref:ornl": "301098", "source": "Yahoo;tiger;bing_imagery", "wikidata": "Q7144625", "wikipedia": "en:Path 15", "wires": "double"}, "geometry": {"type": "LineString", "coordinates": [[-121.8298264, 38.0946735], [-121.8319908, 38.0946903], [-121.8314769, 38.0977232]]}}, {"type": "Feature", "id": "way/1276517024", "properties": {"power": "line", "voltage": "500000", "name": "Vaca Dixon - Tesla 500KV (Path 15)", "cables": "3", "frequency": "60", "operator": "Pacific Gas and Electric Company", "operator:short": "PG&E", "operator:website": "https://www.pge.com", "operator:wikidata": "Q1815011", "operator:wikipedia": "en:Pacific Gas and Electric Company", "ref": "Vaca Dixon - Tesla", "ref:ornl": "301098", "source": "Yahoo;tiger;bing_imagery", "wikidata": "Q7144625", "wikipedia": "en:Path 15", "wires": "double"}, "geometry": {"type": "LineString", "coordinates": [[-121.8314769, 38.0977232], [-121.8308748, 38.1015151], [-121.830565, 38.1035575], [-121.8297847, 38.1083628], [-121.8292338, 38.1116567], [-121.8286156, 38.1155849], [-121.828055, 38.1191369], [-121.8276172, 38.1219896], [-121.8289402, 38.1258547], [-121.8296636, 38.12783]]}}, {"type": "Feature", "id": "way/1276517025", "properties": {"power": "line", "voltage": "500000", "name": "Vaca Dixon - Tesla 500KV (Path 15)", "cables": "2", "frequency": "60", "operator": "Pacific Gas and Electric Company", "operator:short": "PG&E", "operator:website": "https://www.pge.com", "operator:wikidata": "Q1815011", "operator:wikipedia": "en:Pacific Gas and Electric Company", "ref": "Vaca Dixon - Tesla", "ref:ornl": "301098", "source": "Yahoo;tiger;bing_imagery", "wikidata": "Q7144625", "wikipedia": "en:Path 15", "wires": "double"}, "geometry": {"type": "LineString", "coordinates": [[-121.8296636, 38.12783], [-121.8308448, 38.1311524]]}}, {"type": "Feature", "id": "way/1276517367", "properties": {"power": "line", "voltage": "500000", "name": "Table Mountain - Tesla 500KV (Path 15)", "cables": "3", "frequency": "60", "operator": "Pacific Gas and Electric Company", "operator:short": "PG&E", "operator:website": "https://www.pge.com", "operator:wikidata": "Q1815011", "operator:wikipedia": "en:Pacific Gas and Electric Company", "ref": "Table Mountain - Tesla", "ref:ornl": "306357", "source": "Yahoo;tiger;bing_imagery", "wikipedia": "en:Path 15", "wires": "double"}, "geometry": {"type": "LineString", "coordinates": [[-121.737878, 38.2243484], [-121.739106, 38.221117], [-121.739809, 38.2173745], [-121.740496, 38.2135778], [-121.7411736, 38.2100402], [-121.741852, 38.2062941], [-121.742565, 38.2025576], [-121.74326, 38.1988141], [-121.7439191, 38.1952247], [-121.7447469, 38.1909887], [-121.745165, 38.1887598], [-121.7459101, 38.1846549], [-121.7465583, 38.1812624], [-121.7472652, 38.1774582], [-121.748032, 38.1732927], [-121.74877, 38.169379], [-121.7496351, 38.1647436], [-121.7504591, 38.1603346], [-121.751028, 38.1573127], [-121.751577, 38.1544241], [-121.7523329, 38.1502849], [-121.7530851, 38.1461712], [-121.7538193, 38.142341], [-121.7543765, 38.1392695], [-121.755253, 38.1345238], [-121.7560656, 38.1301525], [-121.756744, 38.1265577], [-121.7573922, 38.1231236], [-121.7575684, 38.1198171], [-121.7577684, 38.1160697], [-121.7579276, 38.1132124], [-121.7581285, 38.1097565], [-121.7582402, 38.1074845], [-121.7584218, 38.1040343], [-121.7586026, 38.1009186], [-121.7587738, 38.0971448], [-121.7590791, 38.0922683], [-121.7593084, 38.0883872], [-121.7565884, 38.0858799], [-121.7479998, 38.0779038], [-121.7453745, 38.0755695], [-121.7420014, 38.0750155], [-121.7384394, 38.0745222], [-121.734577, 38.0739547], [-121.7301138, 38.072029], [-121.7259081, 38.0702384], [-121.7218827, 38.068495], [-121.7181834, 38.0668733], [-121.7140978, 38.0651434], [-121.7097376, 38.0632107], [-121.7053689, 38.0613658], [-121.70094, 38.0594533], [-121.6972836, 38.0579463], [-121.6946658, 38.0553781], [-121.6891726, 38.0501063], [-121.6853617, 38.0464429], [-121.6851374, 38.042987], [-121.6848885, 38.0397288], [-121.6846825, 38.0365922], [-121.684425, 38.0333269], [-121.6842104, 38.0304672], [-121.6811806, 38.0280603], [-121.6777388, 38.025295], [-121.6743056, 38.0225026], [-121.6708637, 38.0197642], [-121.6674305, 38.0170121], [-121.6639379, 38.0142276], [-121.6615861, 38.0115227], [-121.659512, 38.008829], [-121.6569385, 38.0055307], [-121.6544183, 38.0022856], [-121.6518515, 37.998994], [-121.6494576, 37.9959152], [-121.646964, 37.9927167], [-121.6445967, 37.9897244], [-121.642232, 37.9866726], [-121.6398642, 37.9836432], [-121.637503, 37.9805425], [-121.6350964, 37.9774806], [-121.6328519, 37.974581], [-121.6305231, 37.9715257], [-121.6281294, 37.9684768], [-121.6281359, 37.9649674], [-121.6281489, 37.9612504], [-121.6281683, 37.9575334], [-121.6282202, 37.9538553], [-121.6282202, 37.9501188], [-121.6282397, 37.9464407], [-121.6282916, 37.9428535], [-121.628314, 37.9390021], [-121.6283262, 37.9350979], [-121.6283545, 37.9311856], [-121.6283748, 37.9272571], [-121.6284153, 37.9239401], [-121.6284477, 37.920044], [-121.627261, 37.9166623], [-121.6259124, 37.9128998], [-121.6247176, 37.9094978], [-121.6234135, 37.9057678], [-121.6221945, 37.9022929], [-121.6208701, 37.8985305], [-121.6195458, 37.8947397], [-121.6182174, 37.8909286], [-121.6169984, 37.8875307], [-121.6157712, 37.8840072], [-121.6145765, 37.8806335], [-121.61324, 37.8768751], [-121.6120574, 37.8733598], [-121.6107692, 37.8698532], [-121.609579, 37.866332], [-121.6083394, 37.862796], [-121.6071245, 37.8592946], [-121.6059191, 37.8558332], [-121.604666, 37.8523295], [-121.6034472, 37.8486969], [-121.6025374, 37.8460468], [-121.6011726, 37.8424952], [-121.6012327, 37.8389367], [-121.6013701, 37.8354796], [-121.6014645, 37.8318936], [-121.6015675, 37.8280091], [-121.599499, 37.8243888], [-121.5954477, 37.8218735], [-121.5941603, 37.8193039], [-121.5928986, 37.8167952], [-121.5917227, 37.814266], [-121.5922291, 37.8113435], [-121.592787, 37.8079326], [-121.5933191, 37.8045962], [-121.5938513, 37.8013071], [-121.5944092, 37.7980924], [-121.5949671, 37.7946335], [-121.5955593, 37.7911336], [-121.596349, 37.7864873], [-121.5969584, 37.7825326], [-121.5945294, 37.7785098], [-121.5927612, 37.7756198], [-121.591757, 37.773476], [-121.5902722, 37.7702669], [-121.5884354, 37.7663452], [-121.5874054, 37.763984], [-121.5860579, 37.761107], [-121.5847876, 37.7583317], [-121.5829336, 37.7543619], [-121.5813114, 37.7507312], [-121.5787365, 37.7463877], [-121.5771658, 37.743829], [-121.5754234, 37.7411277], [-121.5735437, 37.7382555], [-121.572385, 37.736485], [-121.5689604, 37.7335323], [-121.5672867, 37.7307491], [-121.565613, 37.7280948], [-121.5637281, 37.7251496], [-121.5618055, 37.722115], [-121.5603121, 37.719827], [-121.5590503, 37.7178852], [-121.5591532, 37.7130595], [-121.5613523, 37.7113295], [-121.5631092, 37.7113265], [-121.5638753, 37.7113274], [-121.5640732, 37.7113276]]}}, {"type": "Feature", "id": "way/1276517368", "properties": {"power": "line", "voltage": "500000", "name": "Table Mountain - Tesla 500KV (Path 15)", "cables": "2", "frequency": "60", "operator": "Pacific Gas and Electric Company", "operator:short": "PG&E", "operator:website": "https://www.pge.com", "operator:wikidata": "Q1815011", "operator:wikipedia": "en:Pacific Gas and Electric Company", "ref": "Table Mountain - Tesla", "ref:ornl": "306357", "source": "Yahoo;tiger;bing_imagery", "wikipedia": "en:Path 15", "wires": "double"}, "geometry": {"type": "LineString", "coordinates": [[-121.736694, 38.2275024], [-121.737878, 38.2243484]]}}, {"type": "Feature", "id": "way/1277953046", "properties": {"power": "minor_line", "voltage": null, "name": null}, "geometry": {"type": "LineString", "coordinates": [[-121.9407124, 38.2092206], [-121.9407343, 38.2090152]]}}, {"type": "Feature", "id": "way/1278351789", "properties": {"power": "minor_line", "voltage": null, "name": null}, "geometry": {"type": "LineString", "coordinates": [[-121.9353798, 38.1768051], [-121.9355724, 38.1775609], [-121.9358825, 38.1786613], [-121.9361085, 38.179489], [-121.9363224, 38.1802886], [-121.936543, 38.1810988], [-121.9367737, 38.181929], [-121.9377463, 38.1824012], [-121.9387603, 38.1828776], [-121.9396097, 38.1832775], [-121.9399578, 38.1834407], [-121.9423777, 38.1842273], [-121.9430036, 38.1852145], [-121.9432048, 38.1860738], [-121.9433506, 38.1867004], [-121.9442905, 38.1873104], [-121.945472, 38.1877513], [-121.9462597, 38.1883118], [-121.9470346, 38.1888698], [-121.9478138, 38.189427], [-121.9485653, 38.189965], [-121.9493445, 38.1905221]]}}, {"type": "Feature", "id": "way/1278351795", "properties": {"power": "minor_line", "voltage": null, "name": null}, "geometry": {"type": "LineString", "coordinates": [[-121.9352158, 38.2055094], [-121.9358502, 38.2059703], [-121.9362483, 38.206253], [-121.9367677, 38.2066252], [-121.9373689, 38.2070272], [-121.9379308, 38.2074066], [-121.9384867, 38.2077854], [-121.939044, 38.2081743], [-121.9396099, 38.2084583], [-121.9401732, 38.2087349], [-121.9407343, 38.2090152]]}}, {"type": "Feature", "id": "way/1278351796", "properties": {"power": "minor_line", "voltage": null, "name": null}, "geometry": {"type": "LineString", "coordinates": [[-121.9303612, 38.2050392], [-121.9320754, 38.2051653], [-121.9332539, 38.2052629], [-121.9344299, 38.2054149]]}}, {"type": "Feature", "id": "way/1278595792", "properties": {"power": "line", "voltage": "115000", "name": "Creed-Lambie", "operator": "Pacific Gas and Electric", "operator:short": "PG&E", "operator:website": "https://www.pge.com", "operator:wikidata": "Q1815011", "operator:wikipedia": "en:Pacific Gas and Electric Company"}, "geometry": {"type": "LineString", "coordinates": [[-121.8558782, 38.2411962], [-121.856184, 38.2411751], [-121.8566797, 38.2406154], [-121.8575594, 38.2396063], [-121.8582648, 38.2388226], [-121.8588201, 38.2381927], [-121.8594906, 38.2374532], [-121.860247, 38.2365852], [-121.8613494, 38.2353486], [-121.8621192, 38.2344805], [-121.8628058, 38.2337136], [-121.8633664, 38.2330732], [-121.8639136, 38.2324453], [-121.8644581, 38.2318512]]}}, {"type": "Feature", "id": "way/1279202779", "properties": {"power": "minor_line", "voltage": null, "name": null}, "geometry": {"type": "LineString", "coordinates": [[-121.8724048, 38.0894114], [-121.8716947, 38.0892177], [-121.8706292, 38.0892003], [-121.8695808, 38.089198], [-121.8685262, 38.0891936], [-121.867466, 38.089188], [-121.8664158, 38.089183], [-121.8653644, 38.0891813], [-121.8642779, 38.0891743], [-121.8632168, 38.089169], [-121.8619948, 38.0891624], [-121.8609581, 38.0892573], [-121.8599098, 38.0894428], [-121.8588461, 38.0896263]]}}, {"type": "Feature", "id": "way/1279209048", "properties": {"power": "minor_line", "voltage": "21000", "name": "Peabody 2107", "cables": "3", "operator": "Pacific Gas and Electric Company", "operator:short": "PG&E", "operator:website": "https://www.pge.com", "operator:wikidata": "Q1815011", "owner": "Pacific Gas & Electric", "ref": "Brighton-Oleum Junction", "wires": "single"}, "geometry": {"type": "LineString", "coordinates": [[-121.8551999, 38.2424804], [-121.8545175, 38.2432619], [-121.8539725, 38.2438498], [-121.8537473, 38.2438665], [-121.8535859, 38.2438763], [-121.8520605, 38.2455944], [-121.8505642, 38.2472706], [-121.8490714, 38.248955], [-121.8478298, 38.2503319], [-121.8462668, 38.2520784], [-121.8447095, 38.2538293], [-121.8431449, 38.255584], [-121.8416044, 38.2573064], [-121.8400193, 38.2590824], [-121.8385076, 38.2607695], [-121.8370026, 38.262461], [-121.8355018, 38.2641378], [-121.8339883, 38.2658288], [-121.8324923, 38.2675059], [-121.8309867, 38.2691853], [-121.8294764, 38.2709006], [-121.8279837, 38.2725642], [-121.826482, 38.2742484], [-121.8249749, 38.2759294], [-121.8234269, 38.2776542], [-121.8219286, 38.279373], [-121.8203288, 38.2811331], [-121.8188423, 38.2828491], [-121.8172333, 38.2846347], [-121.8163381, 38.2855913]]}}, {"type": "Feature", "id": "way/1279234132", "properties": {"power": "minor_line", "voltage": null, "name": null}, "geometry": {"type": "LineString", "coordinates": [[-121.8880757, 38.1335421], [-121.88787, 38.1324389], [-121.887636, 38.1311995], [-121.8874898, 38.13042], [-121.8872319, 38.1290472], [-121.8870201, 38.1279135], [-121.8867976, 38.1267362], [-121.886606, 38.125703]]}}, {"type": "Feature", "id": "way/1279234133", "properties": {"power": "minor_line", "voltage": null, "name": null}, "geometry": {"type": "LineString", "coordinates": [[-121.886606, 38.125703], [-121.8869019, 38.1248589]]}}, {"type": "Feature", "id": "way/1279234134", "properties": {"power": "minor_line", "voltage": null, "name": null}, "geometry": {"type": "LineString", "coordinates": [[-121.886606, 38.125703], [-121.8856371, 38.1256924], [-121.8846723, 38.1256721], [-121.8837175, 38.1256868], [-121.8827561, 38.1256832], [-121.8817963, 38.1256815], [-121.8808391, 38.1256782], [-121.8798963, 38.1256762]]}}, {"type": "Feature", "id": "way/1279378701", "properties": {"power": "minor_line", "voltage": null, "name": null}, "geometry": {"type": "LineString", "coordinates": [[-121.8928503, 38.1549279], [-121.8913644, 38.154918], [-121.8897833, 38.1549084], [-121.8894331, 38.1549061]]}}, {"type": "Feature", "id": "way/1279394305", "properties": {"power": "minor_line", "voltage": null, "name": null}, "geometry": {"type": "LineString", "coordinates": [[-121.8891685, 38.1909805], [-121.8897683, 38.1914026], [-121.8904442, 38.1918828]]}}, {"type": "Feature", "id": "way/1279504622", "properties": {"power": "minor_line", "voltage": null, "name": null}, "geometry": {"type": "LineString", "coordinates": [[-121.7458082, 38.161452], [-121.745846, 38.1616453], [-121.746033, 38.1628373], [-121.7462336, 38.1640187], [-121.7464029, 38.1652096], [-121.7464093, 38.1659496], [-121.7463952, 38.1666116], [-121.7463856, 38.1672551], [-121.7463781, 38.1679142], [-121.7463787, 38.168896], [-121.7463733, 38.1695096], [-121.7463659, 38.1700721], [-121.7463639, 38.1706272]]}}, {"type": "Feature", "id": "way/1279520339", "properties": {"power": "minor_line", "voltage": null, "name": null}, "geometry": {"type": "LineString", "coordinates": [[-121.7561753, 38.0858395], [-121.7555004, 38.086018], [-121.7547953, 38.0862161], [-121.7534052, 38.0865965], [-121.7520203, 38.0869706], [-121.7525874, 38.0875217], [-121.751994, 38.087773], [-121.7521349, 38.0879243], [-121.751615, 38.0884309], [-121.7511289, 38.088894], [-121.7507679, 38.0894515], [-121.7508171, 38.0897249], [-121.7510854, 38.0901479], [-121.7515023, 38.0907732], [-121.7518698, 38.0913514], [-121.7522424, 38.0919262], [-121.7524161, 38.0926518]]}}, {"type": "Feature", "id": "way/1279520395", "properties": {"power": "minor_line", "voltage": null, "name": null}, "geometry": {"type": "LineString", "coordinates": [[-121.7439661, 38.1279694], [-121.7435959, 38.1272331], [-121.7429354, 38.1258804], [-121.7424235, 38.1248454], [-121.7419027, 38.1237952], [-121.7413889, 38.122752], [-121.7410334, 38.1216501]]}}, {"type": "Feature", "id": "way/1279773904", "properties": {"power": "minor_line", "voltage": null, "name": null}, "geometry": {"type": "LineString", "coordinates": [[-121.8099969, 38.2184937], [-121.8095484, 38.2184903], [-121.8095362, 38.2177389], [-121.8095253, 38.2169555], [-121.8095091, 38.2161689], [-121.8094994, 38.2153863], [-121.8094881, 38.2145983], [-121.8094919, 38.213815], [-121.8094939, 38.2130316]]}}, {"type": "Feature", "id": "way/1279955147", "properties": {"power": "minor_line", "voltage": null, "name": null}, "geometry": {"type": "LineString", "coordinates": [[-121.805975, 38.1982339], [-121.8051918, 38.1982227], [-121.8044881, 38.1982114], [-121.8038215, 38.1982021], [-121.8031017, 38.1981948], [-121.8024343, 38.1982247], [-121.801743, 38.1982181], [-121.8010221, 38.1981807], [-121.8003625, 38.1981683], [-121.7996775, 38.1981591], [-121.7990112, 38.198157], [-121.7983156, 38.198149], [-121.7975944, 38.1981398], [-121.7969057, 38.1981336], [-121.7962352, 38.1981256], [-121.7955012, 38.1981185], [-121.7946125, 38.1981169], [-121.7945922, 38.1981177], [-121.7936587, 38.1981157], [-121.793639, 38.1981127], [-121.7927683, 38.198106], [-121.7920722, 38.1981127], [-121.7913768, 38.1981059], [-121.7906707, 38.1980975], [-121.7899767, 38.1980932], [-121.78928, 38.1980964], [-121.7885726, 38.1980953], [-121.7878759, 38.1980938], [-121.7871919, 38.1981022], [-121.7865099, 38.1980996], [-121.7858072, 38.1980969], [-121.7851299, 38.1980959], [-121.7844433, 38.1980971], [-121.7837509, 38.1980966], [-121.7830362, 38.1980974], [-121.7823217, 38.1980953], [-121.7816577, 38.1980971], [-121.7809477, 38.1980997]]}}, {"type": "Feature", "id": "way/1279955153", "properties": {"power": "minor_line", "voltage": null, "name": null}, "geometry": {"type": "LineString", "coordinates": [[-121.7858072, 38.1980969], [-121.785596, 38.1978998], [-121.7856013, 38.1972179]]}}, {"type": "Feature", "id": "way/1282910249", "properties": {"power": "minor_line", "voltage": null, "name": null}, "geometry": {"type": "LineString", "coordinates": [[-121.8593911, 38.2056981], [-121.8597386, 38.2050539], [-121.8600697, 38.2044478], [-121.8603428, 38.2039479], [-121.8613642, 38.2039306]]}}, {"type": "Feature", "id": "way/1282910250", "properties": {"power": "minor_line", "voltage": null, "name": null}, "geometry": {"type": "LineString", "coordinates": [[-121.8550489, 38.2200382], [-121.8550643, 38.2189756], [-121.8550685, 38.2179971], [-121.8550834, 38.2169267], [-121.8550941, 38.2157291], [-121.8551153, 38.2146853], [-121.8551111, 38.2136567], [-121.8551153, 38.2125945], [-121.8551266, 38.2116724], [-121.855134, 38.2106461], [-121.8551479, 38.2094852], [-121.8551585, 38.2083728], [-121.8551675, 38.2074348], [-121.8551782, 38.2065174], [-121.8551787, 38.2056713]]}}, {"type": "Feature", "id": "way/1282920070", "properties": {"power": "minor_line", "voltage": null, "name": null}, "geometry": {"type": "LineString", "coordinates": [[-121.8801625, 38.208608], [-121.8803516, 38.2076665], [-121.8805313, 38.2067391], [-121.8807119, 38.2057988]]}}, {"type": "Feature", "id": "way/1282920072", "properties": {"power": "minor_line", "voltage": null, "name": null}, "geometry": {"type": "LineString", "coordinates": [[-121.8889796, 38.205814], [-121.8877731, 38.2057998], [-121.8866065, 38.2057998], [-121.8854168, 38.2057976], [-121.8842238, 38.2057955], [-121.8829681, 38.2057924], [-121.8819323, 38.2057957], [-121.8807119, 38.2057988], [-121.8797995, 38.2057988], [-121.8788752, 38.2057968], [-121.877956, 38.2057988], [-121.8772582, 38.2057954], [-121.8766769, 38.2058001], [-121.8762503, 38.2058021], [-121.8758042, 38.2058014], [-121.8752643, 38.2057944]]}}, {"type": "Feature", "id": "way/1282920073", "properties": {"power": "minor_line", "voltage": null, "name": null}, "geometry": {"type": "LineString", "coordinates": [[-121.8788752, 38.2057968], [-121.8788419, 38.2052765]]}}, {"type": "Feature", "id": "way/1283056078", "properties": {"power": "generator", "voltage": null, "name": null, "generator:method": "photovoltaic", "generator:output:electricity": "yes", "generator:source": "solar", "generator:type": "solar_photovoltaic_panel"}, "geometry": {"type": "Polygon", "coordinates": [[[-121.8221372, 38.1720305], [-121.8221391, 38.1719953], [-121.8219092, 38.1719859], [-121.8219076, 38.1720208], [-121.8221372, 38.1720305]]]}}, {"type": "Feature", "id": "way/1283056103", "properties": {"power": "minor_line", "voltage": null, "name": null}, "geometry": {"type": "LineString", "coordinates": [[-121.8299932, 38.1601002], [-121.8306394, 38.1606609], [-121.8311673, 38.161107], [-121.8317017, 38.1615749], [-121.8322392, 38.1620344], [-121.8322562, 38.1627416], [-121.8322669, 38.1634789], [-121.8322821, 38.164182], [-121.8322956, 38.1649167], [-121.8323043, 38.165641], [-121.8323181, 38.1663694], [-121.832333, 38.1671485], [-121.8323447, 38.1678138], [-121.8323922, 38.1685461], [-121.8324353, 38.1691592]]}}, {"type": "Feature", "id": "way/1283056116", "properties": {"power": "minor_line", "voltage": null, "name": null}, "geometry": {"type": "LineString", "coordinates": [[-121.8302257, 38.1587817], [-121.8301091, 38.1594406], [-121.8299932, 38.1601002]]}}, {"type": "Feature", "id": "way/1283056118", "properties": {"power": "minor_line", "voltage": null, "name": null}, "geometry": {"type": "LineString", "coordinates": [[-121.8254517, 38.159712], [-121.8263164, 38.1597871], [-121.8272277, 38.1598644], [-121.828151, 38.1599467], [-121.8290635, 38.1600224], [-121.8299932, 38.1601002]]}}, {"type": "Feature", "id": "way/1283282497", "properties": {"power": "minor_line", "voltage": null, "name": null}, "geometry": {"type": "LineString", "coordinates": [[-121.8894989, 38.1476377], [-121.8899086, 38.1475686], [-121.8912498, 38.1475788], [-121.8926606, 38.1475815], [-121.8940301, 38.1475987], [-121.8953946, 38.1476027], [-121.8968122, 38.1476127], [-121.8975151, 38.1476193], [-121.8985804, 38.1476308], [-121.8986965, 38.1474952], [-121.8991861, 38.146972], [-121.9000217, 38.1460989], [-121.900853, 38.1452266], [-121.90158, 38.1444615], [-121.9022102, 38.1437968], [-121.9030458, 38.1429161], [-121.9038856, 38.1420363], [-121.9047148, 38.1411664], [-121.9051108, 38.140742], [-121.9053918, 38.1405419], [-121.9061709, 38.1400061], [-121.9069246, 38.1394712]]}}, {"type": "Feature", "id": "way/1283468535", "properties": {"power": "minor_line", "voltage": null, "name": null}, "geometry": {"type": "LineString", "coordinates": [[-121.9069246, 38.1394712], [-121.9066712, 38.1386599]]}}, {"type": "Feature", "id": "way/1283468536", "properties": {"power": "minor_line", "voltage": null, "name": null}, "geometry": {"type": "LineString", "coordinates": [[-121.9086996, 38.1382214], [-121.9078108, 38.1380008], [-121.906912, 38.1377779], [-121.906733, 38.1374116]]}}, {"type": "Feature", "id": "way/1283468537", "properties": {"power": "minor_line", "voltage": null, "name": null}, "geometry": {"type": "LineString", "coordinates": [[-121.9087672, 38.1381723], [-121.9086996, 38.1382214], [-121.9077987, 38.1388471], [-121.9069246, 38.1394712]]}}, {"type": "Feature", "id": "way/1283468538", "properties": {"power": "minor_line", "voltage": null, "name": null}, "geometry": {"type": "LineString", "coordinates": [[-121.9077987, 38.1388471], [-121.9076942, 38.1394215]]}}, {"type": "Feature", "id": "way/1283666430", "properties": {"power": "minor_line", "voltage": null, "name": null}, "geometry": {"type": "LineString", "coordinates": [[-121.8896178, 38.2058228], [-121.8903019, 38.2052661], [-121.8903899, 38.2047232], [-121.8903937, 38.204093], [-121.8903984, 38.2033782], [-121.8904001, 38.2026492], [-121.8904014, 38.2019154], [-121.8904036, 38.2012017], [-121.8904079, 38.2004739], [-121.8904089, 38.1997411], [-121.8904101, 38.1990224], [-121.8904144, 38.1982938], [-121.8904165, 38.1975702], [-121.8904155, 38.19685], [-121.8904165, 38.1961013], [-121.8904243, 38.1954184], [-121.890424, 38.1947185], [-121.8904293, 38.1939999], [-121.8904331, 38.1932636], [-121.8904387, 38.1924827], [-121.8904442, 38.1918828]]}}, {"type": "Feature", "id": "way/1283684669", "properties": {"power": "minor_line", "voltage": null, "name": null}, "geometry": {"type": "LineString", "coordinates": [[-121.8888976, 38.2121959], [-121.8888868, 38.2130073], [-121.888881, 38.213734], [-121.8888714, 38.2144564], [-121.8888618, 38.2150761], [-121.8888512, 38.2158047], [-121.8888435, 38.2165309], [-121.8888475, 38.2172459], [-121.8888474, 38.2179765], [-121.8888303, 38.2186974], [-121.888841, 38.2193597], [-121.8888118, 38.2197288]]}}, {"type": "Feature", "id": "way/1283698212", "properties": {"power": "minor_line", "voltage": null, "name": null}, "geometry": {"type": "LineString", "coordinates": [[-121.9106598, 38.2366413], [-121.9103965, 38.2359811], [-121.910137, 38.2353148], [-121.9098406, 38.2345748], [-121.9095436, 38.23382]]}}, {"type": "Feature", "id": "way/1283774719", "properties": {"power": "minor_line", "voltage": null, "name": null}, "geometry": {"type": "LineString", "coordinates": [[-121.9403359, 38.2096804], [-121.9399713, 38.2101333], [-121.9396791, 38.2104942], [-121.9391645, 38.2111223], [-121.9387893, 38.2115815], [-121.9384226, 38.2120331], [-121.9380494, 38.2124959], [-121.9376765, 38.212949], [-121.9373043, 38.2133963], [-121.9369375, 38.2138483], [-121.9365701, 38.2142993]]}}, {"type": "Feature", "id": "way/1284152644", "properties": {"power": "minor_line", "voltage": null, "name": null}, "geometry": {"type": "LineString", "coordinates": [[-121.8050822, 38.0769789], [-121.8051982, 38.0776957], [-121.8053229, 38.0784275], [-121.8057434, 38.0796164], [-121.8061681, 38.0808028], [-121.8065896, 38.0819876], [-121.8070073, 38.0831763], [-121.8074223, 38.0843607], [-121.8078551, 38.0855519], [-121.8082745, 38.0867466], [-121.808737, 38.0870839], [-121.8093033, 38.0875085], [-121.8103658, 38.08831], [-121.811367, 38.0890627], [-121.8123968, 38.0898374], [-121.8134064, 38.0905961], [-121.8145123, 38.0914239], [-121.8155954, 38.0922391], [-121.8162586, 38.0934126], [-121.816676, 38.0941513], [-121.8169243, 38.0945875], [-121.8175935, 38.095759]]}}, {"type": "Feature", "id": "way/1284152646", "properties": {"power": "minor_line", "voltage": null, "name": null}, "geometry": {"type": "LineString", "coordinates": [[-121.8175792, 38.0970623], [-121.8179474, 38.0972357], [-121.8183285, 38.0974585], [-121.8184989, 38.0975649]]}}, {"type": "Feature", "id": "way/1284152653", "properties": {"power": "minor_line", "voltage": null, "name": null}, "geometry": {"type": "LineString", "coordinates": [[-121.8189809, 38.0971153], [-121.8200369, 38.0970936], [-121.8209363, 38.0969168], [-121.8218677, 38.0967551], [-121.8227863, 38.0967895], [-121.8237198, 38.0968255], [-121.8246171, 38.0968716], [-121.825507, 38.096911], [-121.8264565, 38.0969629], [-121.8273634, 38.0971346], [-121.8282905, 38.0973164], [-121.8292049, 38.0974948], [-121.8299585, 38.0972], [-121.8307483, 38.0969143], [-121.8315466, 38.0967551]]}}, {"type": "Feature", "id": "way/1284152658", "properties": {"power": "minor_line", "voltage": null, "name": null}, "geometry": {"type": "LineString", "coordinates": [[-121.8438799, 38.0979706], [-121.8430209, 38.0980422], [-121.8421641, 38.0981209], [-121.8413299, 38.098188], [-121.8404177, 38.0983706], [-121.8395417, 38.098534], [-121.8386422, 38.0984067], [-121.8377417, 38.0980079], [-121.8369146, 38.0975791], [-121.8360844, 38.0971493], [-121.8351104, 38.0971703], [-121.8341269, 38.0971952], [-121.8331274, 38.0972225], [-121.8323056, 38.0969771], [-121.8319032, 38.0968892]]}}, {"type": "Feature", "id": "way/1284152659", "properties": {"power": "minor_line", "voltage": null, "name": null}, "geometry": {"type": "LineString", "coordinates": [[-121.8553167, 38.0955555], [-121.8550996, 38.0956694], [-121.8545456, 38.095964], [-121.8538013, 38.0963703], [-121.8530234, 38.0967872], [-121.8521946, 38.0973001], [-121.8513947, 38.0976083], [-121.8505511, 38.0979154], [-121.8496995, 38.0982362], [-121.8488553, 38.0985692], [-121.8480164, 38.0985982], [-121.8472674, 38.0981845], [-121.8465365, 38.0977898], [-121.8455917, 38.0976568], [-121.8447006, 38.0977951], [-121.8438799, 38.0979706]]}}, {"type": "Feature", "id": "way/1284206875", "properties": {"power": "minor_line", "voltage": null, "name": null}, "geometry": {"type": "LineString", "coordinates": [[-121.883099, 38.0893771], [-121.881958, 38.0898043], [-121.8812299, 38.0900975], [-121.8802257, 38.0904761], [-121.8792752, 38.0908458], [-121.8783949, 38.0911696], [-121.8773135, 38.0913179], [-121.8762706, 38.0913765]]}}, {"type": "Feature", "id": "way/1284213172", "properties": {"power": "minor_line", "voltage": null, "name": null}, "geometry": {"type": "LineString", "coordinates": [[-121.8752538, 38.0914303], [-121.8746835, 38.0913824], [-121.8741316, 38.0911781], [-121.8735201, 38.0904651], [-121.8729152, 38.0897674], [-121.8724048, 38.0894114], [-121.8716947, 38.0892177], [-121.8706292, 38.0892003], [-121.8695808, 38.089198]]}}, {"type": "Feature", "id": "way/1284544943", "properties": {"power": "minor_line", "voltage": null, "name": null}, "geometry": {"type": "LineString", "coordinates": [[-121.7450637, 38.1294894], [-121.7457655, 38.1302179], [-121.7465358, 38.1309196], [-121.747297, 38.1316193], [-121.7480594, 38.1323243]]}}, {"type": "Feature", "id": "way/1284650671", "properties": {"power": "minor_line", "voltage": null, "name": null}, "geometry": {"type": "LineString", "coordinates": [[-121.850438, 38.0840797], [-121.8502822, 38.0834865], [-121.8502279, 38.0827301], [-121.8501853, 38.0821042], [-121.8502343, 38.0814461], [-121.8502594, 38.0807427], [-121.8502892, 38.0800699], [-121.8503179, 38.0794582], [-121.8503423, 38.0786785], [-121.850369, 38.0779928]]}}, {"type": "Feature", "id": "way/1284650672", "properties": {"power": "minor_line", "voltage": null, "name": null}, "geometry": {"type": "LineString", "coordinates": [[-121.850438, 38.0840797], [-121.8507632, 38.0848139], [-121.8510747, 38.0854714], [-121.8515011, 38.0863813], [-121.8517499, 38.0869302], [-121.8519491, 38.0873698], [-121.8523524, 38.0882635], [-121.8525461, 38.0886983]]}}, {"type": "Feature", "id": "way/1284913670", "properties": {"power": "minor_line", "voltage": null, "name": null}, "geometry": {"type": "LineString", "coordinates": [[-121.7726168, 38.1178315], [-121.7735373, 38.1180751], [-121.7744286, 38.1183144], [-121.7753259, 38.1185517], [-121.7762113, 38.118785], [-121.7770872, 38.118989], [-121.7779677, 38.1191951], [-121.7788529, 38.1193971], [-121.7794997, 38.1197011], [-121.7802943, 38.1200635], [-121.7810942, 38.1204354], [-121.781624, 38.1206717], [-121.7825212, 38.1209155], [-121.7834345, 38.1211444], [-121.7843608, 38.1213737], [-121.7852875, 38.1215988], [-121.7862719, 38.1217687], [-121.7872797, 38.1219315], [-121.7882144, 38.1220817]]}}, {"type": "Feature", "id": "way/1284942231", "properties": {"power": "minor_line", "voltage": null, "name": null}, "geometry": {"type": "LineString", "coordinates": [[-121.8317896, 38.097891], [-121.8316185, 38.0988582], [-121.8312189, 38.1013447], [-121.8310508, 38.1024456], [-121.8309122, 38.1033225], [-121.8307179, 38.104557], [-121.8305413, 38.1056526], [-121.8303712, 38.1067372], [-121.8302403, 38.1075881], [-121.8300477, 38.1087959], [-121.8299178, 38.1096091], [-121.8298103, 38.1102549], [-121.8296134, 38.1115212], [-121.8294292, 38.1126594], [-121.8292642, 38.1137112], [-121.8290588, 38.1149985], [-121.8288895, 38.1160587], [-121.8287107, 38.1171725], [-121.828534, 38.1182771], [-121.8283648, 38.1193398], [-121.8281891, 38.1204292], [-121.8280508, 38.121131]]}}, {"type": "Feature", "id": "way/1284958874", "properties": {"power": "minor_line", "voltage": null, "name": null}, "geometry": {"type": "LineString", "coordinates": [[-121.8407914, 38.132061], [-121.8406732, 38.131878], [-121.8402165, 38.1313449], [-121.8390656, 38.1300077], [-121.8379106, 38.1286684], [-121.8367217, 38.1272911], [-121.8361675, 38.1266491], [-121.8355385, 38.1259264], [-121.8351938, 38.1255276]]}}, {"type": "Feature", "id": "way/1284958875", "properties": {"power": "minor_line", "voltage": null, "name": null}, "geometry": {"type": "LineString", "coordinates": [[-121.8424922, 38.1406011], [-121.8420377, 38.1402595], [-121.8418812, 38.1396366], [-121.841779, 38.1392448], [-121.8416832, 38.138853], [-121.8415587, 38.1383758], [-121.8414405, 38.1379011], [-121.8413245, 38.1374197], [-121.8412042, 38.1369341], [-121.8410797, 38.1364486], [-121.8409573, 38.1359738], [-121.8404463, 38.1354975], [-121.8399429, 38.1350219], [-121.8394372, 38.1345514], [-121.8389423, 38.1340867], [-121.8384199, 38.1336059], [-121.8386271, 38.1331951], [-121.8388377, 38.1327858], [-121.8390505, 38.1323754], [-121.8391997, 38.1320827], [-121.8394626, 38.1315684], [-121.8397188, 38.1310626], [-121.8393426, 38.1306143], [-121.838955, 38.1301717], [-121.8385759, 38.1297225], [-121.8381927, 38.1292754], [-121.8378148, 38.1288333], [-121.8374263, 38.128377], [-121.8370271, 38.1279633], [-121.8366094, 38.1275283], [-121.8361853, 38.1270797], [-121.8357831, 38.1266644], [-121.8353666, 38.1262297], [-121.834956, 38.125805]]}}, {"type": "Feature", "id": "way/1284958876", "properties": {"power": "minor_line", "voltage": null, "name": null}, "geometry": {"type": "LineString", "coordinates": [[-121.8349419, 38.135625], [-121.8355976, 38.1350917], [-121.8362682, 38.1345274], [-121.8369356, 38.1339857], [-121.8376136, 38.1334549], [-121.8382942, 38.1329166]]}}, {"type": "Feature", "id": "way/1285014677", "properties": {"power": "minor_line", "voltage": null, "name": null}, "geometry": {"type": "LineString", "coordinates": [[-121.8682569, 38.144972], [-121.8676702, 38.1443972]]}}, {"type": "Feature", "id": "way/1285025459", "properties": {"power": "minor_line", "voltage": null, "name": null}, "geometry": {"type": "LineString", "coordinates": [[-121.8545305, 38.0746947], [-121.8543622, 38.0756417], [-121.8542066, 38.0766705], [-121.8540165, 38.077846], [-121.8538244, 38.0789977], [-121.8536461, 38.0801129], [-121.8536471, 38.0809813], [-121.8536487, 38.0817949], [-121.8536557, 38.0825263], [-121.8546285, 38.0828317], [-121.854909, 38.0834898], [-121.8549101, 38.0841567], [-121.8545307, 38.0849353], [-121.8544293, 38.0854327], [-121.854317, 38.0860511], [-121.8541995, 38.0866343], [-121.8542401, 38.087397], [-121.8542722, 38.0881843], [-121.8534696, 38.0884303], [-121.8526881, 38.0886644], [-121.8525461, 38.0886983]]}}, {"type": "Feature", "id": "way/1285025460", "properties": {"power": "minor_line", "voltage": null, "name": null}, "geometry": {"type": "LineString", "coordinates": [[-121.8556841, 38.0754118], [-121.8554201, 38.0760084], [-121.8554904, 38.0766955], [-121.855566, 38.0774287], [-121.855632, 38.078006], [-121.8557139, 38.0789067], [-121.8557986, 38.0797032], [-121.8558689, 38.0804887], [-121.8559375, 38.0812611]]}}, {"type": "Feature", "id": "way/1285228443", "properties": {"power": "minor_line", "voltage": null, "name": null}, "geometry": {"type": "LineString", "coordinates": [[-121.8543063, 38.0919115], [-121.8538864, 38.091863]]}}, {"type": "Feature", "id": "way/1285228452", "properties": {"power": "minor_line", "voltage": null, "name": null}, "geometry": {"type": "LineString", "coordinates": [[-121.8525461, 38.0886983], [-121.8528241, 38.089314], [-121.8530689, 38.0898517], [-121.8534041, 38.090565]]}}, {"type": "Feature", "id": "way/1285228453", "properties": {"power": "minor_line", "voltage": null, "name": null}, "geometry": {"type": "LineString", "coordinates": [[-121.8534041, 38.090565], [-121.8535919, 38.0905588], [-121.8542752, 38.0904361], [-121.8549628, 38.0903176], [-121.8558858, 38.090154]]}}, {"type": "Feature", "id": "way/1285278272", "properties": {"power": "minor_line", "voltage": null, "name": null}, "geometry": {"type": "LineString", "coordinates": [[-121.8961757, 38.0965825], [-121.895684, 38.0957328], [-121.8954745, 38.0952394], [-121.8950841, 38.0943332], [-121.8946828, 38.093407], [-121.8943069, 38.0925263]]}}, {"type": "Feature", "id": "way/1285278273", "properties": {"power": "minor_line", "voltage": null, "name": null}, "geometry": {"type": "LineString", "coordinates": [[-121.8943069, 38.0925263], [-121.8939109, 38.0915994]]}}, {"type": "Feature", "id": "way/1285278274", "properties": {"power": "minor_line", "voltage": null, "name": null}, "geometry": {"type": "LineString", "coordinates": [[-121.8843171, 38.0753376], [-121.8846033, 38.0757788], [-121.8851609, 38.076664], [-121.8856923, 38.0775119], [-121.8862339, 38.0783718], [-121.8866495, 38.0790401], [-121.8872046, 38.0799319], [-121.8882522, 38.0815825], [-121.888912, 38.0826458], [-121.8894789, 38.0835402], [-121.8900576, 38.0844745], [-121.8905823, 38.0853184], [-121.8912074, 38.0862966], [-121.8917794, 38.0871942], [-121.8922077, 38.0878871], [-121.8925203, 38.0883785], [-121.892566, 38.0884862], [-121.892925, 38.0892941], [-121.8931928, 38.0899172], [-121.8935206, 38.0906885], [-121.8939109, 38.0915994]]}}, {"type": "Feature", "id": "way/1285278276", "properties": {"power": "minor_line", "voltage": null, "name": null}, "geometry": {"type": "LineString", "coordinates": [[-121.8943069, 38.0925263], [-121.893234, 38.0927564], [-121.8921871, 38.0929831], [-121.8911229, 38.0932169], [-121.8901305, 38.0934327], [-121.8894244, 38.0935741], [-121.8888451, 38.0936712]]}}, {"type": "Feature", "id": "way/1285278286", "properties": {"power": "minor_line", "voltage": null, "name": null}, "geometry": {"type": "LineString", "coordinates": [[-121.8918006, 38.0886823], [-121.8910376, 38.0888702], [-121.8902396, 38.0890744], [-121.8894597, 38.0894159], [-121.888297, 38.089923], [-121.8880097, 38.0900034], [-121.8871762, 38.0902145], [-121.8863459, 38.0904055]]}}, {"type": "Feature", "id": "way/1285383721", "properties": {"power": "minor_line", "voltage": null, "name": null}, "geometry": {"type": "LineString", "coordinates": [[-121.9201841, 38.0833006], [-121.919653, 38.0831739], [-121.9183184, 38.0833358], [-121.917296, 38.0834297], [-121.9162805, 38.0835264], [-121.9152659, 38.0836142], [-121.9142521, 38.0837126], [-121.9132332, 38.0838037], [-121.9122042, 38.0838503]]}}, {"type": "Feature", "id": "way/1285388979", "properties": {"power": "minor_line", "voltage": null, "name": null}, "geometry": {"type": "LineString", "coordinates": [[-121.9064292, 38.0842907], [-121.9067306, 38.0844386], [-121.9062207, 38.0851357], [-121.9056988, 38.0858304]]}}, {"type": "Feature", "id": "way/1285388984", "properties": {"power": "minor_line", "voltage": null, "name": null}, "geometry": {"type": "LineString", "coordinates": [[-121.909334, 38.0830933], [-121.9087018, 38.0823661], [-121.9078971, 38.0816841], [-121.9071052, 38.0810331], [-121.9063186, 38.0803871], [-121.9056118, 38.0797872]]}}, {"type": "Feature", "id": "way/1285388985", "properties": {"power": "minor_line", "voltage": null, "name": null}, "geometry": {"type": "LineString", "coordinates": [[-121.9109665, 38.0676667], [-121.910976, 38.0687209], [-121.9109835, 38.0698246], [-121.9105343, 38.0707245], [-121.9100234, 38.0717435], [-121.9095167, 38.07277], [-121.9090239, 38.0737529], [-121.9085097, 38.0747643], [-121.9071824, 38.0748724], [-121.9064181, 38.0752068], [-121.9063841, 38.0765902], [-121.9069205, 38.0774314], [-121.907473, 38.0782827], [-121.9067013, 38.078555], [-121.9057608, 38.0789233], [-121.9054702, 38.0792644], [-121.9056118, 38.0797872]]}}, {"type": "Feature", "id": "way/1285388986", "properties": {"power": "minor_line", "voltage": null, "name": null}, "geometry": {"type": "LineString", "coordinates": [[-121.909334, 38.0830933], [-121.9099226, 38.0837683], [-121.9112047, 38.0836664], [-121.9122042, 38.0838503]]}}, {"type": "Feature", "id": "way/1286074962", "properties": {"power": "minor_line", "voltage": null, "name": null}, "geometry": {"type": "LineString", "coordinates": [[-121.8892183, 38.1850811], [-121.8892097, 38.1857935], [-121.8892081, 38.1865316], [-121.8892022, 38.1872748], [-121.8891948, 38.1879865], [-121.8891861, 38.188699], [-121.8891794, 38.189429], [-121.8891754, 38.1901429], [-121.8891685, 38.1909805]]}}, {"type": "Feature", "id": "way/1286138224", "properties": {"power": "minor_line", "voltage": null, "name": null}, "geometry": {"type": "LineString", "coordinates": [[-121.8652403, 38.1801884], [-121.8660562, 38.1800058], [-121.8664149, 38.180102]]}}, {"type": "Feature", "id": "way/1286138225", "properties": {"power": "minor_line", "voltage": null, "name": null}, "geometry": {"type": "LineString", "coordinates": [[-121.8665659, 38.1807345], [-121.8666276, 38.1813468], [-121.8667112, 38.1820866], [-121.8668084, 38.1830536], [-121.8668802, 38.1836877]]}}, {"type": "Feature", "id": "way/1286142431", "properties": {"power": "minor_line", "voltage": null, "name": null}, "geometry": {"type": "LineString", "coordinates": [[-121.8636691, 38.1620765], [-121.863861, 38.1620522], [-121.8650603, 38.1618518], [-121.8662103, 38.1617321], [-121.867363, 38.1616114], [-121.8685157, 38.1614891], [-121.8696643, 38.161372], [-121.8708136, 38.161248], [-121.8708183, 38.1607219], [-121.8708177, 38.159679], [-121.8708204, 38.1593484], [-121.8708297, 38.1583028], [-121.8708446, 38.1574709], [-121.8708435, 38.1569143], [-121.8708467, 38.1560865], [-121.8708606, 38.1553382], [-121.8708627, 38.1547757], [-121.8708688, 38.1538476]]}}, {"type": "Feature", "id": "way/1286305600", "properties": {"power": "minor_line", "voltage": null, "name": null}, "geometry": {"type": "LineString", "coordinates": [[-121.8730612, 38.1283693], [-121.8725936, 38.1278269], [-121.8721332, 38.1273119], [-121.8716656, 38.1267693], [-121.8712348, 38.1262656], [-121.8707127, 38.1256203], [-121.8703333, 38.1249749], [-121.8699717, 38.124317], [-121.8696051, 38.1236577], [-121.8692308, 38.1229831], [-121.8688709, 38.1223178], [-121.8685093, 38.1216618], [-121.86813, 38.1209572], [-121.8677692, 38.1203092], [-121.8673894, 38.1196369], [-121.8670478, 38.1190226], [-121.8666667, 38.1183111], [-121.8662818, 38.1174088], [-121.8660568, 38.1168664], [-121.8658135, 38.1162834], [-121.8655119, 38.1155875], [-121.8652292, 38.1149164], [-121.8649429, 38.1142311], [-121.8646502, 38.1135239], [-121.8643705, 38.1128546], [-121.8640871, 38.1121719], [-121.8637907, 38.1114786], [-121.8634842, 38.1107537], [-121.8631988, 38.1100682], [-121.8629211, 38.1094197], [-121.8626151, 38.1087603], [-121.8622952, 38.108079], [-121.861976, 38.1073973], [-121.8616528, 38.1067241], [-121.8612498, 38.1060487], [-121.8608622, 38.1054018], [-121.8604719, 38.1047391], [-121.8600904, 38.1040832], [-121.8597236, 38.1034347], [-121.859332, 38.1027535], [-121.8589455, 38.1020893], [-121.8585611, 38.1014218], [-121.8581902, 38.1007942]]}}, {"type": "Feature", "id": "way/1286305603", "properties": {"power": "minor_line", "voltage": null, "name": null}, "geometry": {"type": "LineString", "coordinates": [[-121.85781, 38.1005037], [-121.8574366, 38.0998734]]}}, {"type": "Feature", "id": "way/1286417077", "properties": {"power": "minor_line", "voltage": null, "name": null}, "geometry": {"type": "LineString", "coordinates": [[-121.8761291, 38.09771], [-121.8763514, 38.0952484], [-121.8763405, 38.0948348], [-121.8763337, 38.0944232], [-121.8763168, 38.094013], [-121.8763041, 38.0936008], [-121.8762958, 38.0932195], [-121.8762966, 38.0927873], [-121.8762853, 38.0923701], [-121.8762799, 38.0922306], [-121.8762693, 38.0914693], [-121.8762706, 38.0913765], [-121.8762693, 38.0912136]]}}, {"type": "Feature", "id": "way/1296120540", "properties": {"power": "line", "voltage": "230000", "name": null, "cables": "3", "operator": "Pacific Gas and Electric Company", "operator:short": "PG&E", "operator:website": "https://www.pge.com", "operator:wikidata": "Q1815011", "operator:wikipedia": "en:Pacific Gas and Electric Company", "wires": "double"}, "geometry": {"type": "LineString", "coordinates": [[-121.830504, 38.1251804], [-121.829551, 38.1254569]]}}, {"type": "Feature", "id": "way/1338335645", "properties": {"power": "minor_line", "voltage": null, "name": null}, "geometry": {"type": "LineString", "coordinates": [[-121.8553598, 38.2706023], [-121.8563795, 38.2703489], [-121.8575665, 38.2700604], [-121.8587231, 38.2697818], [-121.8599067, 38.2694953], [-121.8611072, 38.2692061], [-121.8623027, 38.2689136], [-121.863499, 38.2686283], [-121.8646928, 38.2683365], [-121.8658713, 38.2680493], [-121.867071, 38.2677601], [-121.8682487, 38.2674735], [-121.8694205, 38.267191], [-121.8706278, 38.2669037], [-121.8718283, 38.266598], [-121.8729993, 38.2662988], [-121.8741964, 38.2659983], [-121.8753978, 38.2656972], [-121.8764623, 38.2654305], [-121.8776332, 38.2651366], [-121.8788751, 38.2648216], [-121.8795113, 38.2641596], [-121.8795181, 38.2633032], [-121.8795307, 38.2623254], [-121.8795392, 38.2613357], [-121.8795519, 38.2603645], [-121.8795595, 38.2594019], [-121.8795688, 38.2584201], [-121.879578, 38.2574509], [-121.879589, 38.2564617], [-121.8795983, 38.2554845], [-121.8796093, 38.2545047], [-121.8796203, 38.2535367], [-121.8796296, 38.2525588], [-121.8796439, 38.2515776], [-121.8796532, 38.2505771], [-121.8796659, 38.2495042], [-121.8796744, 38.2485515], [-121.880531, 38.2478256], [-121.8813074, 38.2471628], [-121.8821354, 38.2464615], [-121.8829701, 38.2457542], [-121.8837854, 38.2450648], [-121.884615, 38.2443608], [-121.8854582, 38.2436475], [-121.8863241, 38.2429117], [-121.8863125, 38.2426319]]}}, {"type": "Feature", "id": "way/1340184699", "properties": {"power": "minor_line", "voltage": null, "name": null}, "geometry": {"type": "LineString", "coordinates": [[-121.8058083, 38.2422701], [-121.8072202, 38.2422461], [-121.8086324, 38.2422303], [-121.8102478, 38.242205], [-121.8116398, 38.2421864], [-121.8132427, 38.2421673], [-121.8139237, 38.2421601], [-121.8148088, 38.2421523], [-121.8164718, 38.2421564], [-121.818104, 38.2421574], [-121.8197046, 38.2421579], [-121.8213113, 38.2421617], [-121.822914, 38.2421598], [-121.8245103, 38.242171], [-121.8261114, 38.242185], [-121.8277134, 38.2421993], [-121.8293238, 38.2422155]]}}, {"type": "Feature", "id": "way/1340184711", "properties": {"power": "minor_line", "voltage": null, "name": null}, "geometry": {"type": "LineString", "coordinates": [[-121.8297487, 38.2414319], [-121.8301693, 38.241225], [-121.8307151, 38.240434], [-121.831283, 38.2396076], [-121.8318403, 38.238796], [-121.8323948, 38.237986], [-121.8329614, 38.2371549], [-121.8335055, 38.2363617], [-121.8335218, 38.2353909], [-121.8335345, 38.2344487], [-121.8335506, 38.2333499], [-121.8335627, 38.2324814], [-121.8335761, 38.2315143], [-121.8335902, 38.230543], [-121.8336043, 38.2295759], [-121.8336157, 38.2286062], [-121.8336298, 38.2276285], [-121.8336466, 38.2265711], [-121.8336634, 38.2255408], [-121.8336748, 38.2245125], [-121.8336895, 38.2237539], [-121.8336969, 38.2229285], [-121.8337089, 38.2221151], [-121.8337237, 38.2213033], [-121.8337344, 38.2204067], [-121.8337478, 38.2193794], [-121.8337626, 38.2183515], [-121.8337807, 38.2173263], [-121.8337928, 38.2162969], [-121.8338095, 38.2152701], [-121.8338196, 38.2142417], [-121.8338364, 38.2132174], [-121.8338384, 38.2129856]]}}, {"type": "Feature", "id": "way/1340184712", "properties": {"power": "minor_line", "voltage": null, "name": null}, "geometry": {"type": "LineString", "coordinates": [[-121.830836, 38.2420782], [-121.8320687, 38.2420828], [-121.8332982, 38.2421035], [-121.8345322, 38.2420994], [-121.8357665, 38.2421094], [-121.8369983, 38.2421233], [-121.8382311, 38.2421324], [-121.8394595, 38.2421417], [-121.8406833, 38.2421528], [-121.841931, 38.2421514]]}}, {"type": "Feature", "id": "way/1340191698", "properties": {"power": "minor_line", "voltage": null, "name": null}, "geometry": {"type": "LineString", "coordinates": [[-121.8427866, 38.2203742], [-121.8419637, 38.2213917], [-121.8411465, 38.2224161], [-121.8402225, 38.223553], [-121.8393642, 38.2246255]]}}, {"type": "Feature", "id": "way/1340202047", "properties": {"power": "minor_line", "voltage": null, "name": null}, "geometry": {"type": "LineString", "coordinates": [[-121.8117264, 38.1908679], [-121.8107152, 38.1908704], [-121.8096955, 38.1908712], [-121.808597, 38.1908646], [-121.8074304, 38.1908604], [-121.8064633, 38.1908637], [-121.806243, 38.1907558]]}}, {"type": "Feature", "id": "way/1340206293", "properties": {"power": "minor_line", "voltage": null, "name": null}, "geometry": {"type": "LineString", "coordinates": [[-121.8484884, 38.2204565], [-121.8479097, 38.2211741], [-121.8473351, 38.2218963], [-121.8466279, 38.2227783]]}}, {"type": "Feature", "id": "way/1340668778", "properties": {"power": "minor_line", "voltage": null, "name": null}, "geometry": {"type": "LineString", "coordinates": [[-121.7314856, 38.2401], [-121.7325154, 38.2397662], [-121.7335276, 38.2394331], [-121.7345507, 38.2390967], [-121.7355653, 38.2387629], [-121.7365282, 38.2384445], [-121.7377097, 38.2380532], [-121.7387596, 38.2385361], [-121.7397612, 38.2389825], [-121.7407735, 38.2394449], [-121.7417759, 38.2398954], [-121.7427921, 38.240355], [-121.7437903, 38.2408057], [-121.7447942, 38.2412582], [-121.7458333, 38.2416576]]}}, {"type": "Feature", "id": "way/1340668779", "properties": {"power": "minor_line", "voltage": null, "name": null}, "geometry": {"type": "LineString", "coordinates": [[-121.7468226, 38.2399271], [-121.7460065, 38.241363]]}}, {"type": "Feature", "id": "way/1340951859", "properties": {"power": "minor_line", "voltage": null, "name": null}, "geometry": {"type": "LineString", "coordinates": [[-121.7829258, 38.2066204], [-121.7828534, 38.2053579], [-121.78285, 38.2041534], [-121.7828322, 38.2027939], [-121.7828205, 38.2015652], [-121.7828269, 38.2004644], [-121.7828232, 38.1993416], [-121.7828154, 38.1982287]]}}, {"type": "Feature", "id": "way/1356218139", "properties": {"power": "minor_line", "voltage": null, "name": null}, "geometry": {"type": "LineString", "coordinates": [[-121.8766769, 38.2058001], [-121.8765292, 38.2069829], [-121.8764374, 38.2078502], [-121.8763382, 38.2087523], [-121.8762478, 38.2096458], [-121.8761523, 38.2105334], [-121.8760594, 38.2114182]]}}, {"type": "Feature", "id": "way/1364317811", "properties": {"power": "minor_line", "voltage": null, "name": null}, "geometry": {"type": "LineString", "coordinates": [[-121.8889538, 38.1839087], [-121.8881609, 38.1839122], [-121.8872999, 38.183907], [-121.8864483, 38.1839017], [-121.8855793, 38.1838985], [-121.8847119, 38.1838934], [-121.8838376, 38.1838829]]}}, {"type": "Feature", "id": "way/1364317812", "properties": {"power": "minor_line", "voltage": null, "name": null}, "geometry": {"type": "LineString", "coordinates": [[-121.8834227, 38.1838796], [-121.8824612, 38.1838737], [-121.8814862, 38.1838695], [-121.8806222, 38.1838601], [-121.8797507, 38.1838609], [-121.8789002, 38.1838538], [-121.8780907, 38.1838513], [-121.8771737, 38.1838479], [-121.8763274, 38.1838437], [-121.8755182, 38.1838371], [-121.8746176, 38.1838324], [-121.8737331, 38.1838225], [-121.872911, 38.1838039], [-121.8720342, 38.183797], [-121.8711837, 38.1837936], [-121.8703076, 38.1837853], [-121.8694918, 38.1837961], [-121.868553, 38.183797], [-121.8677472, 38.1837987], [-121.8668809, 38.1838016], [-121.8659395, 38.1838038], [-121.8650012, 38.183813], [-121.864057, 38.1838176], [-121.8631139, 38.1838226], [-121.8621703, 38.1838247], [-121.8612331, 38.1838264], [-121.8602927, 38.1838189], [-121.8593458, 38.1838126], [-121.8584086, 38.1838076], [-121.857464, 38.1838044], [-121.8565214, 38.1838026], [-121.8555783, 38.1837975], [-121.8546373, 38.1837922], [-121.8536985, 38.1837848], [-121.8527504, 38.1837759], [-121.851813, 38.1837711], [-121.850865, 38.1837741], [-121.850138, 38.18376]]}}, {"type": "Feature", "id": "way/1364663189", "properties": {"power": "minor_line", "voltage": null, "name": null}, "geometry": {"type": "LineString", "coordinates": [[-121.8154508, 38.189105], [-121.8155049, 38.189525], [-121.8155794, 38.1901559], [-121.8156683, 38.1908767]]}}, {"type": "Feature", "id": "way/1364663190", "properties": {"power": "minor_line", "voltage": null, "name": null}, "geometry": {"type": "LineString", "coordinates": [[-121.8156683, 38.1908767], [-121.8146748, 38.1908725], [-121.8136867, 38.1908743], [-121.8126923, 38.1908685], [-121.8117264, 38.1908679]]}}, {"type": "Feature", "id": "way/1364663191", "properties": {"power": "minor_line", "voltage": null, "name": null}, "geometry": {"type": "LineString", "coordinates": [[-121.806243, 38.1907558], [-121.806251, 38.1900884], [-121.8062588, 38.189132], [-121.8062588, 38.1882413], [-121.8062755, 38.1873084], [-121.8062708, 38.1865901], [-121.8062648, 38.1858759], [-121.8059209, 38.18524], [-121.8060148, 38.1843529]]}}, {"type": "Feature", "id": "way/1364663192", "properties": {"power": "minor_line", "voltage": null, "name": null}, "geometry": {"type": "LineString", "coordinates": [[-121.8060148, 38.1843529], [-121.8064426, 38.183888]]}}, {"type": "Feature", "id": "way/1364663193", "properties": {"power": "minor_line", "voltage": null, "name": null}, "geometry": {"type": "LineString", "coordinates": [[-121.8062648, 38.1858759], [-121.8063558, 38.1852218], [-121.8063601, 38.1843513], [-121.8064426, 38.183888]]}}, {"type": "Feature", "id": "way/1365089984", "properties": {"power": "minor_line", "voltage": null, "name": null}, "geometry": {"type": "LineString", "coordinates": [[-121.8741986, 38.2041457], [-121.8752414, 38.2044085], [-121.8754771, 38.2044177]]}}, {"type": "Feature", "id": "way/1366021603", "properties": {"power": "minor_line", "voltage": null, "name": null}, "geometry": {"type": "LineString", "coordinates": [[-121.7251524, 38.2400394], [-121.7260529, 38.2400492], [-121.7269673, 38.2400551], [-121.7278731, 38.2400643], [-121.7287789, 38.2400743], [-121.7296922, 38.2400852], [-121.7305967, 38.2400911], [-121.7314856, 38.2401]]}}, {"type": "Feature", "id": "way/1386312588", "properties": {"power": "line", "voltage": "230000", "name": "Birds Landing-Contra Costa PP/Birds Landing-Contra Costa Sub", "cables": "6", "circuits": "2", "operator": "Pacific Gas and Electric Company", "operator:short": "PG&E", "operator:website": "https://www.pge.com", "operator:wikidata": "Q1815011", "operator:wikipedia": "en:Pacific Gas and Electric Company"}, "geometry": {"type": "LineString", "coordinates": [[-121.792906, 38.0772778], [-121.794038, 38.0786425], [-121.795154, 38.0800546], [-121.797772, 38.0832907], [-121.798802, 38.0846892], [-121.799763, 38.0859052], [-121.80148, 38.0880872], [-121.802227, 38.0891546], [-121.805128, 38.0927281], [-121.807282, 38.0954908], [-121.808733, 38.0973483], [-121.810072, 38.0990369], [-121.812398, 38.1019886], [-121.8145735, 38.1047514], [-121.815573, 38.1060207], [-121.817427, 38.1084182], [-121.81826, 38.1095055], [-121.820706, 38.1126053], [-121.822054, 38.1142936], [-121.823324, 38.1159075], [-121.8243815, 38.1172528], [-121.826148, 38.1194999], [-121.828087, 38.1219443], [-121.8287255, 38.1238993], [-121.8290381, 38.1247642]]}}]}