{"type": "FeatureCollection", "_synthetic": true, "features": [{"type": "Feature", "properties": {"Crossmodel": "C000000", "summer_Hist_Mean": 12.0, "summer_Midc_Mean": 13.92, "summer_Endc_Mean": 15.6}, "geometry": {"type": "Polygon", "coordinates": [[[-124.5, 32.5], [-124.0, 32.5], [-124.0, 33.0], [-124.5, 33.0], [-124.5, 32.5]]]}}, {"type": "Feature", "properties": {"Crossmodel": "C000001", "summer_Hist_Mean": 13.1, "summer_Midc_Mean": 15.29, "summer_Endc_Mean": 17.17}, "geometry": {"type": "Polygon", "coordinates": [[[-124.0, 32.5], [-123.5, 32.5], [-123.5, 33.0], [-124.0, 33.0], [-124.0, 32.5]]]}}, {"type": "Feature", "properties": {"Crossmodel": "C000002", "summer_Hist_Mean": 14.2, "summer_Midc_Mean": 16.67, "summer_Endc_Mean": 18.77}, "geometry": {"type": "Polygon", "coordinates": [[[-123.5, 32.5], [-123.0, 32.5], [-123.0, 33.0], [-123.5, 33.0], [-123.5, 32.5]]]}}, {"type": "Feature", "properties": {"Crossmodel": "C000003", "summer_Hist_Mean": 15.3, "summer_Midc_Mean": 18.07, "summer_Endc_Mean": 20.39}, "geometry": {"type": "Polygon", "coordinates": [[[-123.0, 32.5], [-122.5, 32.5], [-122.5, 33.0], [-123.0, 33.0], [-123.0, 32.5]]]}}, {"type": "Feature", "properties": {"Crossmodel": "C000004", "summer_Hist_Mean": 16.4, "summer_Midc_Mean": 19.48, "summer_Endc_Mean": 22.04}, "geometry": {"type": "Polygon", "coordinates": [[[-122.5, 32.5], [-122.0, 32.5], [-122.0, 33.0], [-122.5, 33.0], [-122.5, 32.5]]]}}, {"type": "Feature", "properties": {"Crossmodel": "C000005", "summer_Hist_Mean": 17.5, "summer_Midc_Mean": 20.91, "summer_Endc_Mean": 23.71}, "geometry": {"type": "Polygon", "coordinates": [[[-122.0, 32.5], [-121.5, 32.5], [-121.5, 33.0], [-122.0, 33.0], [-122.0, 32.5]]]}}, {"type": "Feature", "properties": {"Crossmodel": "C000006", "summer_Hist_Mean": 18.6, "summer_Midc_Mean": 22.36, "summer_Endc_Mean": 25.41}, "geometry": {"type": "Polygon", "coordinates": [[[-121.5, 32.5], [-121.0, 32.5], [-121.0, 33.0], [-121.5, 33.0], [-121.5, 32.5]]]}}, {"type": "Feature", "properties": {"Crossmodel": "C000007", "summer_Hist_Mean": 19.7, "summer_Midc_Mean": 23.82, "summer_Endc_Mean": 27.13}, "geometry": {"type": "Polygon", "coordinates": [[[-121.0, 32.5], [-120.5, 32.5], [-120.5, 33.0], [-121.0, 33.0], [-121.0, 32.5]]]}}, {"type": "Feature", "properties": {"Crossmodel": "C000008", "summer_Hist_Mean": 20.8, "summer_Midc_Mean": 25.29, "summer_Endc_Mean": 28.87}, "geometry": {"type": "Polygon", "coordinates": [[[-120.5, 32.5], [-120.0, 32.5], [-120.0, 33.0], [-120.5, 33.0], [-120.5, 32.5]]]}}, {"type": "Feature", "properties": {"Crossmodel": "C000009", "summer_Hist_Mean": 21.9, "summer_Midc_Mean": 26.78, "summer_Endc_Mean": 30.64}, "geometry": {"type": "Polygon", "coordinates": [[[-120.0, 32.5], [-119.5, 32.5], [-119.5, 33.0], [-120.0, 33.0], [-120.0, 32.5]]]}}, {"type": "Feature", "properties": {"Crossmodel": "C000010", "summer_Hist_Mean": 23.0, "summer_Midc_Mean": 28.29, "summer_Endc_Mean": 32.43}, "geometry": {"type": "Polygon", "coordinates": [[[-119.5, 32.5], [-119.0, 32.5], [-119.0, 33.0], [-119.5, 33.0], [-119.5, 32.5]]]}}, {"type": "Feature", "properties": {"Crossmodel": "C000011", "summer_Hist_Mean": 24.1, "summer_Midc_Mean": 29.81, "summer_Endc_Mean": 34.25}, "geometry": {"type": "Polygon", "coordinates": [[[-119.0, 32.5], [-118.5, 32.5], [-118.5, 33.0], [-119.0, 33.0], [-119.0, 32.5]]]}}, {"type": "Feature", "properties": {"Crossmodel": "C000012", "summer_Hist_Mean": 25.2, "summer_Midc_Mean": 31.35, "summer_Endc_Mean": 36.09}, "geometry": {"type": "Polygon", "coordinates": [[[-118.5, 32.5], [-118.0, 32.5], [-118.0, 33.0], [-118.5, 33.0], [-118.5, 32.5]]]}}, {"type": "Feature", "properties": {"Crossmodel": "C000013", "summer_Hist_Mean": 26.3, "summer_Midc_Mean": 32.9, "summer_Endc_Mean": 37.95}, "geometry": {"type": "Polygon", "coordinates": [[[-118.0, 32.5], [-117.5, 32.5], [-117.5, 33.0], [-118.0, 33.0], [-118.0, 32.5]]]}}, {"type": "Feature", "properties": {"Crossmodel": "C000014", "summer_Hist_Mean": 27.4, "summer_Midc_Mean": 34.47, "summer_Endc_Mean": 39.84}, "geometry": {"type": "Polygon", "coordinates": [[[-117.5, 32.5], [-117.0, 32.5], [-117.0, 33.0], [-117.5, 33.0], [-117.5, 32.5]]]}}, {"type": "Feature", "properties": {"Crossmodel": "C000015", "summer_Hist_Mean": 28.5, "summer_Midc_Mean": 36.05, "summer_Endc_Mean": 41.75}, "geometry": {"type": "Polygon", "coordinates": [[[-117.0, 32.5], [-116.5, 32.5], [-116.5, 33.0], [-117.0, 33.0], [-117.0, 32.5]]]}}, {"type": "Feature", "properties": {"Crossmodel": "C000016", "summer_Hist_Mean": 29.6, "summer_Midc_Mean": 37.65, "summer_Endc_Mean": 43.69}, "geometry": {"type": "Polygon", "coordinates": [[[-116.5, 32.5], [-116.0, 32.5], [-116.0, 33.0], [-116.5, 33.0], [-116.5, 32.5]]]}}, {"type": "Feature", "properties": {"Crossmodel": "C000017", "summer_Hist_Mean": 30.7, "summer_Midc_Mean": 39.27, "summer_Endc_Mean": 45.65}, "geometry": {"type": "Polygon", "coordinates": [[[-116.0, 32.5], [-115.5, 32.5], [-115.5, 33.0], [-116.0, 33.0], [-116.0, 32.5]]]}}, {"type": "Feature", "properties": {"Crossmodel": "C000018", "summer_Hist_Mean": 31.8, "summer_Midc_Mean": 40.89, "summer_Endc_Mean": 47.64}, "geometry": {"type": "Polygon", "coordinates": [[[-115.5, 32.5], [-115.0, 32.5], [-115.0, 33.0], [-115.5, 33.0], [-115.5, 32.5]]]}}, {"type": "Feature", "properties": {"Crossmodel": "C000019", "summer_Hist_Mean": 32.9, "summer_Midc_Mean": 42.54, "summer_Endc_Mean": 49.65}, "geometry": {"type": "Polygon", "coordinates": [[[-115.0, 32.5], [-114.5, 32.5], [-114.5, 33.0], [-115.0, 33.0], [-115.0, 32.5]]]}}, {"type": "Feature", "properties": {"Crossmodel": "C000020", "summer_Hist_Mean": 34.0, "summer_Midc_Mean": 44.2, "summer_Endc_Mean": 51.68}, "geometry": {"type": "Polygon", "coordinates": [[[-114.5, 32.5], [-114.0, 32.5], [-114.0, 33.0], [-114.5, 33.0], [-114.5, 32.5]]]}}, {"type": "Feature", "properties": {"Crossmodel": "C001000", "summer_Hist_Mean": 11.67, "summer_Midc_Mean": 13.53, "summer_Endc_Mean": 15.17}, "geometry": {"type": "Polygon", "coordinates": [[[-124.5, 33.0], [-124.0, 33.0], [-124.0, 33.5], [-124.5, 33.5], [-124.5, 33.0]]]}}, {"type": "Feature", "properties": {"Crossmodel": "C001001", "summer_Hist_Mean": 12.77, "summer_Midc_Mean": 14.9, "summer_Endc_Mean": 16.74}, "geometry": {"type": "Polygon", "coordinates": [[[-124.0, 33.0], [-123.5, 33.0], [-123.5, 33.5], [-124.0, 33.5], [-124.0, 33.0]]]}}, {"type": "Feature", "properties": {"Crossmodel": "C001002", "summer_Hist_Mean": 13.87, "summer_Midc_Mean": 16.28, "summer_Endc_Mean": 18.33}, "geometry": {"type": "Polygon", "coordinates": [[[-123.5, 33.0], [-123.0, 33.0], [-123.0, 33.5], [-123.5, 33.5], [-123.5, 33.0]]]}}, {"type": "Feature", "properties": {"Crossmodel": "C001003", "summer_Hist_Mean": 14.97, "summer_Midc_Mean": 17.68, "summer_Endc_Mean": 19.95}, "geometry": {"type": "Polygon", "coordinates": [[[-123.0, 33.0], [-122.5, 33.0], [-122.5, 33.5], [-123.0, 33.5], [-123.0, 33.0]]]}}, {"type": "Feature", "properties": {"Crossmodel": "C001004", "summer_Hist_Mean": 16.07, "summer_Midc_Mean": 19.09, "summer_Endc_Mean": 21.59}, "geometry": {"type": "Polygon", "coordinates": [[[-122.5, 33.0], [-122.0, 33.0], [-122.0, 33.5], [-122.5, 33.5], [-122.5, 33.0]]]}}, {"type": "Feature", "properties": {"Crossmodel": "C001005", "summer_Hist_Mean": 17.17, "summer_Midc_Mean": 20.51, "summer_Endc_Mean": 23.26}, "geometry": {"type": "Polygon", "coordinates": [[[-122.0, 33.0], [-121.5, 33.0], [-121.5, 33.5], [-122.0, 33.5], [-122.0, 33.0]]]}}, {"type": "Feature", "properties": {"Crossmodel": "C001006", "summer_Hist_Mean": 18.27, "summer_Midc_Mean": 21.96, "summer_Endc_Mean": 24.95}, "geometry": {"type": "Polygon", "coordinates": [[[-121.5, 33.0], [-121.0, 33.0], [-121.0, 33.5], [-121.5, 33.5], [-121.5, 33.0]]]}}, {"type": "Feature", "properties": {"Crossmodel": "C001007", "summer_Hist_Mean": 19.37, "summer_Midc_Mean": 23.41, "summer_Endc_Mean": 26.67}, "geometry": {"type": "Polygon", "coordinates": [[[-121.0, 33.0], [-120.5, 33.0], [-120.5, 33.5], [-121.0, 33.5], [-121.0, 33.0]]]}}, {"type": "Feature", "properties": {"Crossmodel": "C001008", "summer_Hist_Mean": 20.47, "summer_Midc_Mean": 24.89, "summer_Endc_Mean": 28.41}, "geometry": {"type": "Polygon", "coordinates": [[[-120.5, 33.0], [-120.0, 33.0], [-120.0, 33.5], [-120.5, 33.5], [-120.5, 33.0]]]}}, {"type": "Feature", "properties": {"Crossmodel": "C001009", "summer_Hist_Mean": 21.57, "summer_Midc_Mean": 26.38, "summer_Endc_Mean": 30.17}, "geometry": {"type": "Polygon", "coordinates": [[[-120.0, 33.0], [-119.5, 33.0], [-119.5, 33.5], [-120.0, 33.5], [-120.0, 33.0]]]}}, {"type": "Feature", "properties": {"Crossmodel": "C001010", "summer_Hist_Mean": 22.67, "summer_Midc_Mean": 27.88, "summer_Endc_Mean": 31.96}, "geometry": {"type": "Polygon", "coordinates": [[[-119.5, 33.0], [-119.0, 33.0], [-119.0, 33.5], [-119.5, 33.5], [-119.5, 33.0]]]}}, {"type": "Feature", "properties": {"Crossmodel": "C001011", "summer_Hist_Mean": 23.77, "summer_Midc_Mean": 29.4, "summer_Endc_Mean": 33.77}, "geometry": {"type": "Polygon", "coordinates": [[[-119.0, 33.0], [-118.5, 33.0], [-118.5, 33.5], [-119.0, 33.5], [-119.0, 33.0]]]}}, {"type": "Feature", "properties": {"Crossmodel": "C001012", "summer_Hist_Mean": 24.87, "summer_Midc_Mean": 30.93, "summer_Endc_Mean": 35.61}, "geometry": {"type": "Polygon", "coordinates": [[[-118.5, 33.0], [-118.0, 33.0], [-118.0, 33.5], [-118.5, 33.5], [-118.5, 33.0]]]}}, {"type": "Feature", "properties": {"Crossmodel": "C001013", "summer_Hist_Mean": 25.97, "summer_Midc_Mean": 32.48, "summer_Endc_Mean": 37.47}, "geometry": {"type": "Polygon", "coordinates": [[[-118.0, 33.0], [-117.5, 33.0], [-117.5, 33.5], [-118.0, 33.5], [-118.0, 33.0]]]}}, {"type": "Feature", "properties": {"Crossmodel": "C001014", "summer_Hist_Mean": 27.07, "summer_Midc_Mean": 34.05, "summer_Endc_Mean": 39.35}, "geometry": {"type": "Polygon", "coordinates": [[[-117.5, 33.0], [-117.0, 33.0], [-117.0, 33.5], [-117.5, 33.5], [-117.5, 33.0]]]}}, {"type": "Feature", "properties": {"Crossmodel": "C001015", "summer_Hist_Mean": 28.17, "summer_Midc_Mean": 35.63, "summer_Endc_Mean": 41.26}, "geometry": {"type": "Polygon", "coordinates": [[[-117.0, 33.0], [-116.5, 33.0], [-116.5, 33.5], [-117.0, 33.5], [-117.0, 33.0]]]}}, {"type": "Feature", "properties": {"Crossmodel": "C001016", "summer_Hist_Mean": 29.27, "summer_Midc_Mean": 37.23, "summer_Endc_Mean": 43.2}, "geometry": {"type": "Polygon", "coordinates": [[[-116.5, 33.0], [-116.0, 33.0], [-116.0, 33.5], [-116.5, 33.5], [-116.5, 33.0]]]}}, {"type": "Feature", "properties": {"Crossmodel": "C001017", "summer_Hist_Mean": 30.37, "summer_Midc_Mean": 38.84, "summer_Endc_Mean": 45.16}, "geometry": {"type": "Polygon", "coordinates": [[[-116.0, 33.0], [-115.5, 33.0], [-115.5, 33.5], [-116.0, 33.5], [-116.0, 33.0]]]}}, {"type": "Feature", "properties": {"Crossmodel": "C001018", "summer_Hist_Mean": 31.47, "summer_Midc_Mean": 40.47, "summer_Endc_Mean": 47.14}, "geometry": {"type": "Polygon", "coordinates": [[[-115.5, 33.0], [-115.0, 33.0], [-115.0, 33.5], [-115.5, 33.5], [-115.5, 33.0]]]}}, {"type": "Feature", "properties": {"Crossmodel": "C001019", "summer_Hist_Mean": 32.57, "summer_Midc_Mean": 42.11, "summer_Endc_Mean": 49.14}, "geometry": {"type": "Polygon", "coordinates": [[[-115.0, 33.0], [-114.5, 33.0], [-114.5, 33.5], [-115.0, 33.5], [-115.0, 33.0]]]}}, {"type": "Feature", "properties": {"Crossmodel": "C001020", "summer_Hist_Mean": 33.67, "summer_Midc_Mean": 43.77, "summer_Endc_Mean": 51.17}, "geometry": {"type": "Polygon", "coordinates": [[[-114.5, 33.0], [-114.0, 33.0], [-114.0, 33.5], [-114.5, 33.5], [-114.5, 33.0]]]}}, {"type": "Feature", "properties": {"Crossmodel": "C002000", "summer_Hist_Mean": 11.33, "summer_Midc_Mean": 13.15, "summer_Endc_Mean": 14.73}, "geometry": {"type": "Polygon", "coordinates": [[[-124.5, 33.5], [-124.0, 33.5], [-124.0, 34.0], [-124.5, 34.0], [-124.5, 33.5]]]}}, {"type": "Feature", "properties": {"Crossmodel": "C002001", "summer_Hist_Mean": 12.43, "summer_Midc_Mean": 14.51, "summer_Endc_Mean": 16.3}, "geometry": {"type": "Polygon", "coordinates": [[[-124.0, 33.5], [-123.5, 33.5], [-123.5, 34.0], [-124.0, 34.0], [-124.0, 33.5]]]}}, {"type": "Feature", "properties": {"Crossmodel": "C002002", "summer_Hist_Mean": 13.53, "summer_Midc_Mean": 15.89, "summer_Endc_Mean": 17.89}, "geometry": {"type": "Polygon", "coordinates": [[[-123.5, 33.5], [-123.0, 33.5], [-123.0, 34.0], [-123.5, 34.0], [-123.5, 33.5]]]}}, {"type": "Feature", "properties": {"Crossmodel": "C002003", "summer_Hist_Mean": 14.63, "summer_Midc_Mean": 17.28, "summer_Endc_Mean": 19.51}, "geometry": {"type": "Polygon", "coordinates": [[[-123.0, 33.5], [-122.5, 33.5], [-122.5, 34.0], [-123.0, 34.0], [-123.0, 33.5]]]}}, {"type": "Feature", "properties": {"Crossmodel": "C002004", "summer_Hist_Mean": 15.73, "summer_Midc_Mean": 18.69, "summer_Endc_Mean": 21.15}, "geometry": {"type": "Polygon", "coordinates": [[[-122.5, 33.5], [-122.0, 33.5], [-122.0, 34.0], [-122.5, 34.0], [-122.5, 33.5]]]}}, {"type": "Feature", "properties": {"Crossmodel": "C002005", "summer_Hist_Mean": 16.83, "summer_Midc_Mean": 20.12, "summer_Endc_Mean": 22.81}, "geometry": {"type": "Polygon", "coordinates": [[[-122.0, 33.5], [-121.5, 33.5], [-121.5, 34.0], [-122.0, 34.0], [-122.0, 33.5]]]}}, {"type": "Feature", "properties": {"Crossmodel": "C002006", "summer_Hist_Mean": 17.93, "summer_Midc_Mean": 21.56, "summer_Endc_Mean": 24.5}, "geometry": {"type": "Polygon", "coordinates": [[[-121.5, 33.5], [-121.0, 33.5], [-121.0, 34.0], [-121.5, 34.0], [-121.5, 33.5]]]}}, {"type": "Feature", "properties": {"Crossmodel": "C002007", "summer_Hist_Mean": 19.03, "summer_Midc_Mean": 23.01, "summer_Endc_Mean": 26.21}, "geometry": {"type": "Polygon", "coordinates": [[[-121.0, 33.5], [-120.5, 33.5], [-120.5, 34.0], [-121.0, 34.0], [-121.0, 33.5]]]}}, {"type": "Feature", "properties": {"Crossmodel": "C002008", "summer_Hist_Mean": 20.13, "summer_Midc_Mean": 24.48, "summer_Endc_Mean": 27.95}, "geometry": {"type": "Polygon", "coordinates": [[[-120.5, 33.5], [-120.0, 33.5], [-120.0, 34.0], [-120.5, 34.0], [-120.5, 33.5]]]}}, {"type": "Feature", "properties": {"Crossmodel": "C002009", "summer_Hist_Mean": 21.23, "summer_Midc_Mean": 25.97, "summer_Endc_Mean": 29.71}, "geometry": {"type": "Polygon", "coordinates": [[[-120.0, 33.5], [-119.5, 33.5], [-119.5, 34.0], [-120.0, 34.0], [-120.0, 33.5]]]}}, {"type": "Feature", "properties": {"Crossmodel": "C002010", "summer_Hist_Mean": 22.33, "summer_Midc_Mean": 27.47, "summer_Endc_Mean": 31.49}, "geometry": {"type": "Polygon", "coordinates": [[[-119.5, 33.5], [-119.0, 33.5], [-119.0, 34.0], [-119.5, 34.0], [-119.5, 33.5]]]}}, {"type": "Feature", "properties": {"Crossmodel": "C002011", "summer_Hist_Mean": 23.43, "summer_Midc_Mean": 28.99, "summer_Endc_Mean": 33.3}, "geometry": {"type": "Polygon", "coordinates": [[[-119.0, 33.5], [-118.5, 33.5], [-118.5, 34.0], [-119.0, 34.0], [-119.0, 33.5]]]}}, {"type": "Feature", "properties": {"Crossmodel": "C002012", "summer_Hist_Mean": 24.53, "summer_Midc_Mean": 30.52, "summer_Endc_Mean": 35.13}, "geometry": {"type": "Polygon", "coordinates": [[[-118.5, 33.5], [-118.0, 33.5], [-118.0, 34.0], [-118.5, 34.0], [-118.5, 33.5]]]}}, {"type": "Feature", "properties": {"Crossmodel": "C002013", "summer_Hist_Mean": 25.63, "summer_Midc_Mean": 32.07, "summer_Endc_Mean": 36.99}, "geometry": {"type": "Polygon", "coordinates": [[[-118.0, 33.5], [-117.5, 33.5], [-117.5, 34.0], [-118.0, 34.0], [-118.0, 33.5]]]}}, {"type": "Feature", "properties": {"Crossmodel": "C002014", "summer_Hist_Mean": 26.73, "summer_Midc_Mean": 33.63, "summer_Endc_Mean": 38.87}, "geometry": {"type": "Polygon", "coordinates": [[[-117.5, 33.5], [-117.0, 33.5], [-117.0, 34.0], [-117.5, 34.0], [-117.5, 33.5]]]}}, {"type": "Feature", "properties": {"Crossmodel": "C002015", "summer_Hist_Mean": 27.83, "summer_Midc_Mean": 35.21, "summer_Endc_Mean": 40.78}, "geometry": {"type": "Polygon", "coordinates": [[[-117.0, 33.5], [-116.5, 33.5], [-116.5, 34.0], [-117.0, 34.0], [-117.0, 33.5]]]}}, {"type": "Feature", "properties": {"Crossmodel": "C002016", "summer_Hist_Mean": 28.93, "summer_Midc_Mean": 36.8, "summer_Endc_Mean": 42.71}, "geometry": {"type": "Polygon", "coordinates": [[[-116.5, 33.5], [-116.0, 33.5], [-116.0, 34.0], [-116.5, 34.0], [-116.5, 33.5]]]}}, {"type": "Feature", "properties": {"Crossmodel": "C002017", "summer_Hist_Mean": 30.03, "summer_Midc_Mean": 38.41, "summer_Endc_Mean": 44.66}, "geometry": {"type": "Polygon", "coordinates": [[[-116.0, 33.5], [-115.5, 33.5], [-115.5, 34.0], [-116.0, 34.0], [-116.0, 33.5]]]}}, {"type": "Feature", "properties": {"Crossmodel": "C002018", "summer_Hist_Mean": 31.13, "summer_Midc_Mean": 40.04, "summer_Endc_Mean": 46.64}, "geometry": {"type": "Polygon", "coordinates": [[[-115.5, 33.5], [-115.0, 33.5], [-115.0, 34.0], [-115.5, 34.0], [-115.5, 33.5]]]}}, {"type": "Feature", "properties": {"Crossmodel": "C002019", "summer_Hist_Mean": 32.23, "summer_Midc_Mean": 41.68, "summer_Endc_Mean": 48.64}, "geometry": {"type": "Polygon", "coordinates": [[[-115.0, 33.5], [-114.5, 33.5], [-114.5, 34.0], [-115.0, 34.0], [-115.0, 33.5]]]}}, {"type": "Feature", "properties": {"Crossmodel": "C002020", "summer_Hist_Mean": 33.33, "summer_Midc_Mean": 43.33, "summer_Endc_Mean": 50.67}, "geometry": {"type": "Polygon", "coordinates": [[[-114.5, 33.5], [-114.0, 33.5], [-114.0, 34.0], [-114.5, 34.0], [-114.5, 33.5]]]}}, {"type": "Feature", "properties": {"Crossmodel": "C003000", "summer_Hist_Mean": 11.0, "summer_Midc_Mean": 12.76, "summer_Endc_Mean": 14.3}, "geometry": {"type": "Polygon", "coordinates": [[[-124.5, 34.0], [-124.0, 34.0], [-124.0, 34.5], [-124.5, 34.5], [-124.5, 34.0]]]}}, {"type": "Feature", "properties": {"Crossmodel": "C003001", "summer_Hist_Mean": 12.1, "summer_Midc_Mean": 14.12, "summer_Endc_Mean": 15.86}, "geometry": {"type": "Polygon", "coordinates": [[[-124.0, 34.0], [-123.5, 34.0], [-123.5, 34.5], [-124.0, 34.5], [-124.0, 34.0]]]}}, {"type": "Feature", "properties": {"Crossmodel": "C003002", "summer_Hist_Mean": 13.2, "summer_Midc_Mean": 15.5, "summer_Endc_Mean": 17.45}, "geometry": {"type": "Polygon", "coordinates": [[[-123.5, 34.0], [-123.0, 34.0], [-123.0, 34.5], [-123.5, 34.5], [-123.5, 34.0]]]}}, {"type": "Feature", "properties": {"Crossmodel": "C003003", "summer_Hist_Mean": 14.3, "summer_Midc_Mean": 16.89, "summer_Endc_Mean": 19.06}, "geometry": {"type": "Polygon", "coordinates": [[[-123.0, 34.0], [-122.5, 34.0], [-122.5, 34.5], [-123.0, 34.5], [-123.0, 34.0]]]}}, {"type": "Feature", "properties": {"Crossmodel": "C003004", "summer_Hist_Mean": 15.4, "summer_Midc_Mean": 18.3, "summer_Endc_Mean": 20.7}, "geometry": {"type": "Polygon", "coordinates": [[[-122.5, 34.0], [-122.0, 34.0], [-122.0, 34.5], [-122.5, 34.5], [-122.5, 34.0]]]}}, {"type": "Feature", "properties": {"Crossmodel": "C003005", "summer_Hist_Mean": 16.5, "summer_Midc_Mean": 19.72, "summer_Endc_Mean": 22.36}, "geometry": {"type": "Polygon", "coordinates": [[[-122.0, 34.0], [-121.5, 34.0], [-121.5, 34.5], [-122.0, 34.5], [-122.0, 34.0]]]}}, {"type": "Feature", "properties": {"Crossmodel": "C003006", "summer_Hist_Mean": 17.6, "summer_Midc_Mean": 21.16, "summer_Endc_Mean": 24.04}, "geometry": {"type": "Polygon", "coordinates": [[[-121.5, 34.0], [-121.0, 34.0], [-121.0, 34.5], [-121.5, 34.5], [-121.5, 34.0]]]}}, {"type": "Feature", "properties": {"Crossmodel": "C003007", "summer_Hist_Mean": 18.7, "summer_Midc_Mean": 22.61, "summer_Endc_Mean": 25.75}, "geometry": {"type": "Polygon", "coordinates": [[[-121.0, 34.0], [-120.5, 34.0], [-120.5, 34.5], [-121.0, 34.5], [-121.0, 34.0]]]}}, {"type": "Feature", "properties": {"Crossmodel": "C003008", "summer_Hist_Mean": 19.8, "summer_Midc_Mean": 24.08, "summer_Endc_Mean": 27.48}, "geometry": {"type": "Polygon", "coordinates": [[[-120.5, 34.0], [-120.0, 34.0], [-120.0, 34.5], [-120.5, 34.5], [-120.5, 34.0]]]}}, {"type": "Feature", "properties": {"Crossmodel": "C003009", "summer_Hist_Mean": 20.9, "summer_Midc_Mean": 25.56, "summer_Endc_Mean": 29.24}, "geometry": {"type": "Polygon", "coordinates": [[[-120.0, 34.0], [-119.5, 34.0], [-119.5, 34.5], [-120.0, 34.5], [-120.0, 34.0]]]}}, {"type": "Feature", "properties": {"Crossmodel": "C003010", "summer_Hist_Mean": 22.0, "summer_Midc_Mean": 27.06, "summer_Endc_Mean": 31.02}, "geometry": {"type": "Polygon", "coordinates": [[[-119.5, 34.0], [-119.0, 34.0], [-119.0, 34.5], [-119.5, 34.5], [-119.5, 34.0]]]}}, {"type": "Feature", "properties": {"Crossmodel": "C003011", "summer_Hist_Mean": 23.1, "summer_Midc_Mean": 28.57, "summer_Endc_Mean": 32.83}, "geometry": {"type": "Polygon", "coordinates": [[[-119.0, 34.0], [-118.5, 34.0], [-118.5, 34.5], [-119.0, 34.5], [-119.0, 34.0]]]}}, {"type": "Feature", "properties": {"Crossmodel": "C003012", "summer_Hist_Mean": 24.2, "summer_Midc_Mean": 30.1, "summer_Endc_Mean": 34.65}, "geometry": {"type": "Polygon", "coordinates": [[[-118.5, 34.0], [-118.0, 34.0], [-118.0, 34.5], [-118.5, 34.5], [-118.5, 34.0]]]}}, {"type": "Feature", "properties": {"Crossmodel": "C003013", "summer_Hist_Mean": 25.3, "summer_Midc_Mean": 31.65, "summer_Endc_Mean": 36.51}, "geometry": {"type": "Polygon", "coordinates": [[[-118.0, 34.0], [-117.5, 34.0], [-117.5, 34.5], [-118.0, 34.5], [-118.0, 34.0]]]}}, {"type": "Feature", "properties": {"Crossmodel": "C003014", "summer_Hist_Mean": 26.4, "summer_Midc_Mean": 33.21, "summer_Endc_Mean": 38.39}, "geometry": {"type": "Polygon", "coordinates": [[[-117.5, 34.0], [-117.0, 34.0], [-117.0, 34.5], [-117.5, 34.5], [-117.5, 34.0]]]}}, {"type": "Feature", "properties": {"Crossmodel": "C003015", "summer_Hist_Mean": 27.5, "summer_Midc_Mean": 34.79, "summer_Endc_Mean": 40.29}, "geometry": {"type": "Polygon", "coordinates": [[[-117.0, 34.0], [-116.5, 34.0], [-116.5, 34.5], [-117.0, 34.5], [-117.0, 34.0]]]}}, {"type": "Feature", "properties": {"Crossmodel": "C003016", "summer_Hist_Mean": 28.6, "summer_Midc_Mean": 36.38, "summer_Endc_Mean": 42.21}, "geometry": {"type": "Polygon", "coordinates": [[[-116.5, 34.0], [-116.0, 34.0], [-116.0, 34.5], [-116.5, 34.5], [-116.5, 34.0]]]}}, {"type": "Feature", "properties": {"Crossmodel": "C003017", "summer_Hist_Mean": 29.7, "summer_Midc_Mean": 37.99, "summer_Endc_Mean": 44.16}, "geometry": {"type": "Polygon", "coordinates": [[[-116.0, 34.0], [-115.5, 34.0], [-115.5, 34.5], [-116.0, 34.5], [-116.0, 34.0]]]}}, {"type": "Feature", "properties": {"Crossmodel": "C003018", "summer_Hist_Mean": 30.8, "summer_Midc_Mean": 39.61, "summer_Endc_Mean": 46.14}, "geometry": {"type": "Polygon", "coordinates": [[[-115.5, 34.0], [-115.0, 34.0], [-115.0, 34.5], [-115.5, 34.5], [-115.5, 34.0]]]}}, {"type": "Feature", "properties": {"Crossmodel": "C003019", "summer_Hist_Mean": 31.9, "summer_Midc_Mean": 41.25, "summer_Endc_Mean": 48.14}, "geometry": {"type": "Polygon", "coordinates": [[[-115.0, 34.0], [-114.5, 34.0], [-114.5, 34.5], [-115.0, 34.5], [-115.0, 34.0]]]}}, {"type": "Feature", "properties": {"Crossmodel": "C003020", "summer_Hist_Mean": 33.0, "summer_Midc_Mean": 42.9, "summer_Endc_Mean": 50.16}, "geometry": {"type": "Polygon", "coordinates": [[[-114.5, 34.0], [-114.0, 34.0], [-114.0, 34.5], [-114.5, 34.5], [-114.5, 34.0]]]}}, {"type": "Feature", "properties": {"Crossmodel": "C004000", "summer_Hist_Mean": 10.67, "summer_Midc_Mean": 12.37, "summer_Endc_Mean": 13.87}, "geometry": {"type": "Polygon", "coordinates": [[[-124.5, 34.5], [-124.0, 34.5], [-124.0, 35.0], [-124.5, 35.0], [-124.5, 34.5]]]}}, {"type": "Feature", "properties": {"Crossmodel": "C004001", "summer_Hist_Mean": 11.77, "summer_Midc_Mean": 13.73, "summer_Endc_Mean": 15.43}, "geometry": {"type": "Polygon", "coordinates": [[[-124.0, 34.5], [-123.5, 34.5], [-123.5, 35.0], [-124.0, 35.0], [-124.0, 34.5]]]}}, {"type": "Feature", "properties": {"Crossmodel": "C004002", "summer_Hist_Mean": 12.87, "summer_Midc_Mean": 15.11, "summer_Endc_Mean": 17.01}, "geometry": {"type": "Polygon", "coordinates": [[[-123.5, 34.5], [-123.0, 34.5], [-123.0, 35.0], [-123.5, 35.0], [-123.5, 34.5]]]}}, {"type": "Feature", "properties": {"Crossmodel": "C004003", "summer_Hist_Mean": 13.97, "summer_Midc_Mean": 16.49, "summer_Endc_Mean": 18.62}, "geometry": {"type": "Polygon", "coordinates": [[[-123.0, 34.5], [-122.5, 34.5], [-122.5, 35.0], [-123.0, 35.0], [-123.0, 34.5]]]}}, {"type": "Feature", "properties": {"Crossmodel": "C004004", "summer_Hist_Mean": 15.07, "summer_Midc_Mean": 17.9, "summer_Endc_Mean": 20.25}, "geometry": {"type": "Polygon", "coordinates": [[[-122.5, 34.5], [-122.0, 34.5], [-122.0, 35.0], [-122.5, 35.0], [-122.5, 34.5]]]}}, {"type": "Feature", "properties": {"Crossmodel": "C004005", "summer_Hist_Mean": 16.17, "summer_Midc_Mean": 19.32, "summer_Endc_Mean": 21.91}, "geometry": {"type": "Polygon", "coordinates": [[[-122.0, 34.5], [-121.5, 34.5], [-121.5, 35.0], [-122.0, 35.0], [-122.0, 34.5]]]}}, {"type": "Feature", "properties": {"Crossmodel": "C004006", "summer_Hist_Mean": 17.27, "summer_Midc_Mean": 20.75, "summer_Endc_Mean": 23.59}, "geometry": {"type": "Polygon", "coordinates": [[[-121.5, 34.5], [-121.0, 34.5], [-121.0, 35.0], [-121.5, 35.0], [-121.5, 34.5]]]}}, {"type": "Feature", "properties": {"Crossmodel": "C004007", "summer_Hist_Mean": 18.37, "summer_Midc_Mean": 22.21, "summer_Endc_Mean": 25.29}, "geometry": {"type": "Polygon", "coordinates": [[[-121.0, 34.5], [-120.5, 34.5], [-120.5, 35.0], [-121.0, 35.0], [-121.0, 34.5]]]}}, {"type": "Feature", "properties": {"Crossmodel": "C004008", "summer_Hist_Mean": 19.47, "summer_Midc_Mean": 23.67, "summer_Endc_Mean": 27.02}, "geometry": {"type": "Polygon", "coordinates": [[[-120.5, 34.5], [-120.0, 34.5], [-120.0, 35.0], [-120.5, 35.0], [-120.5, 34.5]]]}}, {"type": "Feature", "properties": {"Crossmodel": "C004009", "summer_Hist_Mean": 20.57, "summer_Midc_Mean": 25.15, "summer_Endc_Mean": 28.77}, "geometry": {"type": "Polygon", "coordinates": [[[-120.0, 34.5], [-119.5, 34.5], [-119.5, 35.0], [-120.0, 35.0], [-120.0, 34.5]]]}}, {"type": "Feature", "properties": {"Crossmodel": "C004010", "summer_Hist_Mean": 21.67, "summer_Midc_Mean": 26.65, "summer_Endc_Mean": 30.55}, "geometry": {"type": "Polygon", "coordinates": [[[-119.5, 34.5], [-119.0, 34.5], [-119.0, 35.0], [-119.5, 35.0], [-119.5, 34.5]]]}}, {"type": "Feature", "properties": {"Crossmodel": "C004011", "summer_Hist_Mean": 22.77, "summer_Midc_Mean": 28.16, "summer_Endc_Mean": 32.35}, "geometry": {"type": "Polygon", "coordinates": [[[-119.0, 34.5], [-118.5, 34.5], [-118.5, 35.0], [-119.0, 35.0], [-119.0, 34.5]]]}}, {"type": "Feature", "properties": {"Crossmodel": "C004012", "summer_Hist_Mean": 23.87, "summer_Midc_Mean": 29.69, "summer_Endc_Mean": 34.18}, "geometry": {"type": "Polygon", "coordinates": [[[-118.5, 34.5], [-118.0, 34.5], [-118.0, 35.0], [-118.5, 35.0], [-118.5, 34.5]]]}}, {"type": "Feature", "properties": {"Crossmodel": "C004013", "summer_Hist_Mean": 24.97, "summer_Midc_Mean": 31.23, "summer_Endc_Mean": 36.03}, "geometry": {"type": "Polygon", "coordinates": [[[-118.0, 34.5], [-117.5, 34.5], [-117.5, 35.0], [-118.0, 35.0], [-118.0, 34.5]]]}}, {"type": "Feature", "properties": {"Crossmodel": "C004014", "summer_Hist_Mean": 26.07, "summer_Midc_Mean": 32.79, "summer_Endc_Mean": 37.9}, "geometry": {"type": "Polygon", "coordinates": [[[-117.5, 34.5], [-117.0, 34.5], [-117.0, 35.0], [-117.5, 35.0], [-117.5, 34.5]]]}}, {"type": "Feature", "properties": {"Crossmodel": "C004015", "summer_Hist_Mean": 27.17, "summer_Midc_Mean": 34.37, "summer_Endc_Mean": 39.8}, "geometry": {"type": "Polygon", "coordinates": [[[-117.0, 34.5], [-116.5, 34.5], [-116.5, 35.0], [-117.0, 35.0], [-117.0, 34.5]]]}}, {"type": "Feature", "properties": {"Crossmodel": "C004016", "summer_Hist_Mean": 28.27, "summer_Midc_Mean": 35.96, "summer_Endc_Mean": 41.72}, "geometry": {"type": "Polygon", "coordinates": [[[-116.5, 34.5], [-116.0, 34.5], [-116.0, 35.0], [-116.5, 35.0], [-116.5, 34.5]]]}}, {"type": "Feature", "properties": {"Crossmodel": "C004017", "summer_Hist_Mean": 29.37, "summer_Midc_Mean": 37.56, "summer_Endc_Mean": 43.67}, "geometry": {"type": "Polygon", "coordinates": [[[-116.0, 34.5], [-115.5, 34.5], [-115.5, 35.0], [-116.0, 35.0], [-116.0, 34.5]]]}}, {"type": "Feature", "properties": {"Crossmodel": "C004018", "summer_Hist_Mean": 30.47, "summer_Midc_Mean": 39.18, "summer_Endc_Mean": 45.64}, "geometry": {"type": "Polygon", "coordinates": [[[-115.5, 34.5], [-115.0, 34.5], [-115.0, 35.0], [-115.5, 35.0], [-115.5, 34.5]]]}}, {"type": "Feature", "properties": {"Crossmodel": "C004019", "summer_Hist_Mean": 31.57, "summer_Midc_Mean": 40.82, "summer_Endc_Mean": 47.63}, "geometry": {"type": "Polygon", "coordinates": [[[-115.0, 34.5], [-114.5, 34.5], [-114.5, 35.0], [-115.0, 35.0], [-115.0, 34.5]]]}}, {"type": "Feature", "properties": {"Crossmodel": "C004020", "summer_Hist_Mean": 32.67, "summer_Midc_Mean": 42.47, "summer_Endc_Mean": 49.65}, "geometry": {"type": "Polygon", "coordinates": [[[-114.5, 34.5], [-114.0, 34.5], [-114.0, 35.0], [-114.5, 35.0], [-114.5, 34.5]]]}}, {"type": "Feature", "properties": {"Crossmodel": "C005000", "summer_Hist_Mean": 10.33, "summer_Midc_Mean": 11.99, "summer_Endc_Mean": 13.43}, "geometry": {"type": "Polygon", "coordinates": [[[-124.5, 35.0], [-124.0, 35.0], [-124.0, 35.5], [-124.5, 35.5], [-124.5, 35.0]]]}}, {"type": "Feature", "properties": {"Crossmodel": "C005001", "summer_Hist_Mean": 11.43, "summer_Midc_Mean": 13.34, "summer_Endc_Mean": 14.99}, "geometry": {"type": "Polygon", "coordinates": [[[-124.0, 35.0], [-123.5, 35.0], [-123.5, 35.5], [-124.0, 35.5], [-124.0, 35.0]]]}}, {"type": "Feature", "properties": {"Crossmodel": "C005002", "summer_Hist_Mean": 12.53, "summer_Midc_Mean": 14.71, "summer_Endc_Mean": 16.57}, "geometry": {"type": "Polygon", "coordinates": [[[-123.5, 35.0], [-123.0, 35.0], [-123.0, 35.5], [-123.5, 35.5], [-123.5, 35.0]]]}}, {"type": "Feature", "properties": {"Crossmodel": "C005003", "summer_Hist_Mean": 13.63, "summer_Midc_Mean": 16.1, "summer_Endc_Mean": 18.17}, "geometry": {"type": "Polygon", "coordinates": [[[-123.0, 35.0], [-122.5, 35.0], [-122.5, 35.5], [-123.0, 35.5], [-123.0, 35.0]]]}}, {"type": "Feature", "properties": {"Crossmodel": "C005004", "summer_Hist_Mean": 14.73, "summer_Midc_Mean": 17.5, "summer_Endc_Mean": 19.8}, "geometry": {"type": "Polygon", "coordinates": [[[-122.5, 35.0], [-122.0, 35.0], [-122.0, 35.5], [-122.5, 35.5], [-122.5, 35.0]]]}}, {"type": "Feature", "properties": {"Crossmodel": "C005005", "summer_Hist_Mean": 15.83, "summer_Midc_Mean": 18.92, "summer_Endc_Mean": 21.45}, "geometry": {"type": "Polygon", "coordinates": [[[-122.0, 35.0], [-121.5, 35.0], [-121.5, 35.5], [-122.0, 35.5], [-122.0, 35.0]]]}}, {"type": "Feature", "properties": {"Crossmodel": "C005006", "summer_Hist_Mean": 16.93, "summer_Midc_Mean": 20.35, "summer_Endc_Mean": 23.13}, "geometry": {"type": "Polygon", "coordinates": [[[-121.5, 35.0], [-121.0, 35.0], [-121.0, 35.5], [-121.5, 35.5], [-121.5, 35.0]]]}}, {"type": "Feature", "properties": {"Crossmodel": "C005007", "summer_Hist_Mean": 18.03, "summer_Midc_Mean": 21.8, "summer_Endc_Mean": 24.83}, "geometry": {"type": "Polygon", "coordinates": [[[-121.0, 35.0], [-120.5, 35.0], [-120.5, 35.5], [-121.0, 35.5], [-121.0, 35.0]]]}}, {"type": "Feature", "properties": {"Crossmodel": "C005008", "summer_Hist_Mean": 19.13, "summer_Midc_Mean": 23.27, "summer_Endc_Mean": 26.56}, "geometry": {"type": "Polygon", "coordinates": [[[-120.5, 35.0], [-120.0, 35.0], [-120.0, 35.5], [-120.5, 35.5], [-120.5, 35.0]]]}}, {"type": "Feature", "properties": {"Crossmodel": "C005009", "summer_Hist_Mean": 20.23, "summer_Midc_Mean": 24.75, "summer_Endc_Mean": 28.31}, "geometry": {"type": "Polygon", "coordinates": [[[-120.0, 35.0], [-119.5, 35.0], [-119.5, 35.5], [-120.0, 35.5], [-120.0, 35.0]]]}}, {"type": "Feature", "properties": {"Crossmodel": "C005010", "summer_Hist_Mean": 21.33, "summer_Midc_Mean": 26.24, "summer_Endc_Mean": 30.08}, "geometry": {"type": "Polygon", "coordinates": [[[-119.5, 35.0], [-119.0, 35.0], [-119.0, 35.5], [-119.5, 35.5], [-119.5, 35.0]]]}}, {"type": "Feature", "properties": {"Crossmodel": "C005011", "summer_Hist_Mean": 22.43, "summer_Midc_Mean": 27.75, "summer_Endc_Mean": 31.88}, "geometry": {"type": "Polygon", "coordinates": [[[-119.0, 35.0], [-118.5, 35.0], [-118.5, 35.5], [-119.0, 35.5], [-119.0, 35.0]]]}}, {"type": "Feature", "properties": {"Crossmodel": "C005012", "summer_Hist_Mean": 23.53, "summer_Midc_Mean": 29.28, "summer_Endc_Mean": 33.7}, "geometry": {"type": "Polygon", "coordinates": [[[-118.5, 35.0], [-118.0, 35.0], [-118.0, 35.5], [-118.5, 35.5], [-118.5, 35.0]]]}}, {"type": "Feature", "properties": {"Crossmodel": "C005013", "summer_Hist_Mean": 24.63, "summer_Midc_Mean": 30.82, "summer_Endc_Mean": 35.55}, "geometry": {"type": "Polygon", "coordinates": [[[-118.0, 35.0], [-117.5, 35.0], [-117.5, 35.5], [-118.0, 35.5], [-118.0, 35.0]]]}}, {"type": "Feature", "properties": {"Crossmodel": "C005014", "summer_Hist_Mean": 25.73, "summer_Midc_Mean": 32.37, "summer_Endc_Mean": 37.42}, "geometry": {"type": "Polygon", "coordinates": [[[-117.5, 35.0], [-117.0, 35.0], [-117.0, 35.5], [-117.5, 35.5], [-117.5, 35.0]]]}}, {"type": "Feature", "properties": {"Crossmodel": "C005015", "summer_Hist_Mean": 26.83, "summer_Midc_Mean": 33.94, "summer_Endc_Mean": 39.31}, "geometry": {"type": "Polygon", "coordinates": [[[-117.0, 35.0], [-116.5, 35.0], [-116.5, 35.5], [-117.0, 35.5], [-117.0, 35.0]]]}}, {"type": "Feature", "properties": {"Crossmodel": "C005016", "summer_Hist_Mean": 27.93, "summer_Midc_Mean": 35.53, "summer_Endc_Mean": 41.23}, "geometry": {"type": "Polygon", "coordinates": [[[-116.5, 35.0], [-116.0, 35.0], [-116.0, 35.5], [-116.5, 35.5], [-116.5, 35.0]]]}}, {"type": "Feature", "properties": {"Crossmodel": "C005017", "summer_Hist_Mean": 29.03, "summer_Midc_Mean": 37.13, "summer_Endc_Mean": 43.17}, "geometry": {"type": "Polygon", "coordinates": [[[-116.0, 35.0], [-115.5, 35.0], [-115.5, 35.5], [-116.0, 35.5], [-116.0, 35.0]]]}}, {"type": "Feature", "properties": {"Crossmodel": "C005018", "summer_Hist_Mean": 30.13, "summer_Midc_Mean": 38.75, "summer_Endc_Mean": 45.14}, "geometry": {"type": "Polygon", "coordinates": [[[-115.5, 35.0], [-115.0, 35.0], [-115.0, 35.5], [-115.5, 35.5], [-115.5, 35.0]]]}}, {"type": "Feature", "properties": {"Crossmodel": "C005019", "summer_Hist_Mean": 31.23, "summer_Midc_Mean": 40.38, "summer_Endc_Mean": 47.13}, "geometry": {"type": "Polygon", "coordinates": [[[-115.0, 35.0], [-114.5, 35.0], [-114.5, 35.5], [-115.0, 35.5], [-115.0, 35.0]]]}}, {"type": "Feature", "properties": {"Crossmodel": "C005020", "summer_Hist_Mean": 32.33, "summer_Midc_Mean": 42.03, "summer_Endc_Mean": 49.15}, "geometry": {"type": "Polygon", "coordinates": [[[-114.5, 35.0], [-114.0, 35.0], [-114.0, 35.5], [-114.5, 35.5], [-114.5, 35.0]]]}}, {"type": "Feature", "properties": {"Crossmodel": "C006000", "summer_Hist_Mean": 10.0, "summer_Midc_Mean": 11.6, "summer_Endc_Mean": 13.0}, "geometry": {"type": "Polygon", "coordinates": [[[-124.5, 35.5], [-124.0, 35.5], [-124.0, 36.0], [-124.5, 36.0], [-124.5, 35.5]]]}}, {"type": "Feature", "properties": {"Crossmodel": "C006001", "summer_Hist_Mean": 11.1, "summer_Midc_Mean": 12.95, "summer_Endc_Mean": 14.55}, "geometry": {"type": "Polygon", "coordinates": [[[-124.0, 35.5], [-123.5, 35.5], [-123.5, 36.0], [-124.0, 36.0], [-124.0, 35.5]]]}}, {"type": "Feature", "properties": {"Crossmodel": "C006002", "summer_Hist_Mean": 12.2, "summer_Midc_Mean": 14.32, "summer_Endc_Mean": 16.13}, "geometry": {"type": "Polygon", "coordinates": [[[-123.5, 35.5], [-123.0, 35.5], [-123.0, 36.0], [-123.5, 36.0], [-123.5, 35.5]]]}}, {"type": "Feature", "properties": {"Crossmodel": "C006003", "summer_Hist_Mean": 13.3, "summer_Midc_Mean": 15.71, "summer_Endc_Mean": 17.73}, "geometry": {"type": "Polygon", "coordinates": [[[-123.0, 35.5], [-122.5, 35.5], [-122.5, 36.0], [-123.0, 36.0], [-123.0, 35.5]]]}}, {"type": "Feature", "properties": {"Crossmodel": "C006004", "summer_Hist_Mean": 14.4, "summer_Midc_Mean": 17.11, "summer_Endc_Mean": 19.35}, "geometry": {"type": "Polygon", "coordinates": [[[-122.5, 35.5], [-122.0, 35.5], [-122.0, 36.0], [-122.5, 36.0], [-122.5, 35.5]]]}}, {"type": "Feature", "properties": {"Crossmodel": "C006005", "summer_Hist_Mean": 15.5, "summer_Midc_Mean": 18.52, "summer_Endc_Mean": 21.0}, "geometry": {"type": "Polygon", "coordinates": [[[-122.0, 35.5], [-121.5, 35.5], [-121.5, 36.0], [-122.0, 36.0], [-122.0, 35.5]]]}}, {"type": "Feature", "properties": {"Crossmodel": "C006006", "summer_Hist_Mean": 16.6, "summer_Midc_Mean": 19.95, "summer_Endc_Mean": 22.68}, "geometry": {"type": "Polygon", "coordinates": [[[-121.5, 35.5], [-121.0, 35.5], [-121.0, 36.0], [-121.5, 36.0], [-121.5, 35.5]]]}}, {"type": "Feature", "properties": {"Crossmodel": "C006007", "summer_Hist_Mean": 17.7, "summer_Midc_Mean": 21.4, "summer_Endc_Mean": 24.37}, "geometry": {"type": "Polygon", "coordinates": [[[-121.0, 35.5], [-120.5, 35.5], [-120.5, 36.0], [-121.0, 36.0], [-121.0, 35.5]]]}}, {"type": "Feature", "properties": {"Crossmodel": "C006008", "summer_Hist_Mean": 18.8, "summer_Midc_Mean": 22.86, "summer_Endc_Mean": 26.09}, "geometry": {"type": "Polygon", "coordinates": [[[-120.5, 35.5], [-120.0, 35.5], [-120.0, 36.0], [-120.5, 36.0], [-120.5, 35.5]]]}}, {"type": "Feature", "properties": {"Crossmodel": "C006009", "summer_Hist_Mean": 19.9, "summer_Midc_Mean": 24.34, "summer_Endc_Mean": 27.84}, "geometry": {"type": "Polygon", "coordinates": [[[-120.0, 35.5], [-119.5, 35.5], [-119.5, 36.0], [-120.0, 36.0], [-120.0, 35.5]]]}}, {"type": "Feature", "properties": {"Crossmodel": "C006010", "summer_Hist_Mean": 21.0, "summer_Midc_Mean": 25.83, "summer_Endc_Mean": 29.61}, "geometry": {"type": "Polygon", "coordinates": [[[-119.5, 35.5], [-119.0, 35.5], [-119.0, 36.0], [-119.5, 36.0], [-119.5, 35.5]]]}}, {"type": "Feature", "properties": {"Crossmodel": "C006011", "summer_Hist_Mean": 22.1, "summer_Midc_Mean": 27.34, "summer_Endc_Mean": 31.4}, "geometry": {"type": "Polygon", "coordinates": [[[-119.0, 35.5], [-118.5, 35.5], [-118.5, 36.0], [-119.0, 36.0], [-119.0, 35.5]]]}}, {"type": "Feature", "properties": {"Crossmodel": "C006012", "summer_Hist_Mean": 23.2, "summer_Midc_Mean": 28.86, "summer_Endc_Mean": 33.22}, "geometry": {"type": "Polygon", "coordinates": [[[-118.5, 35.5], [-118.0, 35.5], [-118.0, 36.0], [-118.5, 36.0], [-118.5, 35.5]]]}}, {"type": "Feature", "properties": {"Crossmodel": "C006013", "summer_Hist_Mean": 24.3, "summer_Midc_Mean": 30.4, "summer_Endc_Mean": 35.06}, "geometry": {"type": "Polygon", "coordinates": [[[-118.0, 35.5], [-117.5, 35.5], [-117.5, 36.0], [-118.0, 36.0], [-118.0, 35.5]]]}}, {"type": "Feature", "properties": {"Crossmodel": "C006014", "summer_Hist_Mean": 25.4, "summer_Midc_Mean": 31.95, "summer_Endc_Mean": 36.93}, "geometry": {"type": "Polygon", "coordinates": [[[-117.5, 35.5], [-117.0, 35.5], [-117.0, 36.0], [-117.5, 36.0], [-117.5, 35.5]]]}}, {"type": "Feature", "properties": {"Crossmodel": "C006015", "summer_Hist_Mean": 26.5, "summer_Midc_Mean": 33.52, "summer_Endc_Mean": 38.82}, "geometry": {"type": "Polygon", "coordinates": [[[-117.0, 35.5], [-116.5, 35.5], [-116.5, 36.0], [-117.0, 36.0], [-117.0, 35.5]]]}}, {"type": "Feature", "properties": {"Crossmodel": "C006016", "summer_Hist_Mean": 27.6, "summer_Midc_Mean": 35.11, "summer_Endc_Mean": 40.74}, "geometry": {"type": "Polygon", "coordinates": [[[-116.5, 35.5], [-116.0, 35.5], [-116.0, 36.0], [-116.5, 36.0], [-116.5, 35.5]]]}}, {"type": "Feature", "properties": {"Crossmodel": "C006017", "summer_Hist_Mean": 28.7, "summer_Midc_Mean": 36.71, "summer_Endc_Mean": 42.68}, "geometry": {"type": "Polygon", "coordinates": [[[-116.0, 35.5], [-115.5, 35.5], [-115.5, 36.0], [-116.0, 36.0], [-116.0, 35.5]]]}}, {"type": "Feature", "properties": {"Crossmodel": "C006018", "summer_Hist_Mean": 29.8, "summer_Midc_Mean": 38.32, "summer_Endc_Mean": 44.64}, "geometry": {"type": "Polygon", "coordinates": [[[-115.5, 35.5], [-115.0, 35.5], [-115.0, 36.0], [-115.5, 36.0], [-115.5, 35.5]]]}}, {"type": "Feature", "properties": {"Crossmodel": "C006019", "summer_Hist_Mean": 30.9, "summer_Midc_Mean": 39.95, "summer_Endc_Mean": 46.63}, "geometry": {"type": "Polygon", "coordinates": [[[-115.0, 35.5], [-114.5, 35.5], [-114.5, 36.0], [-115.0, 36.0], [-115.0, 35.5]]]}}, {"type": "Feature", "properties": {"Crossmodel": "C006020", "summer_Hist_Mean": 32.0, "summer_Midc_Mean": 41.6, "summer_Endc_Mean": 48.64}, "geometry": {"type": "Polygon", "coordinates": [[[-114.5, 35.5], [-114.0, 35.5], [-114.0, 36.0], [-114.5, 36.0], [-114.5, 35.5]]]}}, {"type": "Feature", "properties": {"Crossmodel": "C007000", "summer_Hist_Mean": 9.67, "summer_Midc_Mean": 11.21, "summer_Endc_Mean": 12.57}, "geometry": {"type": "Polygon", "coordinates": [[[-124.5, 36.0], [-124.0, 36.0], [-124.0, 36.5], [-124.5, 36.5], [-124.5, 36.0]]]}}, {"type": "Feature", "properties": {"Crossmodel": "C007001", "summer_Hist_Mean": 10.77, "summer_Midc_Mean": 12.56, "summer_Endc_Mean": 14.12}, "geometry": {"type": "Polygon", "coordinates": [[[-124.0, 36.0], [-123.5, 36.0], [-123.5, 36.5], [-124.0, 36.5], [-124.0, 36.0]]]}}, {"type": "Feature", "properties": {"Crossmodel": "C007002", "summer_Hist_Mean": 11.87, "summer_Midc_Mean": 13.93, "summer_Endc_Mean": 15.69}, "geometry": {"type": "Polygon", "coordinates": [[[-123.5, 36.0], [-123.0, 36.0], [-123.0, 36.5], [-123.5, 36.5], [-123.5, 36.0]]]}}, {"type": "Feature", "properties": {"Crossmodel": "C007003", "summer_Hist_Mean": 12.97, "summer_Midc_Mean": 15.31, "summer_Endc_Mean": 17.28}, "geometry": {"type": "Polygon", "coordinates": [[[-123.0, 36.0], [-122.5, 36.0], [-122.5, 36.5], [-123.0, 36.5], [-123.0, 36.0]]]}}, {"type": "Feature", "properties": {"Crossmodel": "C007004", "summer_Hist_Mean": 14.07, "summer_Midc_Mean": 16.71, "summer_Endc_Mean": 18.91}, "geometry": {"type": "Polygon", "coordinates": [[[-122.5, 36.0], [-122.0, 36.0], [-122.0, 36.5], [-122.5, 36.5], [-122.5, 36.0]]]}}, {"type": "Feature", "properties": {"Crossmodel": "C007005", "summer_Hist_Mean": 15.17, "summer_Midc_Mean": 18.12, "summer_Endc_Mean": 20.55}, "geometry": {"type": "Polygon", "coordinates": [[[-122.0, 36.0], [-121.5, 36.0], [-121.5, 36.5], [-122.0, 36.5], [-122.0, 36.0]]]}}, {"type": "Feature", "properties": {"Crossmodel": "C007006", "summer_Hist_Mean": 16.27, "summer_Midc_Mean": 19.55, "summer_Endc_Mean": 22.22}, "geometry": {"type": "Polygon", "coordinates": [[[-121.5, 36.0], [-121.0, 36.0], [-121.0, 36.5], [-121.5, 36.5], [-121.5, 36.0]]]}}, {"type": "Feature", "properties": {"Crossmodel": "C007007", "summer_Hist_Mean": 17.37, "summer_Midc_Mean": 21.0, "summer_Endc_Mean": 23.91}, "geometry": {"type": "Polygon", "coordinates": [[[-121.0, 36.0], [-120.5, 36.0], [-120.5, 36.5], [-121.0, 36.5], [-121.0, 36.0]]]}}, {"type": "Feature", "properties": {"Crossmodel": "C007008", "summer_Hist_Mean": 18.47, "summer_Midc_Mean": 22.46, "summer_Endc_Mean": 25.63}, "geometry": {"type": "Polygon", "coordinates": [[[-120.5, 36.0], [-120.0, 36.0], [-120.0, 36.5], [-120.5, 36.5], [-120.5, 36.0]]]}}, {"type": "Feature", "properties": {"Crossmodel": "C007009", "summer_Hist_Mean": 19.57, "summer_Midc_Mean": 23.93, "summer_Endc_Mean": 27.37}, "geometry": {"type": "Polygon", "coordinates": [[[-120.0, 36.0], [-119.5, 36.0], [-119.5, 36.5], [-120.0, 36.5], [-120.0, 36.0]]]}}, {"type": "Feature", "properties": {"Crossmodel": "C007010", "summer_Hist_Mean": 20.67, "summer_Midc_Mean": 25.42, "summer_Endc_Mean": 29.14}, "geometry": {"type": "Polygon", "coordinates": [[[-119.5, 36.0], [-119.0, 36.0], [-119.0, 36.5], [-119.5, 36.5], [-119.5, 36.0]]]}}, {"type": "Feature", "properties": {"Crossmodel": "C007011", "summer_Hist_Mean": 21.77, "summer_Midc_Mean": 26.93, "summer_Endc_Mean": 30.93}, "geometry": {"type": "Polygon", "coordinates": [[[-119.0, 36.0], [-118.5, 36.0], [-118.5, 36.5], [-119.0, 36.5], [-119.0, 36.0]]]}}, {"type": "Feature", "properties": {"Crossmodel": "C007012", "summer_Hist_Mean": 22.87, "summer_Midc_Mean": 28.45, "summer_Endc_Mean": 32.75}, "geometry": {"type": "Polygon", "coordinates": [[[-118.5, 36.0], [-118.0, 36.0], [-118.0, 36.5], [-118.5, 36.5], [-118.5, 36.0]]]}}, {"type": "Feature", "properties": {"Crossmodel": "C007013", "summer_Hist_Mean": 23.97, "summer_Midc_Mean": 29.98, "summer_Endc_Mean": 34.58}, "geometry": {"type": "Polygon", "coordinates": [[[-118.0, 36.0], [-117.5, 36.0], [-117.5, 36.5], [-118.0, 36.5], [-118.0, 36.0]]]}}, {"type": "Feature", "properties": {"Crossmodel": "C007014", "summer_Hist_Mean": 25.07, "summer_Midc_Mean": 31.53, "summer_Endc_Mean": 36.45}, "geometry": {"type": "Polygon", "coordinates": [[[-117.5, 36.0], [-117.0, 36.0], [-117.0, 36.5], [-117.5, 36.5], [-117.5, 36.0]]]}}, {"type": "Feature", "properties": {"Crossmodel": "C007015", "summer_Hist_Mean": 26.17, "summer_Midc_Mean": 33.1, "summer_Endc_Mean": 38.33}, "geometry": {"type": "Polygon", "coordinates": [[[-117.0, 36.0], [-116.5, 36.0], [-116.5, 36.5], [-117.0, 36.5], [-117.0, 36.0]]]}}, {"type": "Feature", "properties": {"Crossmodel": "C007016", "summer_Hist_Mean": 27.27, "summer_Midc_Mean": 34.68, "summer_Endc_Mean": 40.25}, "geometry": {"type": "Polygon", "coordinates": [[[-116.5, 36.0], [-116.0, 36.0], [-116.0, 36.5], [-116.5, 36.5], [-116.5, 36.0]]]}}, {"type": "Feature", "properties": {"Crossmodel": "C007017", "summer_Hist_Mean": 28.37, "summer_Midc_Mean": 36.28, "summer_Endc_Mean": 42.18}, "geometry": {"type": "Polygon", "coordinates": [[[-116.0, 36.0], [-115.5, 36.0], [-115.5, 36.5], [-116.0, 36.5], [-116.0, 36.0]]]}}, {"type": "Feature", "properties": {"Crossmodel": "C007018", "summer_Hist_Mean": 29.47, "summer_Midc_Mean": 37.89, "summer_Endc_Mean": 44.14}, "geometry": {"type": "Polygon", "coordinates": [[[-115.5, 36.0], [-115.0, 36.0], [-115.0, 36.5], [-115.5, 36.5], [-115.5, 36.0]]]}}, {"type": "Feature", "properties": {"Crossmodel": "C007019", "summer_Hist_Mean": 30.57, "summer_Midc_Mean": 39.52, "summer_Endc_Mean": 46.13}, "geometry": {"type": "Polygon", "coordinates": [[[-115.0, 36.0], [-114.5, 36.0], [-114.5, 36.5], [-115.0, 36.5], [-115.0, 36.0]]]}}, {"type": "Feature", "properties": {"Crossmodel": "C007020", "summer_Hist_Mean": 31.67, "summer_Midc_Mean": 41.17, "summer_Endc_Mean": 48.13}, "geometry": {"type": "Polygon", "coordinates": [[[-114.5, 36.0], [-114.0, 36.0], [-114.0, 36.5], [-114.5, 36.5], [-114.5, 36.0]]]}}, {"type": "Feature", "properties": {"Crossmodel": "C008000", "summer_Hist_Mean": 9.33, "summer_Midc_Mean": 10.83, "summer_Endc_Mean": 12.13}, "geometry": {"type": "Polygon", "coordinates": [[[-124.5, 36.5], [-124.0, 36.5], [-124.0, 37.0], [-124.5, 37.0], [-124.5, 36.5]]]}}, {"type": "Feature", "properties": {"Crossmodel": "C008001", "summer_Hist_Mean": 10.43, "summer_Midc_Mean": 12.18, "summer_Endc_Mean": 13.68}, "geometry": {"type": "Polygon", "coordinates": [[[-124.0, 36.5], [-123.5, 36.5], [-123.5, 37.0], [-124.0, 37.0], [-124.0, 36.5]]]}}, {"type": "Feature", "properties": {"Crossmodel": "C008002", "summer_Hist_Mean": 11.53, "summer_Midc_Mean": 13.54, "summer_Endc_Mean": 15.25}, "geometry": {"type": "Polygon", "coordinates": [[[-123.5, 36.5], [-123.0, 36.5], [-123.0, 37.0], [-123.5, 37.0], [-123.5, 36.5]]]}}, {"type": "Feature", "properties": {"Crossmodel": "C008003", "summer_Hist_Mean": 12.63, "summer_Midc_Mean": 14.92, "summer_Endc_Mean": 16.84}, "geometry": {"type": "Polygon", "coordinates": [[[-123.0, 36.5], [-122.5, 36.5], [-122.5, 37.0], [-123.0, 37.0], [-123.0, 36.5]]]}}, {"type": "Feature", "properties": {"Crossmodel": "C008004", "summer_Hist_Mean": 13.73, "summer_Midc_Mean": 16.32, "summer_Endc_Mean": 18.46}, "geometry": {"type": "Polygon", "coordinates": [[[-122.5, 36.5], [-122.0, 36.5], [-122.0, 37.0], [-122.5, 37.0], [-122.5, 36.5]]]}}, {"type": "Feature", "properties": {"Crossmodel": "C008005", "summer_Hist_Mean": 14.83, "summer_Midc_Mean": 17.73, "summer_Endc_Mean": 20.1}, "geometry": {"type": "Polygon", "coordinates": [[[-122.0, 36.5], [-121.5, 36.5], [-121.5, 37.0], [-122.0, 37.0], [-122.0, 36.5]]]}}, {"type": "Feature", "properties": {"Crossmodel": "C008006", "summer_Hist_Mean": 15.93, "summer_Midc_Mean": 19.15, "summer_Endc_Mean": 21.76}, "geometry": {"type": "Polygon", "coordinates": [[[-121.5, 36.5], [-121.0, 36.5], [-121.0, 37.0], [-121.5, 37.0], [-121.5, 36.5]]]}}, {"type": "Feature", "properties": {"Crossmodel": "C008007", "summer_Hist_Mean": 17.03, "summer_Midc_Mean": 20.59, "summer_Endc_Mean": 23.45}, "geometry": {"type": "Polygon", "coordinates": [[[-121.0, 36.5], [-120.5, 36.5], [-120.5, 37.0], [-121.0, 37.0], [-121.0, 36.5]]]}}, {"type": "Feature", "properties": {"Crossmodel": "C008008", "summer_Hist_Mean": 18.13, "summer_Midc_Mean": 22.05, "summer_Endc_Mean": 25.17}, "geometry": {"type": "Polygon", "coordinates": [[[-120.5, 36.5], [-120.0, 36.5], [-120.0, 37.0], [-120.5, 37.0], [-120.5, 36.5]]]}}, {"type": "Feature", "properties": {"Crossmodel": "C008009", "summer_Hist_Mean": 19.23, "summer_Midc_Mean": 23.52, "summer_Endc_Mean": 26.91}, "geometry": {"type": "Polygon", "coordinates": [[[-120.0, 36.5], [-119.5, 36.5], [-119.5, 37.0], [-120.0, 37.0], [-120.0, 36.5]]]}}, {"type": "Feature", "properties": {"Crossmodel": "C008010", "summer_Hist_Mean": 20.33, "summer_Midc_Mean": 25.01, "summer_Endc_Mean": 28.67}, "geometry": {"type": "Polygon", "coordinates": [[[-119.5, 36.5], [-119.0, 36.5], [-119.0, 37.0], [-119.5, 37.0], [-119.5, 36.5]]]}}, {"type": "Feature", "properties": {"Crossmodel": "C008011", "summer_Hist_Mean": 21.43, "summer_Midc_Mean": 26.51, "summer_Endc_Mean": 30.46}, "geometry": {"type": "Polygon", "coordinates": [[[-119.0, 36.5], [-118.5, 36.5], [-118.5, 37.0], [-119.0, 37.0], [-119.0, 36.5]]]}}, {"type": "Feature", "properties": {"Crossmodel": "C008012", "summer_Hist_Mean": 22.53, "summer_Midc_Mean": 28.03, "summer_Endc_Mean": 32.27}, "geometry": {"type": "Polygon", "coordinates": [[[-118.5, 36.5], [-118.0, 36.5], [-118.0, 37.0], [-118.5, 37.0], [-118.5, 36.5]]]}}, {"type": "Feature", "properties": {"Crossmodel": "C008013", "summer_Hist_Mean": 23.63, "summer_Midc_Mean": 29.57, "summer_Endc_Mean": 34.1}, "geometry": {"type": "Polygon", "coordinates": [[[-118.0, 36.5], [-117.5, 36.5], [-117.5, 37.0], [-118.0, 37.0], [-118.0, 36.5]]]}}, {"type": "Feature", "properties": {"Crossmodel": "C008014", "summer_Hist_Mean": 24.73, "summer_Midc_Mean": 31.11, "summer_Endc_Mean": 35.96}, "geometry": {"type": "Polygon", "coordinates": [[[-117.5, 36.5], [-117.0, 36.5], [-117.0, 37.0], [-117.5, 37.0], [-117.5, 36.5]]]}}, {"type": "Feature", "properties": {"Crossmodel": "C008015", "summer_Hist_Mean": 25.83, "summer_Midc_Mean": 32.68, "summer_Endc_Mean": 37.85}, "geometry": {"type": "Polygon", "coordinates": [[[-117.0, 36.5], [-116.5, 36.5], [-116.5, 37.0], [-117.0, 37.0], [-117.0, 36.5]]]}}, {"type": "Feature", "properties": {"Crossmodel": "C008016", "summer_Hist_Mean": 26.93, "summer_Midc_Mean": 34.26, "summer_Endc_Mean": 39.75}, "geometry": {"type": "Polygon", "coordinates": [[[-116.5, 36.5], [-116.0, 36.5], [-116.0, 37.0], [-116.5, 37.0], [-116.5, 36.5]]]}}, {"type": "Feature", "properties": {"Crossmodel": "C008017", "summer_Hist_Mean": 28.03, "summer_Midc_Mean": 35.85, "summer_Endc_Mean": 41.69}, "geometry": {"type": "Polygon", "coordinates": [[[-116.0, 36.5], [-115.5, 36.5], [-115.5, 37.0], [-116.0, 37.0], [-116.0, 36.5]]]}}, {"type": "Feature", "properties": {"Crossmodel": "C008018", "summer_Hist_Mean": 29.13, "summer_Midc_Mean": 37.47, "summer_Endc_Mean": 43.64}, "geometry": {"type": "Polygon", "coordinates": [[[-115.5, 36.5], [-115.0, 36.5], [-115.0, 37.0], [-115.5, 37.0], [-115.5, 36.5]]]}}, {"type": "Feature", "properties": {"Crossmodel": "C008019", "summer_Hist_Mean": 30.23, "summer_Midc_Mean": 39.09, "summer_Endc_Mean": 45.62}, "geometry": {"type": "Polygon", "coordinates": [[[-115.0, 36.5], [-114.5, 36.5], [-114.5, 37.0], [-115.0, 37.0], [-115.0, 36.5]]]}}, {"type": "Feature", "properties": {"Crossmodel": "C008020", "summer_Hist_Mean": 31.33, "summer_Midc_Mean": 40.73, "summer_Endc_Mean": 47.63}, "geometry": {"type": "Polygon", "coordinates": [[[-114.5, 36.5], [-114.0, 36.5], [-114.0, 37.0], [-114.5, 37.0], [-114.5, 36.5]]]}}, {"type": "Feature", "properties": {"Crossmodel": "C009000", "summer_Hist_Mean": 9.0, "summer_Midc_Mean": 10.44, "summer_Endc_Mean": 11.7}, "geometry": {"type": "Polygon", "coordinates": [[[-124.5, 37.0], [-124.0, 37.0], [-124.0, 37.5], [-124.5, 37.5], [-124.5, 37.0]]]}}, {"type": "Feature", "properties": {"Crossmodel": "C009001", "summer_Hist_Mean": 10.1, "summer_Midc_Mean": 11.79, "summer_Endc_Mean": 13.24}, "geometry": {"type": "Polygon", "coordinates": [[[-124.0, 37.0], [-123.5, 37.0], [-123.5, 37.5], [-124.0, 37.5], [-124.0, 37.0]]]}}, {"type": "Feature", "properties": {"Crossmodel": "C009002", "summer_Hist_Mean": 11.2, "summer_Midc_Mean": 13.15, "summer_Endc_Mean": 14.81}, "geometry": {"type": "Polygon", "coordinates": [[[-123.5, 37.0], [-123.0, 37.0], [-123.0, 37.5], [-123.5, 37.5], [-123.5, 37.0]]]}}, {"type": "Feature", "properties": {"Crossmodel": "C009003", "summer_Hist_Mean": 12.3, "summer_Midc_Mean": 14.53, "summer_Endc_Mean": 16.4}, "geometry": {"type": "Polygon", "coordinates": [[[-123.0, 37.0], [-122.5, 37.0], [-122.5, 37.5], [-123.0, 37.5], [-123.0, 37.0]]]}}, {"type": "Feature", "properties": {"Crossmodel": "C009004", "summer_Hist_Mean": 13.4, "summer_Midc_Mean": 15.92, "summer_Endc_Mean": 18.01}, "geometry": {"type": "Polygon", "coordinates": [[[-122.5, 37.0], [-122.0, 37.0], [-122.0, 37.5], [-122.5, 37.5], [-122.5, 37.0]]]}}, {"type": "Feature", "properties": {"Crossmodel": "C009005", "summer_Hist_Mean": 14.5, "summer_Midc_Mean": 17.33, "summer_Endc_Mean": 19.65}, "geometry": {"type": "Polygon", "coordinates": [[[-122.0, 37.0], [-121.5, 37.0], [-121.5, 37.5], [-122.0, 37.5], [-122.0, 37.0]]]}}, {"type": "Feature", "properties": {"Crossmodel": "C009006", "summer_Hist_Mean": 15.6, "summer_Midc_Mean": 18.75, "summer_Endc_Mean": 21.31}, "geometry": {"type": "Polygon", "coordinates": [[[-121.5, 37.0], [-121.0, 37.0], [-121.0, 37.5], [-121.5, 37.5], [-121.5, 37.0]]]}}, {"type": "Feature", "properties": {"Crossmodel": "C009007", "summer_Hist_Mean": 16.7, "summer_Midc_Mean": 20.19, "summer_Endc_Mean": 23.0}, "geometry": {"type": "Polygon", "coordinates": [[[-121.0, 37.0], [-120.5, 37.0], [-120.5, 37.5], [-121.0, 37.5], [-121.0, 37.0]]]}}, {"type": "Feature", "properties": {"Crossmodel": "C009008", "summer_Hist_Mean": 17.8, "summer_Midc_Mean": 21.64, "summer_Endc_Mean": 24.71}, "geometry": {"type": "Polygon", "coordinates": [[[-120.5, 37.0], [-120.0, 37.0], [-120.0, 37.5], [-120.5, 37.5], [-120.5, 37.0]]]}}, {"type": "Feature", "properties": {"Crossmodel": "C009009", "summer_Hist_Mean": 18.9, "summer_Midc_Mean": 23.11, "summer_Endc_Mean": 26.44}, "geometry": {"type": "Polygon", "coordinates": [[[-120.0, 37.0], [-119.5, 37.0], [-119.5, 37.5], [-120.0, 37.5], [-120.0, 37.0]]]}}, {"type": "Feature", "properties": {"Crossmodel": "C009010", "summer_Hist_Mean": 20.0, "summer_Midc_Mean": 24.6, "summer_Endc_Mean": 28.2}, "geometry": {"type": "Polygon", "coordinates": [[[-119.5, 37.0], [-119.0, 37.0], [-119.0, 37.5], [-119.5, 37.5], [-119.5, 37.0]]]}}, {"type": "Feature", "properties": {"Crossmodel": "C009011", "summer_Hist_Mean": 21.1, "summer_Midc_Mean": 26.1, "summer_Endc_Mean": 29.98}, "geometry": {"type": "Polygon", "coordinates": [[[-119.0, 37.0], [-118.5, 37.0], [-118.5, 37.5], [-119.0, 37.5], [-119.0, 37.0]]]}}, {"type": "Feature", "properties": {"Crossmodel": "C009012", "summer_Hist_Mean": 22.2, "summer_Midc_Mean": 27.62, "summer_Endc_Mean": 31.79}, "geometry": {"type": "Polygon", "coordinates": [[[-118.5, 37.0], [-118.0, 37.0], [-118.0, 37.5], [-118.5, 37.5], [-118.5, 37.0]]]}}, {"type": "Feature", "properties": {"Crossmodel": "C009013", "summer_Hist_Mean": 23.3, "summer_Midc_Mean": 29.15, "summer_Endc_Mean": 33.62}, "geometry": {"type": "Polygon", "coordinates": [[[-118.0, 37.0], [-117.5, 37.0], [-117.5, 37.5], [-118.0, 37.5], [-118.0, 37.0]]]}}, {"type": "Feature", "properties": {"Crossmodel": "C009014", "summer_Hist_Mean": 24.4, "summer_Midc_Mean": 30.7, "summer_Endc_Mean": 35.48}, "geometry": {"type": "Polygon", "coordinates": [[[-117.5, 37.0], [-117.0, 37.0], [-117.0, 37.5], [-117.5, 37.5], [-117.5, 37.0]]]}}, {"type": "Feature", "properties": {"Crossmodel": "C009015", "summer_Hist_Mean": 25.5, "summer_Midc_Mean": 32.26, "summer_Endc_Mean": 37.36}, "geometry": {"type": "Polygon", "coordinates": [[[-117.0, 37.0], [-116.5, 37.0], [-116.5, 37.5], [-117.0, 37.5], [-117.0, 37.0]]]}}, {"type": "Feature", "properties": {"Crossmodel": "C009016", "summer_Hist_Mean": 26.6, "summer_Midc_Mean": 33.84, "summer_Endc_Mean": 39.26}, "geometry": {"type": "Polygon", "coordinates": [[[-116.5, 37.0], [-116.0, 37.0], [-116.0, 37.5], [-116.5, 37.5], [-116.5, 37.0]]]}}, {"type": "Feature", "properties": {"Crossmodel": "C009017", "summer_Hist_Mean": 27.7, "summer_Midc_Mean": 35.43, "summer_Endc_Mean": 41.19}, "geometry": {"type": "Polygon", "coordinates": [[[-116.0, 37.0], [-115.5, 37.0], [-115.5, 37.5], [-116.0, 37.5], [-116.0, 37.0]]]}}, {"type": "Feature", "properties": {"Crossmodel": "C009018", "summer_Hist_Mean": 28.8, "summer_Midc_Mean": 37.04, "summer_Endc_Mean": 43.14}, "geometry": {"type": "Polygon", "coordinates": [[[-115.5, 37.0], [-115.0, 37.0], [-115.0, 37.5], [-115.5, 37.5], [-115.5, 37.0]]]}}, {"type": "Feature", "properties": {"Crossmodel": "C009019", "summer_Hist_Mean": 29.9, "summer_Midc_Mean": 38.66, "summer_Endc_Mean": 45.12}, "geometry": {"type": "Polygon", "coordinates": [[[-115.0, 37.0], [-114.5, 37.0], [-114.5, 37.5], [-115.0, 37.5], [-115.0, 37.0]]]}}, {"type": "Feature", "properties": {"Crossmodel": "C009020", "summer_Hist_Mean": 31.0, "summer_Midc_Mean": 40.3, "summer_Endc_Mean": 47.12}, "geometry": {"type": "Polygon", "coordinates": [[[-114.5, 37.0], [-114.0, 37.0], [-114.0, 37.5], [-114.5, 37.5], [-114.5, 37.0]]]}}, {"type": "Feature", "properties": {"Crossmodel": "C010000", "summer_Hist_Mean": 8.67, "summer_Midc_Mean": 10.05, "summer_Endc_Mean": 11.27}, "geometry": {"type": "Polygon", "coordinates": [[[-124.5, 37.5], [-124.0, 37.5], [-124.0, 38.0], [-124.5, 38.0], [-124.5, 37.5]]]}}, {"type": "Feature", "properties": {"Crossmodel": "C010001", "summer_Hist_Mean": 9.77, "summer_Midc_Mean": 11.4, "summer_Endc_Mean": 12.8}, "geometry": {"type": "Polygon", "coordinates": [[[-124.0, 37.5], [-123.5, 37.5], [-123.5, 38.0], [-124.0, 38.0], [-124.0, 37.5]]]}}, {"type": "Feature", "properties": {"Crossmodel": "C010002", "summer_Hist_Mean": 10.87, "summer_Midc_Mean": 12.76, "summer_Endc_Mean": 14.37}, "geometry": {"type": "Polygon", "coordinates": [[[-123.5, 37.5], [-123.0, 37.5], [-123.0, 38.0], [-123.5, 38.0], [-123.5, 37.5]]]}}, {"type": "Feature", "properties": {"Crossmodel": "C010003", "summer_Hist_Mean": 11.97, "summer_Midc_Mean": 14.13, "summer_Endc_Mean": 15.95}, "geometry": {"type": "Polygon", "coordinates": [[[-123.0, 37.5], [-122.5, 37.5], [-122.5, 38.0], [-123.0, 38.0], [-123.0, 37.5]]]}}, {"type": "Feature", "properties": {"Crossmodel": "C010004", "summer_Hist_Mean": 13.07, "summer_Midc_Mean": 15.52, "summer_Endc_Mean": 17.56}, "geometry": {"type": "Polygon", "coordinates": [[[-122.5, 37.5], [-122.0, 37.5], [-122.0, 38.0], [-122.5, 38.0], [-122.5, 37.5]]]}}, {"type": "Feature", "properties": {"Crossmodel": "C010005", "summer_Hist_Mean": 14.17, "summer_Midc_Mean": 16.93, "summer_Endc_Mean": 19.2}, "geometry": {"type": "Polygon", "coordinates": [[[-122.0, 37.5], [-121.5, 37.5], [-121.5, 38.0], [-122.0, 38.0], [-122.0, 37.5]]]}}, {"type": "Feature", "properties": {"Crossmodel": "C010006", "summer_Hist_Mean": 15.27, "summer_Midc_Mean": 18.35, "summer_Endc_Mean": 20.85}, "geometry": {"type": "Polygon", "coordinates": [[[-121.5, 37.5], [-121.0, 37.5], [-121.0, 38.0], [-121.5, 38.0], [-121.5, 37.5]]]}}, {"type": "Feature", "properties": {"Crossmodel": "C010007", "summer_Hist_Mean": 16.37, "summer_Midc_Mean": 19.79, "summer_Endc_Mean": 22.54}, "geometry": {"type": "Polygon", "coordinates": [[[-121.0, 37.5], [-120.5, 37.5], [-120.5, 38.0], [-121.0, 38.0], [-121.0, 37.5]]]}}, {"type": "Feature", "properties": {"Crossmodel": "C010008", "summer_Hist_Mean": 17.47, "summer_Midc_Mean": 21.24, "summer_Endc_Mean": 24.24}, "geometry": {"type": "Polygon", "coordinates": [[[-120.5, 37.5], [-120.0, 37.5], [-120.0, 38.0], [-120.5, 38.0], [-120.5, 37.5]]]}}, {"type": "Feature", "properties": {"Crossmodel": "C010009", "summer_Hist_Mean": 18.57, "summer_Midc_Mean": 22.71, "summer_Endc_Mean": 25.97}, "geometry": {"type": "Polygon", "coordinates": [[[-120.0, 37.5], [-119.5, 37.5], [-119.5, 38.0], [-120.0, 38.0], [-120.0, 37.5]]]}}, {"type": "Feature", "properties": {"Crossmodel": "C010010", "summer_Hist_Mean": 19.67, "summer_Midc_Mean": 24.19, "summer_Endc_Mean": 27.73}, "geometry": {"type": "Polygon", "coordinates": [[[-119.5, 37.5], [-119.0, 37.5], [-119.0, 38.0], [-119.5, 38.0], [-119.5, 37.5]]]}}, {"type": "Feature", "properties": {"Crossmodel": "C010011", "summer_Hist_Mean": 20.77, "summer_Midc_Mean": 25.69, "summer_Endc_Mean": 29.51}, "geometry": {"type": "Polygon", "coordinates": [[[-119.0, 37.5], [-118.5, 37.5], [-118.5, 38.0], [-119.0, 38.0], [-119.0, 37.5]]]}}, {"type": "Feature", "properties": {"Crossmodel": "C010012", "summer_Hist_Mean": 21.87, "summer_Midc_Mean": 27.2, "summer_Endc_Mean": 31.31}, "geometry": {"type": "Polygon", "coordinates": [[[-118.5, 37.5], [-118.0, 37.5], [-118.0, 38.0], [-118.5, 38.0], [-118.5, 37.5]]]}}, {"type": "Feature", "properties": {"Crossmodel": "C010013", "summer_Hist_Mean": 22.97, "summer_Midc_Mean": 28.73, "summer_Endc_Mean": 33.14}, "geometry": {"type": "Polygon", "coordinates": [[[-118.0, 37.5], [-117.5, 37.5], [-117.5, 38.0], [-118.0, 38.0], [-118.0, 37.5]]]}}, {"type": "Feature", "properties": {"Crossmodel": "C010014", "summer_Hist_Mean": 24.07, "summer_Midc_Mean": 30.28, "summer_Endc_Mean": 34.99}, "geometry": {"type": "Polygon", "coordinates": [[[-117.5, 37.5], [-117.0, 37.5], [-117.0, 38.0], [-117.5, 38.0], [-117.5, 37.5]]]}}, {"type": "Feature", "properties": {"Crossmodel": "C010015", "summer_Hist_Mean": 25.17, "summer_Midc_Mean": 31.84, "summer_Endc_Mean": 36.87}, "geometry": {"type": "Polygon", "coordinates": [[[-117.0, 37.5], [-116.5, 37.5], [-116.5, 38.0], [-117.0, 38.0], [-117.0, 37.5]]]}}, {"type": "Feature", "properties": {"Crossmodel": "C010016", "summer_Hist_Mean": 26.27, "summer_Midc_Mean": 33.41, "summer_Endc_Mean": 38.77}, "geometry": {"type": "Polygon", "coordinates": [[[-116.5, 37.5], [-116.0, 37.5], [-116.0, 38.0], [-116.5, 38.0], [-116.5, 37.5]]]}}, {"type": "Feature", "properties": {"Crossmodel": "C010017", "summer_Hist_Mean": 27.37, "summer_Midc_Mean": 35.0, "summer_Endc_Mean": 40.69}, "geometry": {"type": "Polygon", "coordinates": [[[-116.0, 37.5], [-115.5, 37.5], [-115.5, 38.0], [-116.0, 38.0], [-116.0, 37.5]]]}}, {"type": "Feature", "properties": {"Crossmodel": "C010018", "summer_Hist_Mean": 28.47, "summer_Midc_Mean": 36.61, "summer_Endc_Mean": 42.64}, "geometry": {"type": "Polygon", "coordinates": [[[-115.5, 37.5], [-115.0, 37.5], [-115.0, 38.0], [-115.5, 38.0], [-115.5, 37.5]]]}}, {"type": "Feature", "properties": {"Crossmodel": "C010019", "summer_Hist_Mean": 29.57, "summer_Midc_Mean": 38.23, "summer_Endc_Mean": 44.62}, "geometry": {"type": "Polygon", "coordinates": [[[-115.0, 37.5], [-114.5, 37.5], [-114.5, 38.0], [-115.0, 38.0], [-115.0, 37.5]]]}}, {"type": "Feature", "properties": {"Crossmodel": "C010020", "summer_Hist_Mean": 30.67, "summer_Midc_Mean": 39.87, "summer_Endc_Mean": 46.61}, "geometry": {"type": "Polygon", "coordinates": [[[-114.5, 37.5], [-114.0, 37.5], [-114.0, 38.0], [-114.5, 38.0], [-114.5, 37.5]]]}}, {"type": "Feature", "properties": {"Crossmodel": "C011000", "summer_Hist_Mean": 8.33, "summer_Midc_Mean": 9.67, "summer_Endc_Mean": 10.83}, "geometry": {"type": "Polygon", "coordinates": [[[-124.5, 38.0], [-124.0, 38.0], [-124.0, 38.5], [-124.5, 38.5], [-124.5, 38.0]]]}}, {"type": "Feature", "properties": {"Crossmodel": "C011001", "summer_Hist_Mean": 9.43, "summer_Midc_Mean": 11.01, "summer_Endc_Mean": 12.37}, "geometry": {"type": "Polygon", "coordinates": [[[-124.0, 38.0], [-123.5, 38.0], [-123.5, 38.5], [-124.0, 38.5], [-124.0, 38.0]]]}}, {"type": "Feature", "properties": {"Crossmodel": "C011002", "summer_Hist_Mean": 10.53, "summer_Midc_Mean": 12.37, "summer_Endc_Mean": 13.93}, "geometry": {"type": "Polygon", "coordinates": [[[-123.5, 38.0], [-123.0, 38.0], [-123.0, 38.5], [-123.5, 38.5], [-123.5, 38.0]]]}}, {"type": "Feature", "properties": {"Crossmodel": "C011003", "summer_Hist_Mean": 11.63, "summer_Midc_Mean": 13.74, "summer_Endc_Mean": 15.51}, "geometry": {"type": "Polygon", "coordinates": [[[-123.0, 38.0], [-122.5, 38.0], [-122.5, 38.5], [-123.0, 38.5], [-123.0, 38.0]]]}}, {"type": "Feature", "properties": {"Crossmodel": "C011004", "summer_Hist_Mean": 12.73, "summer_Midc_Mean": 15.13, "summer_Endc_Mean": 17.11}, "geometry": {"type": "Polygon", "coordinates": [[[-122.5, 38.0], [-122.0, 38.0], [-122.0, 38.5], [-122.5, 38.5], [-122.5, 38.0]]]}}, {"type": "Feature", "properties": {"Crossmodel": "C011005", "summer_Hist_Mean": 13.83, "summer_Midc_Mean": 16.53, "summer_Endc_Mean": 18.74}, "geometry": {"type": "Polygon", "coordinates": [[[-122.0, 38.0], [-121.5, 38.0], [-121.5, 38.5], [-122.0, 38.5], [-122.0, 38.0]]]}}, {"type": "Feature", "properties": {"Crossmodel": "C011006", "summer_Hist_Mean": 14.93, "summer_Midc_Mean": 17.95, "summer_Endc_Mean": 20.4}, "geometry": {"type": "Polygon", "coordinates": [[[-121.5, 38.0], [-121.0, 38.0], [-121.0, 38.5], [-121.5, 38.5], [-121.5, 38.0]]]}}, {"type": "Feature", "properties": {"Crossmodel": "C011007", "summer_Hist_Mean": 16.03, "summer_Midc_Mean": 19.38, "summer_Endc_Mean": 22.08}, "geometry": {"type": "Polygon", "coordinates": [[[-121.0, 38.0], [-120.5, 38.0], [-120.5, 38.5], [-121.0, 38.5], [-121.0, 38.0]]]}}, {"type": "Feature", "properties": {"Crossmodel": "C011008", "summer_Hist_Mean": 17.13, "summer_Midc_Mean": 20.83, "summer_Endc_Mean": 23.78}, "geometry": {"type": "Polygon", "coordinates": [[[-120.5, 38.0], [-120.0, 38.0], [-120.0, 38.5], [-120.5, 38.5], [-120.5, 38.0]]]}}, {"type": "Feature", "properties": {"Crossmodel": "C011009", "summer_Hist_Mean": 18.23, "summer_Midc_Mean": 22.3, "summer_Endc_Mean": 25.51}, "geometry": {"type": "Polygon", "coordinates": [[[-120.0, 38.0], [-119.5, 38.0], [-119.5, 38.5], [-120.0, 38.5], [-120.0, 38.0]]]}}, {"type": "Feature", "properties": {"Crossmodel": "C011010", "summer_Hist_Mean": 19.33, "summer_Midc_Mean": 23.78, "summer_Endc_Mean": 27.26}, "geometry": {"type": "Polygon", "coordinates": [[[-119.5, 38.0], [-119.0, 38.0], [-119.0, 38.5], [-119.5, 38.5], [-119.5, 38.0]]]}}, {"type": "Feature", "properties": {"Crossmodel": "C011011", "summer_Hist_Mean": 20.43, "summer_Midc_Mean": 25.28, "summer_Endc_Mean": 29.04}, "geometry": {"type": "Polygon", "coordinates": [[[-119.0, 38.0], [-118.5, 38.0], [-118.5, 38.5], [-119.0, 38.5], [-119.0, 38.0]]]}}, {"type": "Feature", "properties": {"Crossmodel": "C011012", "summer_Hist_Mean": 21.53, "summer_Midc_Mean": 26.79, "summer_Endc_Mean": 30.84}, "geometry": {"type": "Polygon", "coordinates": [[[-118.5, 38.0], [-118.0, 38.0], [-118.0, 38.5], [-118.5, 38.5], [-118.5, 38.0]]]}}, {"type": "Feature", "properties": {"Crossmodel": "C011013", "summer_Hist_Mean": 22.63, "summer_Midc_Mean": 28.31, "summer_Endc_Mean": 32.66}, "geometry": {"type": "Polygon", "coordinates": [[[-118.0, 38.0], [-117.5, 38.0], [-117.5, 38.5], [-118.0, 38.5], [-118.0, 38.0]]]}}, {"type": "Feature", "properties": {"Crossmodel": "C011014", "summer_Hist_Mean": 23.73, "summer_Midc_Mean": 29.86, "summer_Endc_Mean": 34.51}, "geometry": {"type": "Polygon", "coordinates": [[[-117.5, 38.0], [-117.0, 38.0], [-117.0, 38.5], [-117.5, 38.5], [-117.5, 38.0]]]}}, {"type": "Feature", "properties": {"Crossmodel": "C011015", "summer_Hist_Mean": 24.83, "summer_Midc_Mean": 31.41, "summer_Endc_Mean": 36.38}, "geometry": {"type": "Polygon", "coordinates": [[[-117.0, 38.0], [-116.5, 38.0], [-116.5, 38.5], [-117.0, 38.5], [-117.0, 38.0]]]}}, {"type": "Feature", "properties": {"Crossmodel": "C011016", "summer_Hist_Mean": 25.93, "summer_Midc_Mean": 32.99, "summer_Endc_Mean": 38.28}, "geometry": {"type": "Polygon", "coordinates": [[[-116.5, 38.0], [-116.0, 38.0], [-116.0, 38.5], [-116.5, 38.5], [-116.5, 38.0]]]}}, {"type": "Feature", "properties": {"Crossmodel": "C011017", "summer_Hist_Mean": 27.03, "summer_Midc_Mean": 34.58, "summer_Endc_Mean": 40.2}, "geometry": {"type": "Polygon", "coordinates": [[[-116.0, 38.0], [-115.5, 38.0], [-115.5, 38.5], [-116.0, 38.5], [-116.0, 38.0]]]}}, {"type": "Feature", "properties": {"Crossmodel": "C011018", "summer_Hist_Mean": 28.13, "summer_Midc_Mean": 36.18, "summer_Endc_Mean": 42.14}, "geometry": {"type": "Polygon", "coordinates": [[[-115.5, 38.0], [-115.0, 38.0], [-115.0, 38.5], [-115.5, 38.5], [-115.5, 38.0]]]}}, {"type": "Feature", "properties": {"Crossmodel": "C011019", "summer_Hist_Mean": 29.23, "summer_Midc_Mean": 37.8, "summer_Endc_Mean": 44.11}, "geometry": {"type": "Polygon", "coordinates": [[[-115.0, 38.0], [-114.5, 38.0], [-114.5, 38.5], [-115.0, 38.5], [-115.0, 38.0]]]}}, {"type": "Feature", "properties": {"Crossmodel": "C011020", "summer_Hist_Mean": 30.33, "summer_Midc_Mean": 39.43, "summer_Endc_Mean": 46.11}, "geometry": {"type": "Polygon", "coordinates": [[[-114.5, 38.0], [-114.0, 38.0], [-114.0, 38.5], [-114.5, 38.5], [-114.5, 38.0]]]}}, {"type": "Feature", "properties": {"Crossmodel": "C012000", "summer_Hist_Mean": 8.0, "summer_Midc_Mean": 9.28, "summer_Endc_Mean": 10.4}, "geometry": {"type": "Polygon", "coordinates": [[[-124.5, 38.5], [-124.0, 38.5], [-124.0, 39.0], [-124.5, 39.0], [-124.5, 38.5]]]}}, {"type": "Feature", "properties": {"Crossmodel": "C012001", "summer_Hist_Mean": 9.1, "summer_Midc_Mean": 10.62, "summer_Endc_Mean": 11.93}, "geometry": {"type": "Polygon", "coordinates": [[[-124.0, 38.5], [-123.5, 38.5], [-123.5, 39.0], [-124.0, 39.0], [-124.0, 38.5]]]}}, {"type": "Feature", "properties": {"Crossmodel": "C012002", "summer_Hist_Mean": 10.2, "summer_Midc_Mean": 11.97, "summer_Endc_Mean": 13.48}, "geometry": {"type": "Polygon", "coordinates": [[[-123.5, 38.5], [-123.0, 38.5], [-123.0, 39.0], [-123.5, 39.0], [-123.5, 38.5]]]}}, {"type": "Feature", "properties": {"Crossmodel": "C012003", "summer_Hist_Mean": 11.3, "summer_Midc_Mean": 13.35, "summer_Endc_Mean": 15.06}, "geometry": {"type": "Polygon", "coordinates": [[[-123.0, 38.5], [-122.5, 38.5], [-122.5, 39.0], [-123.0, 39.0], [-123.0, 38.5]]]}}, {"type": "Feature", "properties": {"Crossmodel": "C012004", "summer_Hist_Mean": 12.4, "summer_Midc_Mean": 14.73, "summer_Endc_Mean": 16.67}, "geometry": {"type": "Polygon", "coordinates": [[[-122.5, 38.5], [-122.0, 38.5], [-122.0, 39.0], [-122.5, 39.0], [-122.5, 38.5]]]}}, {"type": "Feature", "properties": {"Crossmodel": "C012005", "summer_Hist_Mean": 13.5, "summer_Midc_Mean": 16.13, "summer_Endc_Mean": 18.29}, "geometry": {"type": "Polygon", "coordinates": [[[-122.0, 38.5], [-121.5, 38.5], [-121.5, 39.0], [-122.0, 39.0], [-122.0, 38.5]]]}}, {"type": "Feature", "properties": {"Crossmodel": "C012006", "summer_Hist_Mean": 14.6, "summer_Midc_Mean": 17.55, "summer_Endc_Mean": 19.94}, "geometry": {"type": "Polygon", "coordinates": [[[-121.5, 38.5], [-121.0, 38.5], [-121.0, 39.0], [-121.5, 39.0], [-121.5, 38.5]]]}}, {"type": "Feature", "properties": {"Crossmodel": "C012007", "summer_Hist_Mean": 15.7, "summer_Midc_Mean": 18.98, "summer_Endc_Mean": 21.62}, "geometry": {"type": "Polygon", "coordinates": [[[-121.0, 38.5], [-120.5, 38.5], [-120.5, 39.0], [-121.0, 39.0], [-121.0, 38.5]]]}}, {"type": "Feature", "properties": {"Crossmodel": "C012008", "summer_Hist_Mean": 16.8, "summer_Midc_Mean": 20.43, "summer_Endc_Mean": 23.32}, "geometry": {"type": "Polygon", "coordinates": [[[-120.5, 38.5], [-120.0, 38.5], [-120.0, 39.0], [-120.5, 39.0], [-120.5, 38.5]]]}}, {"type": "Feature", "properties": {"Crossmodel": "C012009", "summer_Hist_Mean": 17.9, "summer_Midc_Mean": 21.89, "summer_Endc_Mean": 25.04}, "geometry": {"type": "Polygon", "coordinates": [[[-120.0, 38.5], [-119.5, 38.5], [-119.5, 39.0], [-120.0, 39.0], [-120.0, 38.5]]]}}, {"type": "Feature", "properties": {"Crossmodel": "C012010", "summer_Hist_Mean": 19.0, "summer_Midc_Mean": 23.37, "summer_Endc_Mean": 26.79}, "geometry": {"type": "Polygon", "coordinates": [[[-119.5, 38.5], [-119.0, 38.5], [-119.0, 39.0], [-119.5, 39.0], [-119.5, 38.5]]]}}, {"type": "Feature", "properties": {"Crossmodel": "C012011", "summer_Hist_Mean": 20.1, "summer_Midc_Mean": 24.86, "summer_Endc_Mean": 28.56}, "geometry": {"type": "Polygon", "coordinates": [[[-119.0, 38.5], [-118.5, 38.5], [-118.5, 39.0], [-119.0, 39.0], [-119.0, 38.5]]]}}, {"type": "Feature", "properties": {"Crossmodel": "C012012", "summer_Hist_Mean": 21.2, "summer_Midc_Mean": 26.37, "summer_Endc_Mean": 30.36}, "geometry": {"type": "Polygon", "coordinates": [[[-118.5, 38.5], [-118.0, 38.5], [-118.0, 39.0], [-118.5, 39.0], [-118.5, 38.5]]]}}, {"type": "Feature", "properties": {"Crossmodel": "C012013", "summer_Hist_Mean": 22.3, "summer_Midc_Mean": 27.9, "summer_Endc_Mean": 32.18}, "geometry": {"type": "Polygon", "coordinates": [[[-118.0, 38.5], [-117.5, 38.5], [-117.5, 39.0], [-118.0, 39.0], [-118.0, 38.5]]]}}, {"type": "Feature", "properties": {"Crossmodel": "C012014", "summer_Hist_Mean": 23.4, "summer_Midc_Mean": 29.44, "summer_Endc_Mean": 34.02}, "geometry": {"type": "Polygon", "coordinates": [[[-117.5, 38.5], [-117.0, 38.5], [-117.0, 39.0], [-117.5, 39.0], [-117.5, 38.5]]]}}, {"type": "Feature", "properties": {"Crossmodel": "C012015", "summer_Hist_Mean": 24.5, "summer_Midc_Mean": 30.99, "summer_Endc_Mean": 35.89}, "geometry": {"type": "Polygon", "coordinates": [[[-117.0, 38.5], [-116.5, 38.5], [-116.5, 39.0], [-117.0, 39.0], [-117.0, 38.5]]]}}, {"type": "Feature", "properties": {"Crossmodel": "C012016", "summer_Hist_Mean": 25.6, "summer_Midc_Mean": 32.56, "summer_Endc_Mean": 37.79}, "geometry": {"type": "Polygon", "coordinates": [[[-116.5, 38.5], [-116.0, 38.5], [-116.0, 39.0], [-116.5, 39.0], [-116.5, 38.5]]]}}, {"type": "Feature", "properties": {"Crossmodel": "C012017", "summer_Hist_Mean": 26.7, "summer_Midc_Mean": 34.15, "summer_Endc_Mean": 39.7}, "geometry": {"type": "Polygon", "coordinates": [[[-116.0, 38.5], [-115.5, 38.5], [-115.5, 39.0], [-116.0, 39.0], [-116.0, 38.5]]]}}, {"type": "Feature", "properties": {"Crossmodel": "C012018", "summer_Hist_Mean": 27.8, "summer_Midc_Mean": 35.75, "summer_Endc_Mean": 41.64}, "geometry": {"type": "Polygon", "coordinates": [[[-115.5, 38.5], [-115.0, 38.5], [-115.0, 39.0], [-115.5, 39.0], [-115.5, 38.5]]]}}, {"type": "Feature", "properties": {"Crossmodel": "C012019", "summer_Hist_Mean": 28.9, "summer_Midc_Mean": 37.37, "summer_Endc_Mean": 43.61}, "geometry": {"type": "Polygon", "coordinates": [[[-115.0, 38.5], [-114.5, 38.5], [-114.5, 39.0], [-115.0, 39.0], [-115.0, 38.5]]]}}, {"type": "Feature", "properties": {"Crossmodel": "C012020", "summer_Hist_Mean": 30.0, "summer_Midc_Mean": 39.0, "summer_Endc_Mean": 45.6}, "geometry": {"type": "Polygon", "coordinates": [[[-114.5, 38.5], [-114.0, 38.5], [-114.0, 39.0], [-114.5, 39.0], [-114.5, 38.5]]]}}, {"type": "Feature", "properties": {"Crossmodel": "C013000", "summer_Hist_Mean": 7.67, "summer_Midc_Mean": 8.89, "summer_Endc_Mean": 9.97}, "geometry": {"type": "Polygon", "coordinates": [[[-124.5, 39.0], [-124.0, 39.0], [-124.0, 39.5], [-124.5, 39.5], [-124.5, 39.0]]]}}, {"type": "Feature", "properties": {"Crossmodel": "C013001", "summer_Hist_Mean": 8.77, "summer_Midc_Mean": 10.23, "summer_Endc_Mean": 11.49}, "geometry": {"type": "Polygon", "coordinates": [[[-124.0, 39.0], [-123.5, 39.0], [-123.5, 39.5], [-124.0, 39.5], [-124.0, 39.0]]]}}, {"type": "Feature", "properties": {"Crossmodel": "C013002", "summer_Hist_Mean": 9.87, "summer_Midc_Mean": 11.58, "summer_Endc_Mean": 13.04}, "geometry": {"type": "Polygon", "coordinates": [[[-123.5, 39.0], [-123.0, 39.0], [-123.0, 39.5], [-123.5, 39.5], [-123.5, 39.0]]]}}, {"type": "Feature", "properties": {"Crossmodel": "C013003", "summer_Hist_Mean": 10.97, "summer_Midc_Mean": 12.95, "summer_Endc_Mean": 14.62}, "geometry": {"type": "Polygon", "coordinates": [[[-123.0, 39.0], [-122.5, 39.0], [-122.5, 39.5], [-123.0, 39.5], [-123.0, 39.0]]]}}, {"type": "Feature", "properties": {"Crossmodel": "C013004", "summer_Hist_Mean": 12.07, "summer_Midc_Mean": 14.34, "summer_Endc_Mean": 16.22}, "geometry": {"type": "Polygon", "coordinates": [[[-122.5, 39.0], [-122.0, 39.0], [-122.0, 39.5], [-122.5, 39.5], [-122.5, 39.0]]]}}, {"type": "Feature", "properties": {"Crossmodel": "C013005", "summer_Hist_Mean": 13.17, "summer_Midc_Mean": 15.73, "summer_Endc_Mean": 17.84}, "geometry": {"type": "Polygon", "coordinates": [[[-122.0, 39.0], [-121.5, 39.0], [-121.5, 39.5], [-122.0, 39.5], [-122.0, 39.0]]]}}, {"type": "Feature", "properties": {"Crossmodel": "C013006", "summer_Hist_Mean": 14.27, "summer_Midc_Mean": 17.15, "summer_Endc_Mean": 19.49}, "geometry": {"type": "Polygon", "coordinates": [[[-121.5, 39.0], [-121.0, 39.0], [-121.0, 39.5], [-121.5, 39.5], [-121.5, 39.0]]]}}, {"type": "Feature", "properties": {"Crossmodel": "C013007", "summer_Hist_Mean": 15.37, "summer_Midc_Mean": 18.58, "summer_Endc_Mean": 21.16}, "geometry": {"type": "Polygon", "coordinates": [[[-121.0, 39.0], [-120.5, 39.0], [-120.5, 39.5], [-121.0, 39.5], [-121.0, 39.0]]]}}, {"type": "Feature", "properties": {"Crossmodel": "C013008", "summer_Hist_Mean": 16.47, "summer_Midc_Mean": 20.02, "summer_Endc_Mean": 22.86}, "geometry": {"type": "Polygon", "coordinates": [[[-120.5, 39.0], [-120.0, 39.0], [-120.0, 39.5], [-120.5, 39.5], [-120.5, 39.0]]]}}, {"type": "Feature", "properties": {"Crossmodel": "C013009", "summer_Hist_Mean": 17.57, "summer_Midc_Mean": 21.48, "summer_Endc_Mean": 24.58}, "geometry": {"type": "Polygon", "coordinates": [[[-120.0, 39.0], [-119.5, 39.0], [-119.5, 39.5], [-120.0, 39.5], [-120.0, 39.0]]]}}, {"type": "Feature", "properties": {"Crossmodel": "C013010", "summer_Hist_Mean": 18.67, "summer_Midc_Mean": 22.96, "summer_Endc_Mean": 26.32}, "geometry": {"type": "Polygon", "coordinates": [[[-119.5, 39.0], [-119.0, 39.0], [-119.0, 39.5], [-119.5, 39.5], [-119.5, 39.0]]]}}, {"type": "Feature", "properties": {"Crossmodel": "C013011", "summer_Hist_Mean": 19.77, "summer_Midc_Mean": 24.45, "summer_Endc_Mean": 28.09}, "geometry": {"type": "Polygon", "coordinates": [[[-119.0, 39.0], [-118.5, 39.0], [-118.5, 39.5], [-119.0, 39.5], [-119.0, 39.0]]]}}, {"type": "Feature", "properties": {"Crossmodel": "C013012", "summer_Hist_Mean": 20.87, "summer_Midc_Mean": 25.96, "summer_Endc_Mean": 29.88}, "geometry": {"type": "Polygon", "coordinates": [[[-118.5, 39.0], [-118.0, 39.0], [-118.0, 39.5], [-118.5, 39.5], [-118.5, 39.0]]]}}, {"type": "Feature", "properties": {"Crossmodel": "C013013", "summer_Hist_Mean": 21.97, "summer_Midc_Mean": 27.48, "summer_Endc_Mean": 31.7}, "geometry": {"type": "Polygon", "coordinates": [[[-118.0, 39.0], [-117.5, 39.0], [-117.5, 39.5], [-118.0, 39.5], [-118.0, 39.0]]]}}, {"type": "Feature", "properties": {"Crossmodel": "C013014", "summer_Hist_Mean": 23.07, "summer_Midc_Mean": 29.02, "summer_Endc_Mean": 33.54}, "geometry": {"type": "Polygon", "coordinates": [[[-117.5, 39.0], [-117.0, 39.0], [-117.0, 39.5], [-117.5, 39.5], [-117.5, 39.0]]]}}, {"type": "Feature", "properties": {"Crossmodel": "C013015", "summer_Hist_Mean": 24.17, "summer_Midc_Mean": 30.57, "summer_Endc_Mean": 35.4}, "geometry": {"type": "Polygon", "coordinates": [[[-117.0, 39.0], [-116.5, 39.0], [-116.5, 39.5], [-117.0, 39.5], [-117.0, 39.0]]]}}, {"type": "Feature", "properties": {"Crossmodel": "C013016", "summer_Hist_Mean": 25.27, "summer_Midc_Mean": 32.14, "summer_Endc_Mean": 37.29}, "geometry": {"type": "Polygon", "coordinates": [[[-116.5, 39.0], [-116.0, 39.0], [-116.0, 39.5], [-116.5, 39.5], [-116.5, 39.0]]]}}, {"type": "Feature", "properties": {"Crossmodel": "C013017", "summer_Hist_Mean": 26.37, "summer_Midc_Mean": 33.72, "summer_Endc_Mean": 39.21}, "geometry": {"type": "Polygon", "coordinates": [[[-116.0, 39.0], [-115.5, 39.0], [-115.5, 39.5], [-116.0, 39.5], [-116.0, 39.0]]]}}, {"type": "Feature", "properties": {"Crossmodel": "C013018", "summer_Hist_Mean": 27.47, "summer_Midc_Mean": 35.32, "summer_Endc_Mean": 41.15}, "geometry": {"type": "Polygon", "coordinates": [[[-115.5, 39.0], [-115.0, 39.0], [-115.0, 39.5], [-115.5, 39.5], [-115.5, 39.0]]]}}, {"type": "Feature", "properties": {"Crossmodel": "C013019", "summer_Hist_Mean": 28.57, "summer_Midc_Mean": 36.94, "summer_Endc_Mean": 43.11}, "geometry": {"type": "Polygon", "coordinates": [[[-115.0, 39.0], [-114.5, 39.0], [-114.5, 39.5], [-115.0, 39.5], [-115.0, 39.0]]]}}, {"type": "Feature", "properties": {"Crossmodel": "C013020", "summer_Hist_Mean": 29.67, "summer_Midc_Mean": 38.57, "summer_Endc_Mean": 45.09}, "geometry": {"type": "Polygon", "coordinates": [[[-114.5, 39.0], [-114.0, 39.0], [-114.0, 39.5], [-114.5, 39.5], [-114.5, 39.0]]]}}, {"type": "Feature", "properties": {"Crossmodel": "C014000", "summer_Hist_Mean": 7.33, "summer_Midc_Mean": 8.51, "summer_Endc_Mean": 9.53}, "geometry": {"type": "Polygon", "coordinates": [[[-124.5, 39.5], [-124.0, 39.5], [-124.0, 40.0], [-124.5, 40.0], [-124.5, 39.5]]]}}, {"type": "Feature", "properties": {"Crossmodel": "C014001", "summer_Hist_Mean": 8.43, "summer_Midc_Mean": 9.84, "summer_Endc_Mean": 11.06}, "geometry": {"type": "Polygon", "coordinates": [[[-124.0, 39.5], [-123.5, 39.5], [-123.5, 40.0], [-124.0, 40.0], [-124.0, 39.5]]]}}, {"type": "Feature", "properties": {"Crossmodel": "C014002", "summer_Hist_Mean": 9.53, "summer_Midc_Mean": 11.19, "summer_Endc_Mean": 12.6}, "geometry": {"type": "Polygon", "coordinates": [[[-123.5, 39.5], [-123.0, 39.5], [-123.0, 40.0], [-123.5, 40.0], [-123.5, 39.5]]]}}, {"type": "Feature", "properties": {"Crossmodel": "C014003", "summer_Hist_Mean": 10.63, "summer_Midc_Mean": 12.56, "summer_Endc_Mean": 14.17}, "geometry": {"type": "Polygon", "coordinates": [[[-123.0, 39.5], [-122.5, 39.5], [-122.5, 40.0], [-123.0, 40.0], [-123.0, 39.5]]]}}, {"type": "Feature", "properties": {"Crossmodel": "C014004", "summer_Hist_Mean": 11.73, "summer_Midc_Mean": 13.94, "summer_Endc_Mean": 15.77}, "geometry": {"type": "Polygon", "coordinates": [[[-122.5, 39.5], [-122.0, 39.5], [-122.0, 40.0], [-122.5, 40.0], [-122.5, 39.5]]]}}, {"type": "Feature", "properties": {"Crossmodel": "C014005", "summer_Hist_Mean": 12.83, "summer_Midc_Mean": 15.34, "summer_Endc_Mean": 17.39}, "geometry": {"type": "Polygon", "coordinates": [[[-122.0, 39.5], [-121.5, 39.5], [-121.5, 40.0], [-122.0, 40.0], [-122.0, 39.5]]]}}, {"type": "Feature", "properties": {"Crossmodel": "C014006", "summer_Hist_Mean": 13.93, "summer_Midc_Mean": 16.75, "summer_Endc_Mean": 19.03}, "geometry": {"type": "Polygon", "coordinates": [[[-121.5, 39.5], [-121.0, 39.5], [-121.0, 40.0], [-121.5, 40.0], [-121.5, 39.5]]]}}, {"type": "Feature", "properties": {"Crossmodel": "C014007", "summer_Hist_Mean": 15.03, "summer_Midc_Mean": 18.18, "summer_Endc_Mean": 20.7}, "geometry": {"type": "Polygon", "coordinates": [[[-121.0, 39.5], [-120.5, 39.5], [-120.5, 40.0], [-121.0, 40.0], [-121.0, 39.5]]]}}, {"type": "Feature", "properties": {"Crossmodel": "C014008", "summer_Hist_Mean": 16.13, "summer_Midc_Mean": 19.62, "summer_Endc_Mean": 22.39}, "geometry": {"type": "Polygon", "coordinates": [[[-120.5, 39.5], [-120.0, 39.5], [-120.0, 40.0], [-120.5, 40.0], [-120.5, 39.5]]]}}, {"type": "Feature", "properties": {"Crossmodel": "C014009", "summer_Hist_Mean": 17.23, "summer_Midc_Mean": 21.08, "summer_Endc_Mean": 24.11}, "geometry": {"type": "Polygon", "coordinates": [[[-120.0, 39.5], [-119.5, 39.5], [-119.5, 40.0], [-120.0, 40.0], [-120.0, 39.5]]]}}, {"type": "Feature", "properties": {"Crossmodel": "C014010", "summer_Hist_Mean": 18.33, "summer_Midc_Mean": 22.55, "summer_Endc_Mean": 25.85}, "geometry": {"type": "Polygon", "coordinates": [[[-119.5, 39.5], [-119.0, 39.5], [-119.0, 40.0], [-119.5, 40.0], [-119.5, 39.5]]]}}, {"type": "Feature", "properties": {"Crossmodel": "C014011", "summer_Hist_Mean": 19.43, "summer_Midc_Mean": 24.04, "summer_Endc_Mean": 27.61}, "geometry": {"type": "Polygon", "coordinates": [[[-119.0, 39.5], [-118.5, 39.5], [-118.5, 40.0], [-119.0, 40.0], [-119.0, 39.5]]]}}, {"type": "Feature", "properties": {"Crossmodel": "C014012", "summer_Hist_Mean": 20.53, "summer_Midc_Mean": 25.54, "summer_Endc_Mean": 29.4}, "geometry": {"type": "Polygon", "coordinates": [[[-118.5, 39.5], [-118.0, 39.5], [-118.0, 40.0], [-118.5, 40.0], [-118.5, 39.5]]]}}, {"type": "Feature", "properties": {"Crossmodel": "C014013", "summer_Hist_Mean": 21.63, "summer_Midc_Mean": 27.06, "summer_Endc_Mean": 31.22}, "geometry": {"type": "Polygon", "coordinates": [[[-118.0, 39.5], [-117.5, 39.5], [-117.5, 40.0], [-118.0, 40.0], [-118.0, 39.5]]]}}, {"type": "Feature", "properties": {"Crossmodel": "C014014", "summer_Hist_Mean": 22.73, "summer_Midc_Mean": 28.6, "summer_Endc_Mean": 33.05}, "geometry": {"type": "Polygon", "coordinates": [[[-117.5, 39.5], [-117.0, 39.5], [-117.0, 40.0], [-117.5, 40.0], [-117.5, 39.5]]]}}, {"type": "Feature", "properties": {"Crossmodel": "C014015", "summer_Hist_Mean": 23.83, "summer_Midc_Mean": 30.15, "summer_Endc_Mean": 34.92}, "geometry": {"type": "Polygon", "coordinates": [[[-117.0, 39.5], [-116.5, 39.5], [-116.5, 40.0], [-117.0, 40.0], [-117.0, 39.5]]]}}, {"type": "Feature", "properties": {"Crossmodel": "C014016", "summer_Hist_Mean": 24.93, "summer_Midc_Mean": 31.72, "summer_Endc_Mean": 36.8}, "geometry": {"type": "Polygon", "coordinates": [[[-116.5, 39.5], [-116.0, 39.5], [-116.0, 40.0], [-116.5, 40.0], [-116.5, 39.5]]]}}, {"type": "Feature", "properties": {"Crossmodel": "C014017", "summer_Hist_Mean": 26.03, "summer_Midc_Mean": 33.3, "summer_Endc_Mean": 38.71}, "geometry": {"type": "Polygon", "coordinates": [[[-116.0, 39.5], [-115.5, 39.5], [-115.5, 40.0], [-116.0, 40.0], [-116.0, 39.5]]]}}, {"type": "Feature", "properties": {"Crossmodel": "C014018", "summer_Hist_Mean": 27.13, "summer_Midc_Mean": 34.89, "summer_Endc_Mean": 40.65}, "geometry": {"type": "Polygon", "coordinates": [[[-115.5, 39.5], [-115.0, 39.5], [-115.0, 40.0], [-115.5, 40.0], [-115.5, 39.5]]]}}, {"type": "Feature", "properties": {"Crossmodel": "C014019", "summer_Hist_Mean": 28.23, "summer_Midc_Mean": 36.51, "summer_Endc_Mean": 42.6}, "geometry": {"type": "Polygon", "coordinates": [[[-115.0, 39.5], [-114.5, 39.5], [-114.5, 40.0], [-115.0, 40.0], [-115.0, 39.5]]]}}, {"type": "Feature", "properties": {"Crossmodel": "C014020", "summer_Hist_Mean": 29.33, "summer_Midc_Mean": 38.13, "summer_Endc_Mean": 44.59}, "geometry": {"type": "Polygon", "coordinates": [[[-114.5, 39.5], [-114.0, 39.5], [-114.0, 40.0], [-114.5, 40.0], [-114.5, 39.5]]]}}, {"type": "Feature", "properties": {"Crossmodel": "C015000", "summer_Hist_Mean": 7.0, "summer_Midc_Mean": 8.12, "summer_Endc_Mean": 9.1}, "geometry": {"type": "Polygon", "coordinates": [[[-124.5, 40.0], [-124.0, 40.0], [-124.0, 40.5], [-124.5, 40.5], [-124.5, 40.0]]]}}, {"type": "Feature", "properties": {"Crossmodel": "C015001", "summer_Hist_Mean": 8.1, "summer_Midc_Mean": 9.45, "summer_Endc_Mean": 10.62}, "geometry": {"type": "Polygon", "coordinates": [[[-124.0, 40.0], [-123.5, 40.0], [-123.5, 40.5], [-124.0, 40.5], [-124.0, 40.0]]]}}, {"type": "Feature", "properties": {"Crossmodel": "C015002", "summer_Hist_Mean": 9.2, "summer_Midc_Mean": 10.8, "summer_Endc_Mean": 12.16}, "geometry": {"type": "Polygon", "coordinates": [[[-123.5, 40.0], [-123.0, 40.0], [-123.0, 40.5], [-123.5, 40.5], [-123.5, 40.0]]]}}, {"type": "Feature", "properties": {"Crossmodel": "C015003", "summer_Hist_Mean": 10.3, "summer_Midc_Mean": 12.16, "summer_Endc_Mean": 13.73}, "geometry": {"type": "Polygon", "coordinates": [[[-123.0, 40.0], [-122.5, 40.0], [-122.5, 40.5], [-123.0, 40.5], [-123.0, 40.0]]]}}, {"type": "Feature", "properties": {"Crossmodel": "C015004", "summer_Hist_Mean": 11.4, "summer_Midc_Mean": 13.54, "summer_Endc_Mean": 15.32}, "geometry": {"type": "Polygon", "coordinates": [[[-122.5, 40.0], [-122.0, 40.0], [-122.0, 40.5], [-122.5, 40.5], [-122.5, 40.0]]]}}, {"type": "Feature", "properties": {"Crossmodel": "C015005", "summer_Hist_Mean": 12.5, "summer_Midc_Mean": 14.94, "summer_Endc_Mean": 16.94}, "geometry": {"type": "Polygon", "coordinates": [[[-122.0, 40.0], [-121.5, 40.0], [-121.5, 40.5], [-122.0, 40.5], [-122.0, 40.0]]]}}, {"type": "Feature", "properties": {"Crossmodel": "C015006", "summer_Hist_Mean": 13.6, "summer_Midc_Mean": 16.35, "summer_Endc_Mean": 18.58}, "geometry": {"type": "Polygon", "coordinates": [[[-121.5, 40.0], [-121.0, 40.0], [-121.0, 40.5], [-121.5, 40.5], [-121.5, 40.0]]]}}, {"type": "Feature", "properties": {"Crossmodel": "C015007", "summer_Hist_Mean": 14.7, "summer_Midc_Mean": 17.77, "summer_Endc_Mean": 20.24}, "geometry": {"type": "Polygon", "coordinates": [[[-121.0, 40.0], [-120.5, 40.0], [-120.5, 40.5], [-121.0, 40.5], [-121.0, 40.0]]]}}, {"type": "Feature", "properties": {"Crossmodel": "C015008", "summer_Hist_Mean": 15.8, "summer_Midc_Mean": 19.21, "summer_Endc_Mean": 21.93}, "geometry": {"type": "Polygon", "coordinates": [[[-120.5, 40.0], [-120.0, 40.0], [-120.0, 40.5], [-120.5, 40.5], [-120.5, 40.0]]]}}, {"type": "Feature", "properties": {"Crossmodel": "C015009", "summer_Hist_Mean": 16.9, "summer_Midc_Mean": 20.67, "summer_Endc_Mean": 23.64}, "geometry": {"type": "Polygon", "coordinates": [[[-120.0, 40.0], [-119.5, 40.0], [-119.5, 40.5], [-120.0, 40.5], [-120.0, 40.0]]]}}, {"type": "Feature", "properties": {"Crossmodel": "C015010", "summer_Hist_Mean": 18.0, "summer_Midc_Mean": 22.14, "summer_Endc_Mean": 25.38}, "geometry": {"type": "Polygon", "coordinates": [[[-119.5, 40.0], [-119.0, 40.0], [-119.0, 40.5], [-119.5, 40.5], [-119.5, 40.0]]]}}, {"type": "Feature", "properties": {"Crossmodel": "C015011", "summer_Hist_Mean": 19.1, "summer_Midc_Mean": 23.63, "summer_Endc_Mean": 27.14}, "geometry": {"type": "Polygon", "coordinates": [[[-119.0, 40.0], [-118.5, 40.0], [-118.5, 40.5], [-119.0, 40.5], [-119.0, 40.0]]]}}, {"type": "Feature", "properties": {"Crossmodel": "C015012", "summer_Hist_Mean": 20.2, "summer_Midc_Mean": 25.13, "summer_Endc_Mean": 28.93}, "geometry": {"type": "Polygon", "coordinates": [[[-118.5, 40.0], [-118.0, 40.0], [-118.0, 40.5], [-118.5, 40.5], [-118.5, 40.0]]]}}, {"type": "Feature", "properties": {"Crossmodel": "C015013", "summer_Hist_Mean": 21.3, "summer_Midc_Mean": 26.65, "summer_Endc_Mean": 30.74}, "geometry": {"type": "Polygon", "coordinates": [[[-118.0, 40.0], [-117.5, 40.0], [-117.5, 40.5], [-118.0, 40.5], [-118.0, 40.0]]]}}, {"type": "Feature", "properties": {"Crossmodel": "C015014", "summer_Hist_Mean": 22.4, "summer_Midc_Mean": 28.18, "summer_Endc_Mean": 32.57}, "geometry": {"type": "Polygon", "coordinates": [[[-117.5, 40.0], [-117.0, 40.0], [-117.0, 40.5], [-117.5, 40.5], [-117.5, 40.0]]]}}, {"type": "Feature", "properties": {"Crossmodel": "C015015", "summer_Hist_Mean": 23.5, "summer_Midc_Mean": 29.73, "summer_Endc_Mean": 34.43}, "geometry": {"type": "Polygon", "coordinates": [[[-117.0, 40.0], [-116.5, 40.0], [-116.5, 40.5], [-117.0, 40.5], [-117.0, 40.0]]]}}, {"type": "Feature", "properties": {"Crossmodel": "C015016", "summer_Hist_Mean": 24.6, "summer_Midc_Mean": 31.29, "summer_Endc_Mean": 36.31}, "geometry": {"type": "Polygon", "coordinates": [[[-116.5, 40.0], [-116.0, 40.0], [-116.0, 40.5], [-116.5, 40.5], [-116.5, 40.0]]]}}, {"type": "Feature", "properties": {"Crossmodel": "C015017", "summer_Hist_Mean": 25.7, "summer_Midc_Mean": 32.87, "summer_Endc_Mean": 38.22}, "geometry": {"type": "Polygon", "coordinates": [[[-116.0, 40.0], [-115.5, 40.0], [-115.5, 40.5], [-116.0, 40.5], [-116.0, 40.0]]]}}, {"type": "Feature", "properties": {"Crossmodel": "C015018", "summer_Hist_Mean": 26.8, "summer_Midc_Mean": 34.46, "summer_Endc_Mean": 40.15}, "geometry": {"type": "Polygon", "coordinates": [[[-115.5, 40.0], [-115.0, 40.0], [-115.0, 40.5], [-115.5, 40.5], [-115.5, 40.0]]]}}, {"type": "Feature", "properties": {"Crossmodel": "C015019", "summer_Hist_Mean": 27.9, "summer_Midc_Mean": 36.07, "summer_Endc_Mean": 42.1}, "geometry": {"type": "Polygon", "coordinates": [[[-115.0, 40.0], [-114.5, 40.0], [-114.5, 40.5], [-115.0, 40.5], [-115.0, 40.0]]]}}, {"type": "Feature", "properties": {"Crossmodel": "C015020", "summer_Hist_Mean": 29.0, "summer_Midc_Mean": 37.7, "summer_Endc_Mean": 44.08}, "geometry": {"type": "Polygon", "coordinates": [[[-114.5, 40.0], [-114.0, 40.0], [-114.0, 40.5], [-114.5, 40.5], [-114.5, 40.0]]]}}, {"type": "Feature", "properties": {"Crossmodel": "C016000", "summer_Hist_Mean": 6.67, "summer_Midc_Mean": 7.73, "summer_Endc_Mean": 8.67}, "geometry": {"type": "Polygon", "coordinates": [[[-124.5, 40.5], [-124.0, 40.5], [-124.0, 41.0], [-124.5, 41.0], [-124.5, 40.5]]]}}, {"type": "Feature", "properties": {"Crossmodel": "C016001", "summer_Hist_Mean": 7.77, "summer_Midc_Mean": 9.06, "summer_Endc_Mean": 10.18}, "geometry": {"type": "Polygon", "coordinates": [[[-124.0, 40.5], [-123.5, 40.5], [-123.5, 41.0], [-124.0, 41.0], [-124.0, 40.5]]]}}, {"type": "Feature", "properties": {"Crossmodel": "C016002", "summer_Hist_Mean": 8.87, "summer_Midc_Mean": 10.41, "summer_Endc_Mean": 11.72}, "geometry": {"type": "Polygon", "coordinates": [[[-123.5, 40.5], [-123.0, 40.5], [-123.0, 41.0], [-123.5, 41.0], [-123.5, 40.5]]]}}, {"type": "Feature", "properties": {"Crossmodel": "C016003", "summer_Hist_Mean": 9.97, "summer_Midc_Mean": 11.77, "summer_Endc_Mean": 13.29}, "geometry": {"type": "Polygon", "coordinates": [[[-123.0, 40.5], [-122.5, 40.5], [-122.5, 41.0], [-123.0, 41.0], [-123.0, 40.5]]]}}, {"type": "Feature", "properties": {"Crossmodel": "C016004", "summer_Hist_Mean": 11.07, "summer_Midc_Mean": 13.15, "summer_Endc_Mean": 14.87}, "geometry": {"type": "Polygon", "coordinates": [[[-122.5, 40.5], [-122.0, 40.5], [-122.0, 41.0], [-122.5, 41.0], [-122.5, 40.5]]]}}, {"type": "Feature", "properties": {"Crossmodel": "C016005", "summer_Hist_Mean": 12.17, "summer_Midc_Mean": 14.54, "summer_Endc_Mean": 16.49}, "geometry": {"type": "Polygon", "coordinates": [[[-122.0, 40.5], [-121.5, 40.5], [-121.5, 41.0], [-122.0, 41.0], [-122.0, 40.5]]]}}, {"type": "Feature", "properties": {"Crossmodel": "C016006", "summer_Hist_Mean": 13.27, "summer_Midc_Mean": 15.95, "summer_Endc_Mean": 18.12}, "geometry": {"type": "Polygon", "coordinates": [[[-121.5, 40.5], [-121.0, 40.5], [-121.0, 41.0], [-121.5, 41.0], [-121.5, 40.5]]]}}, {"type": "Feature", "properties": {"Crossmodel": "C016007", "summer_Hist_Mean": 14.37, "summer_Midc_Mean": 17.37, "summer_Endc_Mean": 19.78}, "geometry": {"type": "Polygon", "coordinates": [[[-121.0, 40.5], [-120.5, 40.5], [-120.5, 41.0], [-121.0, 41.0], [-121.0, 40.5]]]}}, {"type": "Feature", "properties": {"Crossmodel": "C016008", "summer_Hist_Mean": 15.47, "summer_Midc_Mean": 18.81, "summer_Endc_Mean": 21.47}, "geometry": {"type": "Polygon", "coordinates": [[[-120.5, 40.5], [-120.0, 40.5], [-120.0, 41.0], [-120.5, 41.0], [-120.5, 40.5]]]}}, {"type": "Feature", "properties": {"Crossmodel": "C016009", "summer_Hist_Mean": 16.57, "summer_Midc_Mean": 20.26, "summer_Endc_Mean": 23.18}, "geometry": {"type": "Polygon", "coordinates": [[[-120.0, 40.5], [-119.5, 40.5], [-119.5, 41.0], [-120.0, 41.0], [-120.0, 40.5]]]}}, {"type": "Feature", "properties": {"Crossmodel": "C016010", "summer_Hist_Mean": 17.67, "summer_Midc_Mean": 21.73, "summer_Endc_Mean": 24.91}, "geometry": {"type": "Polygon", "coordinates": [[[-119.5, 40.5], [-119.0, 40.5], [-119.0, 41.0], [-119.5, 41.0], [-119.5, 40.5]]]}}, {"type": "Feature", "properties": {"Crossmodel": "C016011", "summer_Hist_Mean": 18.77, "summer_Midc_Mean": 23.21, "summer_Endc_Mean": 26.67}, "geometry": {"type": "Polygon", "coordinates": [[[-119.0, 40.5], [-118.5, 40.5], [-118.5, 41.0], [-119.0, 41.0], [-119.0, 40.5]]]}}, {"type": "Feature", "properties": {"Crossmodel": "C016012", "summer_Hist_Mean": 19.87, "summer_Midc_Mean": 24.71, "summer_Endc_Mean": 28.45}, "geometry": {"type": "Polygon", "coordinates": [[[-118.5, 40.5], [-118.0, 40.5], [-118.0, 41.0], [-118.5, 41.0], [-118.5, 40.5]]]}}, {"type": "Feature", "properties": {"Crossmodel": "C016013", "summer_Hist_Mean": 20.97, "summer_Midc_Mean": 26.23, "summer_Endc_Mean": 30.25}, "geometry": {"type": "Polygon", "coordinates": [[[-118.0, 40.5], [-117.5, 40.5], [-117.5, 41.0], [-118.0, 41.0], [-118.0, 40.5]]]}}, {"type": "Feature", "properties": {"Crossmodel": "C016014", "summer_Hist_Mean": 22.07, "summer_Midc_Mean": 27.76, "summer_Endc_Mean": 32.08}, "geometry": {"type": "Polygon", "coordinates": [[[-117.5, 40.5], [-117.0, 40.5], [-117.0, 41.0], [-117.5, 41.0], [-117.5, 40.5]]]}}, {"type": "Feature", "properties": {"Crossmodel": "C016015", "summer_Hist_Mean": 23.17, "summer_Midc_Mean": 29.31, "summer_Endc_Mean": 33.94}, "geometry": {"type": "Polygon", "coordinates": [[[-117.0, 40.5], [-116.5, 40.5], [-116.5, 41.0], [-117.0, 41.0], [-117.0, 40.5]]]}}, {"type": "Feature", "properties": {"Crossmodel": "C016016", "summer_Hist_Mean": 24.27, "summer_Midc_Mean": 30.87, "summer_Endc_Mean": 35.82}, "geometry": {"type": "Polygon", "coordinates": [[[-116.5, 40.5], [-116.0, 40.5], [-116.0, 41.0], [-116.5, 41.0], [-116.5, 40.5]]]}}, {"type": "Feature", "properties": {"Crossmodel": "C016017", "summer_Hist_Mean": 25.37, "summer_Midc_Mean": 32.44, "summer_Endc_Mean": 37.72}, "geometry": {"type": "Polygon", "coordinates": [[[-116.0, 40.5], [-115.5, 40.5], [-115.5, 41.0], [-116.0, 41.0], [-116.0, 40.5]]]}}, {"type": "Feature", "properties": {"Crossmodel": "C016018", "summer_Hist_Mean": 26.47, "summer_Midc_Mean": 34.04, "summer_Endc_Mean": 39.65}, "geometry": {"type": "Polygon", "coordinates": [[[-115.5, 40.5], [-115.0, 40.5], [-115.0, 41.0], [-115.5, 41.0], [-115.5, 40.5]]]}}, {"type": "Feature", "properties": {"Crossmodel": "C016019", "summer_Hist_Mean": 27.57, "summer_Midc_Mean": 35.64, "summer_Endc_Mean": 41.6}, "geometry": {"type": "Polygon", "coordinates": [[[-115.0, 40.5], [-114.5, 40.5], [-114.5, 41.0], [-115.0, 41.0], [-115.0, 40.5]]]}}, {"type": "Feature", "properties": {"Crossmodel": "C016020", "summer_Hist_Mean": 28.67, "summer_Midc_Mean": 37.27, "summer_Endc_Mean": 43.57}, "geometry": {"type": "Polygon", "coordinates": [[[-114.5, 40.5], [-114.0, 40.5], [-114.0, 41.0], [-114.5, 41.0], [-114.5, 40.5]]]}}, {"type": "Feature", "properties": {"Crossmodel": "C017000", "summer_Hist_Mean": 6.33, "summer_Midc_Mean": 7.35, "summer_Endc_Mean": 8.23}, "geometry": {"type": "Polygon", "coordinates": [[[-124.5, 41.0], [-124.0, 41.0], [-124.0, 41.5], [-124.5, 41.5], [-124.5, 41.0]]]}}, {"type": "Feature", "properties": {"Crossmodel": "C017001", "summer_Hist_Mean": 7.43, "summer_Midc_Mean": 8.67, "summer_Endc_Mean": 9.75}, "geometry": {"type": "Polygon", "coordinates": [[[-124.0, 41.0], [-123.5, 41.0], [-123.5, 41.5], [-124.0, 41.5], [-124.0, 41.0]]]}}, {"type": "Feature", "properties": {"Crossmodel": "C017002", "summer_Hist_Mean": 8.53, "summer_Midc_Mean": 10.02, "summer_Endc_Mean": 11.28}, "geometry": {"type": "Polygon", "coordinates": [[[-123.5, 41.0], [-123.0, 41.0], [-123.0, 41.5], [-123.5, 41.5], [-123.5, 41.0]]]}}, {"type": "Feature", "properties": {"Crossmodel": "C017003", "summer_Hist_Mean": 9.63, "summer_Midc_Mean": 11.38, "summer_Endc_Mean": 12.84}, "geometry": {"type": "Polygon", "coordinates": [[[-123.0, 41.0], [-122.5, 41.0], [-122.5, 41.5], [-123.0, 41.5], [-123.0, 41.0]]]}}, {"type": "Feature", "properties": {"Crossmodel": "C017004", "summer_Hist_Mean": 10.73, "summer_Midc_Mean": 12.75, "summer_Endc_Mean": 14.43}, "geometry": {"type": "Polygon", "coordinates": [[[-122.5, 41.0], [-122.0, 41.0], [-122.0, 41.5], [-122.5, 41.5], [-122.5, 41.0]]]}}, {"type": "Feature", "properties": {"Crossmodel": "C017005", "summer_Hist_Mean": 11.83, "summer_Midc_Mean": 14.14, "summer_Endc_Mean": 16.03}, "geometry": {"type": "Polygon", "coordinates": [[[-122.0, 41.0], [-121.5, 41.0], [-121.5, 41.5], [-122.0, 41.5], [-122.0, 41.0]]]}}, {"type": "Feature", "properties": {"Crossmodel": "C017006", "summer_Hist_Mean": 12.93, "summer_Midc_Mean": 15.55, "summer_Endc_Mean": 17.67}, "geometry": {"type": "Polygon", "coordinates": [[[-121.5, 41.0], [-121.0, 41.0], [-121.0, 41.5], [-121.5, 41.5], [-121.5, 41.0]]]}}, {"type": "Feature", "properties": {"Crossmodel": "C017007", "summer_Hist_Mean": 14.03, "summer_Midc_Mean": 16.97, "summer_Endc_Mean": 19.32}, "geometry": {"type": "Polygon", "coordinates": [[[-121.0, 41.0], [-120.5, 41.0], [-120.5, 41.5], [-121.0, 41.5], [-121.0, 41.0]]]}}, {"type": "Feature", "properties": {"Crossmodel": "C017008", "summer_Hist_Mean": 15.13, "summer_Midc_Mean": 18.4, "summer_Endc_Mean": 21.01}, "geometry": {"type": "Polygon", "coordinates": [[[-120.5, 41.0], [-120.0, 41.0], [-120.0, 41.5], [-120.5, 41.5], [-120.5, 41.0]]]}}, {"type": "Feature", "properties": {"Crossmodel": "C017009", "summer_Hist_Mean": 16.23, "summer_Midc_Mean": 19.85, "summer_Endc_Mean": 22.71}, "geometry": {"type": "Polygon", "coordinates": [[[-120.0, 41.0], [-119.5, 41.0], [-119.5, 41.5], [-120.0, 41.5], [-120.0, 41.0]]]}}, {"type": "Feature", "properties": {"Crossmodel": "C017010", "summer_Hist_Mean": 17.33, "summer_Midc_Mean": 21.32, "summer_Endc_Mean": 24.44}, "geometry": {"type": "Polygon", "coordinates": [[[-119.5, 41.0], [-119.0, 41.0], [-119.0, 41.5], [-119.5, 41.5], [-119.5, 41.0]]]}}, {"type": "Feature", "properties": {"Crossmodel": "C017011", "summer_Hist_Mean": 18.43, "summer_Midc_Mean": 22.8, "summer_Endc_Mean": 26.19}, "geometry": {"type": "Polygon", "coordinates": [[[-119.0, 41.0], [-118.5, 41.0], [-118.5, 41.5], [-119.0, 41.5], [-119.0, 41.0]]]}}, {"type": "Feature", "properties": {"Crossmodel": "C017012", "summer_Hist_Mean": 19.53, "summer_Midc_Mean": 24.3, "summer_Endc_Mean": 27.97}, "geometry": {"type": "Polygon", "coordinates": [[[-118.5, 41.0], [-118.0, 41.0], [-118.0, 41.5], [-118.5, 41.5], [-118.5, 41.0]]]}}, {"type": "Feature", "properties": {"Crossmodel": "C017013", "summer_Hist_Mean": 20.63, "summer_Midc_Mean": 25.81, "summer_Endc_Mean": 29.77}, "geometry": {"type": "Polygon", "coordinates": [[[-118.0, 41.0], [-117.5, 41.0], [-117.5, 41.5], [-118.0, 41.5], [-118.0, 41.0]]]}}, {"type": "Feature", "properties": {"Crossmodel": "C017014", "summer_Hist_Mean": 21.73, "summer_Midc_Mean": 27.34, "summer_Endc_Mean": 31.6}, "geometry": {"type": "Polygon", "coordinates": [[[-117.5, 41.0], [-117.0, 41.0], [-117.0, 41.5], [-117.5, 41.5], [-117.5, 41.0]]]}}, {"type": "Feature", "properties": {"Crossmodel": "C017015", "summer_Hist_Mean": 22.83, "summer_Midc_Mean": 28.88, "summer_Endc_Mean": 33.45}, "geometry": {"type": "Polygon", "coordinates": [[[-117.0, 41.0], [-116.5, 41.0], [-116.5, 41.5], [-117.0, 41.5], [-117.0, 41.0]]]}}, {"type": "Feature", "properties": {"Crossmodel": "C017016", "summer_Hist_Mean": 23.93, "summer_Midc_Mean": 30.44, "summer_Endc_Mean": 35.33}, "geometry": {"type": "Polygon", "coordinates": [[[-116.5, 41.0], [-116.0, 41.0], [-116.0, 41.5], [-116.5, 41.5], [-116.5, 41.0]]]}}, {"type": "Feature", "properties": {"Crossmodel": "C017017", "summer_Hist_Mean": 25.03, "summer_Midc_Mean": 32.02, "summer_Endc_Mean": 37.22}, "geometry": {"type": "Polygon", "coordinates": [[[-116.0, 41.0], [-115.5, 41.0], [-115.5, 41.5], [-116.0, 41.5], [-116.0, 41.0]]]}}, {"type": "Feature", "properties": {"Crossmodel": "C017018", "summer_Hist_Mean": 26.13, "summer_Midc_Mean": 33.61, "summer_Endc_Mean": 39.15}, "geometry": {"type": "Polygon", "coordinates": [[[-115.5, 41.0], [-115.0, 41.0], [-115.0, 41.5], [-115.5, 41.5], [-115.5, 41.0]]]}}, {"type": "Feature", "properties": {"Crossmodel": "C017019", "summer_Hist_Mean": 27.23, "summer_Midc_Mean": 35.21, "summer_Endc_Mean": 41.1}, "geometry": {"type": "Polygon", "coordinates": [[[-115.0, 41.0], [-114.5, 41.0], [-114.5, 41.5], [-115.0, 41.5], [-115.0, 41.0]]]}}, {"type": "Feature", "properties": {"Crossmodel": "C017020", "summer_Hist_Mean": 28.33, "summer_Midc_Mean": 36.83, "summer_Endc_Mean": 43.07}, "geometry": {"type": "Polygon", "coordinates": [[[-114.5, 41.0], [-114.0, 41.0], [-114.0, 41.5], [-114.5, 41.5], [-114.5, 41.0]]]}}, {"type": "Feature", "properties": {"Crossmodel": "C018000", "summer_Hist_Mean": 6.0, "summer_Midc_Mean": 6.96, "summer_Endc_Mean": 7.8}, "geometry": {"type": "Polygon", "coordinates": [[[-124.5, 41.5], [-124.0, 41.5], [-124.0, 42.0], [-124.5, 42.0], [-124.5, 41.5]]]}}, {"type": "Feature", "properties": {"Crossmodel": "C018001", "summer_Hist_Mean": 7.1, "summer_Midc_Mean": 8.29, "summer_Endc_Mean": 9.31}, "geometry": {"type": "Polygon", "coordinates": [[[-124.0, 41.5], [-123.5, 41.5], [-123.5, 42.0], [-124.0, 42.0], [-124.0, 41.5]]]}}, {"type": "Feature", "properties": {"Crossmodel": "C018002", "summer_Hist_Mean": 8.2, "summer_Midc_Mean": 9.63, "summer_Endc_Mean": 10.84}, "geometry": {"type": "Polygon", "coordinates": [[[-123.5, 41.5], [-123.0, 41.5], [-123.0, 42.0], [-123.5, 42.0], [-123.5, 41.5]]]}}, {"type": "Feature", "properties": {"Crossmodel": "C018003", "summer_Hist_Mean": 9.3, "summer_Midc_Mean": 10.98, "summer_Endc_Mean": 12.4}, "geometry": {"type": "Polygon", "coordinates": [[[-123.0, 41.5], [-122.5, 41.5], [-122.5, 42.0], [-123.0, 42.0], [-123.0, 41.5]]]}}, {"type": "Feature", "properties": {"Crossmodel": "C018004", "summer_Hist_Mean": 10.4, "summer_Midc_Mean": 12.36, "summer_Endc_Mean": 13.98}, "geometry": {"type": "Polygon", "coordinates": [[[-122.5, 41.5], [-122.0, 41.5], [-122.0, 42.0], [-122.5, 42.0], [-122.5, 41.5]]]}}, {"type": "Feature", "properties": {"Crossmodel": "C018005", "summer_Hist_Mean": 11.5, "summer_Midc_Mean": 13.74, "summer_Endc_Mean": 15.58}, "geometry": {"type": "Polygon", "coordinates": [[[-122.0, 41.5], [-121.5, 41.5], [-121.5, 42.0], [-122.0, 42.0], [-122.0, 41.5]]]}}, {"type": "Feature", "properties": {"Crossmodel": "C018006", "summer_Hist_Mean": 12.6, "summer_Midc_Mean": 15.15, "summer_Endc_Mean": 17.21}, "geometry": {"type": "Polygon", "coordinates": [[[-121.5, 41.5], [-121.0, 41.5], [-121.0, 42.0], [-121.5, 42.0], [-121.5, 41.5]]]}}, {"type": "Feature", "properties": {"Crossmodel": "C018007", "summer_Hist_Mean": 13.7, "summer_Midc_Mean": 16.56, "summer_Endc_Mean": 18.86}, "geometry": {"type": "Polygon", "coordinates": [[[-121.0, 41.5], [-120.5, 41.5], [-120.5, 42.0], [-121.0, 42.0], [-121.0, 41.5]]]}}, {"type": "Feature", "properties": {"Crossmodel": "C018008", "summer_Hist_Mean": 14.8, "summer_Midc_Mean": 18.0, "summer_Endc_Mean": 20.54}, "geometry": {"type": "Polygon", "coordinates": [[[-120.5, 41.5], [-120.0, 41.5], [-120.0, 42.0], [-120.5, 42.0], [-120.5, 41.5]]]}}, {"type": "Feature", "properties": {"Crossmodel": "C018009", "summer_Hist_Mean": 15.9, "summer_Midc_Mean": 19.45, "summer_Endc_Mean": 22.24}, "geometry": {"type": "Polygon", "coordinates": [[[-120.0, 41.5], [-119.5, 41.5], [-119.5, 42.0], [-120.0, 42.0], [-120.0, 41.5]]]}}, {"type": "Feature", "properties": {"Crossmodel": "C018010", "summer_Hist_Mean": 17.0, "summer_Midc_Mean": 20.91, "summer_Endc_Mean": 23.97}, "geometry": {"type": "Polygon", "coordinates": [[[-119.5, 41.5], [-119.0, 41.5], [-119.0, 42.0], [-119.5, 42.0], [-119.5, 41.5]]]}}, {"type": "Feature", "properties": {"Crossmodel": "C018011", "summer_Hist_Mean": 18.1, "summer_Midc_Mean": 22.39, "summer_Endc_Mean": 25.72}, "geometry": {"type": "Polygon", "coordinates": [[[-119.0, 41.5], [-118.5, 41.5], [-118.5, 42.0], [-119.0, 42.0], [-119.0, 41.5]]]}}, {"type": "Feature", "properties": {"Crossmodel": "C018012", "summer_Hist_Mean": 19.2, "summer_Midc_Mean": 23.88, "summer_Endc_Mean": 27.49}, "geometry": {"type": "Polygon", "coordinates": [[[-118.5, 41.5], [-118.0, 41.5], [-118.0, 42.0], [-118.5, 42.0], [-118.5, 41.5]]]}}, {"type": "Feature", "properties": {"Crossmodel": "C018013", "summer_Hist_Mean": 20.3, "summer_Midc_Mean": 25.4, "summer_Endc_Mean": 29.29}, "geometry": {"type": "Polygon", "coordinates": [[[-118.0, 41.5], [-117.5, 41.5], [-117.5, 42.0], [-118.0, 42.0], [-118.0, 41.5]]]}}, {"type": "Feature", "properties": {"Crossmodel": "C018014", "summer_Hist_Mean": 21.4, "summer_Midc_Mean": 26.92, "summer_Endc_Mean": 31.12}, "geometry": {"type": "Polygon", "coordinates": [[[-117.5, 41.5], [-117.0, 41.5], [-117.0, 42.0], [-117.5, 42.0], [-117.5, 41.5]]]}}, {"type": "Feature", "properties": {"Crossmodel": "C018015", "summer_Hist_Mean": 22.5, "summer_Midc_Mean": 28.46, "summer_Endc_Mean": 32.96}, "geometry": {"type": "Polygon", "coordinates": [[[-117.0, 41.5], [-116.5, 41.5], [-116.5, 42.0], [-117.0, 42.0], [-117.0, 41.5]]]}}, {"type": "Feature", "properties": {"Crossmodel": "C018016", "summer_Hist_Mean": 23.6, "summer_Midc_Mean": 30.02, "summer_Endc_Mean": 34.83}, "geometry": {"type": "Polygon", "coordinates": [[[-116.5, 41.5], [-116.0, 41.5], [-116.0, 42.0], [-116.5, 42.0], [-116.5, 41.5]]]}}, {"type": "Feature", "properties": {"Crossmodel": "C018017", "summer_Hist_Mean": 24.7, "summer_Midc_Mean": 31.59, "summer_Endc_Mean": 36.73}, "geometry": {"type": "Polygon", "coordinates": [[[-116.0, 41.5], [-115.5, 41.5], [-115.5, 42.0], [-116.0, 42.0], [-116.0, 41.5]]]}}, {"type": "Feature", "properties": {"Crossmodel": "C018018", "summer_Hist_Mean": 25.8, "summer_Midc_Mean": 33.18, "summer_Endc_Mean": 38.65}, "geometry": {"type": "Polygon", "coordinates": [[[-115.5, 41.5], [-115.0, 41.5], [-115.0, 42.0], [-115.5, 42.0], [-115.5, 41.5]]]}}, {"type": "Feature", "properties": {"Crossmodel": "C018019", "summer_Hist_Mean": 26.9, "summer_Midc_Mean": 34.78, "summer_Endc_Mean": 40.59}, "geometry": {"type": "Polygon", "coordinates": [[[-115.0, 41.5], [-114.5, 41.5], [-114.5, 42.0], [-115.0, 42.0], [-115.0, 41.5]]]}}, {"type": "Feature", "properties": {"Crossmodel": "C018020", "summer_Hist_Mean": 28.0, "summer_Midc_Mean": 36.4, "summer_Endc_Mean": 42.56}, "geometry": {"type": "Polygon", "coordinates": [[[-114.5, 41.5], [-114.0, 41.5], [-114.0, 42.0], [-114.5, 42.0], [-114.5, 41.5]]]}}]}