{"type": "FeatureCollection", "features": [{"type": "Feature", "properties": {"kind": "bus", "id": 35656716, "name": "San Leandro U Substation", "vn_kv": 115000.0}, "geometry": {"type": "Point", "coordinates": [-122.148604674, 37.7105437094]}}, {"type": "Feature", "properties": {"kind": "bus", "id": 33108052, "name": "Moraga Substation", "vn_kv": 230000.0}, "geometry": {"type": "Point", "coordinates": [-122.161080377, 37.847902318]}}, {"type": "Feature", "properties": {"kind": "bus", "id": 540298861, "name": "Oakland J Substation", "vn_kv": 115000.0}, "geometry": {"type": "Point", "coordinates": [-122.214407944, 37.7629913023]}}, {"type": "Feature", "properties": {"kind": "bus", "id": 109355539, "name": "None", "vn_kv": 115000.0}, "geometry": {"type": "Point", "coordinates": [-121.557308352, 37.0072676514]}}, {"type": "Feature", "properties": {"kind": "bus", "id": 23805620, "name": "Metcalf Substation", "vn_kv": 500000.0}, "geometry": {"type": "Point", "coordinates": [-121.744163902, 37.2255769192]}}, {"type": "Feature", "properties": {"kind": "bus", "id": 93288988, "name": "Panoche Substation", "vn_kv": 230000.0}, "geometry": {"type": "Point", "coordinates": [-120.581687506, 36.6534263077]}}, {"type": "Feature", "properties": {"kind": "bus", "id": 181914725, "name": "None", "vn_kv": 115000.0}, "geometry": {"type": "Point", "coordinates": [-120.138562721, 36.4020759835]}}, {"type": "Feature", "properties": {"kind": "bus", "id": 32217118, "name": "Brighton Substation", "vn_kv": 230000.0}, "geometry": {"type": "Point", "coordinates": [-121.40778007, 38.5481862484]}}, {"type": "Feature", "properties": {"kind": "bus", "id": 405561526, "name": "Grand Island Substation", "vn_kv": 115000.0}, "geometry": {"type": "Point", "coordinates": [-121.590355735, 38.2315710805]}}, {"type": "Feature", "properties": {"kind": "bus", "id": 36966082, "name": "None", "vn_kv": 115000.0}, "geometry": {"type": "Point", "coordinates": [-121.796801685, 38.2764909383]}}, {"type": "Feature", "properties": {"kind": "bus", "id": 33111585, "name": "Grant Substation", "vn_kv": 115000.0}, "geometry": {"type": "Point", "coordinates": [-122.159555713, 37.6714137023]}}, {"type": "Feature", "properties": {"kind": "bus", "id": 33111643, "name": "Eastshore Substation", "vn_kv": 230000.0}, "geometry": {"type": "Point", "coordinates": [-122.117131395, 37.6248092963]}}, {"type": "Feature", "properties": {"kind": "bus", "id": 86463530, "name": "East Nicolaus Substation", "vn_kv": 115000.0}, "geometry": {"type": "Point", "coordinates": [-121.542483457, 38.9097339789]}}, {"type": "Feature", "properties": {"kind": "bus", "id": 86463615, "name": "Rio Oso Substation", "vn_kv": 230000.0}, "geometry": {"type": "Point", "coordinates": [-121.466792378, 38.9351996724]}}, {"type": "Feature", "properties": {"kind": "bus", "id": 86573554, "name": "None", "vn_kv": 115000.0}, "geometry": {"type": "Point", "coordinates": [-121.623973676, 39.0959064739]}}, {"type": "Feature", "properties": {"kind": "bus", "id": 150562248, "name": "None", "vn_kv": 230000.0}, "geometry": {"type": "Point", "coordinates": [-121.517795662, 39.45417422]}}, {"type": "Feature", "properties": {"kind": "bus", "id": 407058988, "name": "None", "vn_kv": 115000.0}, "geometry": {"type": "Point", "coordinates": [-121.024541847, 38.2268745276]}}, {"type": "Feature", "properties": {"kind": "bus", "id": 32050965, "name": "Gold Hill Substation", "vn_kv": 230000.0}, "geometry": {"type": "Point", "coordinates": [-121.136832824, 38.657557426]}}, {"type": "Feature", "properties": {"kind": "bus", "id": 61659182, "name": "None", "vn_kv": 115000.0}, "geometry": {"type": "Point", "coordinates": [-119.818746535, 36.7183177589]}}, {"type": "Feature", "properties": {"kind": "bus", "id": 182604563, "name": "McCall Substation", "vn_kv": 230000.0}, "geometry": {"type": "Point", "coordinates": [-119.639366677, 36.6106630919]}}, {"type": "Feature", "properties": {"kind": "bus", "id": 148273199, "name": "East City Substation", "vn_kv": 230000.0}, "geometry": {"type": "Point", "coordinates": [-121.430629955, 38.5538059232]}}, {"type": "Feature", "properties": {"kind": "bus", "id": 518058316, "name": "Hedge Substation", "vn_kv": 230000.0}, "geometry": {"type": "Point", "coordinates": [-121.355314137, 38.5085913845]}}, {"type": "Feature", "properties": {"kind": "bus", "id": 28566617, "name": "Hurley Substation", "vn_kv": 230000.0}, "geometry": {"type": "Point", "coordinates": [-121.417996374, 38.5872858892]}}, {"type": "Feature", "properties": {"kind": "bus", "id": 143937875, "name": "North City Substation", "vn_kv": 230000.0}, "geometry": {"type": "Point", "coordinates": [-121.474254992, 38.5880637998]}}, {"type": "Feature", "properties": {"kind": "bus", "id": 93128755, "name": "Cottonwood Substation", "vn_kv": 230000.0}, "geometry": {"type": "Point", "coordinates": [-122.264880112, 40.3977111438]}}, {"type": "Feature", "properties": {"kind": "bus", "id": 622698793, "name": "None", "vn_kv": 115000.0}, "geometry": {"type": "Point", "coordinates": [-122.269036732, 40.4327524364]}}, {"type": "Feature", "properties": {"kind": "bus", "id": 35732660, "name": "None", "vn_kv": 230000.0}, "geometry": {"type": "Point", "coordinates": [-121.895826576, 38.036782621]}}, {"type": "Feature", "properties": {"kind": "bus", "id": 92107752, "name": "None", "vn_kv": 115000.0}, "geometry": {"type": "Point", "coordinates": [-122.116205586, 38.0153515168]}}, {"type": "Feature", "properties": {"kind": "bus", "id": 35763387, "name": "Clayton Substation", "vn_kv": 115000.0}, "geometry": {"type": "Point", "coordinates": [-121.969346976, 37.9442547604]}}, {"type": "Feature", "properties": {"kind": "bus", "id": 35798740, "name": "Contra Costa Substation", "vn_kv": 115000.0}, "geometry": {"type": "Point", "coordinates": [-121.782613976, 37.9993091061]}}, {"type": "Feature", "properties": {"kind": "bus", "id": 112306422, "name": "Oakland X Substation", "vn_kv": 115000.0}, "geometry": {"type": "Point", "coordinates": [-122.231275422, 37.8053743535]}}, {"type": "Feature", "properties": {"kind": "bus", "id": 119408726, "name": "None", "vn_kv": 115000.0}, "geometry": {"type": "Point", "coordinates": [-121.797023203, 37.3224781123]}}, {"type": "Feature", "properties": {"kind": "bus", "id": 119409662, "name": "Piercy Substation", "vn_kv": 115000.0}, "geometry": {"type": "Point", "coordinates": [-121.787315583, 37.2689593588]}}, {"type": "Feature", "properties": {"kind": "bus", "id": 32526610, "name": "Natomas Substation", "vn_kv": 230000.0}, "geometry": {"type": "Point", "coordinates": [-121.486385741, 38.6503019094]}}, {"type": "Feature", "properties": {"kind": "bus", "id": 606222639, "name": "Cerberus Substation", "vn_kv": 115000.0}, "geometry": {"type": "Point", "coordinates": [-122.10972074, 37.6270594743]}}, {"type": "Feature", "properties": {"kind": "bus", "id": 59470569, "name": "Dumbarton Substation", "vn_kv": 115000.0}, "geometry": {"type": "Point", "coordinates": [-122.057872894, 37.5570682132]}}, {"type": "Feature", "properties": {"kind": "bus", "id": 35763516, "name": "Lakewood Substation", "vn_kv": 115000.0}, "geometry": {"type": "Point", "coordinates": [-122.057360231, 37.9086503906]}}, {"type": "Feature", "properties": {"kind": "bus", "id": 91333377, "name": "Lincoln Substation", "vn_kv": 115000.0}, "geometry": {"type": "Point", "coordinates": [-121.294143769, 38.9005353768]}}, {"type": "Feature", "properties": {"kind": "bus", "id": 36730100, "name": "Woodland Substation", "vn_kv": 115000.0}, "geometry": {"type": "Point", "coordinates": [-121.760049625, 38.6784924772]}}, {"type": "Feature", "properties": {"kind": "bus", "id": 86792689, "name": "Pease Substation", "vn_kv": 115000.0}, "geometry": {"type": "Point", "coordinates": [-121.661203255, 39.1699712165]}}, {"type": "Feature", "properties": {"kind": "bus", "id": 35660929, "name": "East Portal Substation", "vn_kv": 115000.0}, "geometry": {"type": "Point", "coordinates": [-122.187035666, 37.8759811318]}}, {"type": "Feature", "properties": {"kind": "bus", "id": 33106247, "name": "Sobrante Substation", "vn_kv": 230000.0}, "geometry": {"type": "Point", "coordinates": [-122.208330032, 37.905469821]}}, {"type": "Feature", "properties": {"kind": "bus", "id": 4630372, "name": "Ames Substation", "vn_kv": 115000.0}, "geometry": {"type": "Point", "coordinates": [-122.06712186, 37.4178658449]}}, {"type": "Feature", "properties": {"kind": "bus", "id": 25793704, "name": "Ravenswood Substation", "vn_kv": 230000.0}, "geometry": {"type": "Point", "coordinates": [-122.137852273, 37.4928723354]}}, {"type": "Feature", "properties": {"kind": "bus", "id": 117401235, "name": "El Patio Substation", "vn_kv": 115000.0}, "geometry": {"type": "Point", "coordinates": [-121.935707036, 37.2917208016]}}, {"type": "Feature", "properties": {"kind": "bus", "id": 400341157, "name": "None", "vn_kv": 115000.0}, "geometry": {"type": "Point", "coordinates": [-121.939443393, 37.4936754019]}}, {"type": "Feature", "properties": {"kind": "bus", "id": 400340186, "name": "None", "vn_kv": 115000.0}, "geometry": {"type": "Point", "coordinates": [-121.944452535, 37.5124430482]}}, {"type": "Feature", "properties": {"kind": "bus", "id": 24294714, "name": "San Mateo Substation", "vn_kv": 230000.0}, "geometry": {"type": "Point", "coordinates": [-122.318980367, 37.5828128994]}}, {"type": "Feature", "properties": {"kind": "bus", "id": 48203963, "name": "Cooley Landing Substation", "vn_kv": 115000.0}, "geometry": {"type": "Point", "coordinates": [-122.127913733, 37.4737330138]}}, {"type": "Feature", "properties": {"kind": "bus", "id": 98111153, "name": "Placer Substation", "vn_kv": 230000.0}, "geometry": {"type": "Point", "coordinates": [-121.087826717, 38.9013620756]}}, {"type": "Feature", "properties": {"kind": "bus", "id": 103099270, "name": "Bell Substation", "vn_kv": 115000.0}, "geometry": {"type": "Point", "coordinates": [-121.09167964, 38.9467776935]}}, {"type": "Feature", "properties": {"kind": "bus", "id": 125280729, "name": "Higgins Substation", "vn_kv": 115000.0}, "geometry": {"type": "Point", "coordinates": [-121.090702449, 39.0438940924]}}, {"type": "Feature", "properties": {"kind": "bus", "id": 32794290, "name": "Clarksville Substation", "vn_kv": 115000.0}, "geometry": {"type": "Point", "coordinates": [-121.059450631, 38.6557273689]}}, {"type": "Feature", "properties": {"kind": "bus", "id": 38653255, "name": "None", "vn_kv": 115000.0}, "geometry": {"type": "Point", "coordinates": [-121.840961891, 37.3030766268]}}, {"type": "Feature", "properties": {"kind": "bus", "id": 120342208, "name": "Milpitas Substation", "vn_kv": 115000.0}, "geometry": {"type": "Point", "coordinates": [-121.921311643, 37.4575522638]}}, {"type": "Feature", "properties": {"kind": "bus", "id": 28875096, "name": "PG&E Newark Substation", "vn_kv": 230000.0}, "geometry": {"type": "Point", "coordinates": [-121.986619149, 37.500904601]}}, {"type": "Feature", "properties": {"kind": "bus", "id": 181630666, "name": "None", "vn_kv": 115000.0}, "geometry": {"type": "Point", "coordinates": [-120.527654766, 37.9462475759]}}, {"type": "Feature", "properties": {"kind": "bus", "id": 181457842, "name": "None", "vn_kv": 115000.0}, "geometry": {"type": "Point", "coordinates": [-120.370278406, 38.1383170889]}}, {"type": "Feature", "properties": {"kind": "bus", "id": 43951315, "name": "El Cerrito G Substation", "vn_kv": 115000.0}, "geometry": {"type": "Point", "coordinates": [-122.302797342, 37.9163606223]}}, {"type": "Feature", "properties": {"kind": "bus", "id": 613151166, "name": "Gen On Energy Inc", "vn_kv": 230000.0}, "geometry": {"type": "Point", "coordinates": [-121.761902961, 38.0159093046]}}, {"type": "Feature", "properties": {"kind": "bus", "id": 42637019, "name": "Paul Sweet Substation", "vn_kv": 115000.0}, "geometry": {"type": "Point", "coordinates": [-121.982218895, 36.9923368137]}}, {"type": "Feature", "properties": {"kind": "bus", "id": 24397698, "name": "Green Valley Substation", "vn_kv": 230000.0}, "geometry": {"type": "Point", "coordinates": [-121.760304452, 36.9520419578]}}, {"type": "Feature", "properties": {"kind": "bus", "id": 93950956, "name": "Elverta Substation", "vn_kv": 230000.0}, "geometry": {"type": "Point", "coordinates": [-121.477470098, 38.7134290128]}}, {"type": "Feature", "properties": {"kind": "bus", "id": 407070542, "name": "Missouri Flat Substation", "vn_kv": 115000.0}, "geometry": {"type": "Point", "coordinates": [-120.824679572, 38.6946302407]}}, {"type": "Feature", "properties": {"kind": "bus", "id": 30410527, "name": "Atlantic Substation", "vn_kv": 230000.0}, "geometry": {"type": "Point", "coordinates": [-121.263891902, 38.763453352]}}, {"type": "Feature", "properties": {"kind": "bus", "id": 188161327, "name": "Pleasant Grove Substation", "vn_kv": 115000.0}, "geometry": {"type": "Point", "coordinates": [-121.306431572, 38.8220961407]}}, {"type": "Feature", "properties": {"kind": "bus", "id": 61558067, "name": "PG&E Morgan Hill Substation", "vn_kv": 115000.0}, "geometry": {"type": "Point", "coordinates": [-121.659197094, 37.1268212664]}}, {"type": "Feature", "properties": {"kind": "bus", "id": 27058652, "name": "None", "vn_kv": 115000.0}, "geometry": {"type": "Point", "coordinates": [-122.363315952, 37.589956655]}}, {"type": "Feature", "properties": {"kind": "bus", "id": 112445764, "name": "Oakland K (Claremont) Substation", "vn_kv": 115000.0}, "geometry": {"type": "Point", "coordinates": [-122.22875549, 37.8475644747]}}, {"type": "Feature", "properties": {"kind": "bus", "id": 37691256, "name": "South City Substation", "vn_kv": 115000.0}, "geometry": {"type": "Point", "coordinates": [-121.46394055, 38.5085722724]}}, {"type": "Feature", "properties": {"kind": "bus", "id": 35479377, "name": "Christie Substation", "vn_kv": 115000.0}, "geometry": {"type": "Point", "coordinates": [-122.208305584, 38.0027194247]}}, {"type": "Feature", "properties": {"kind": "bus", "id": 169507757, "name": "None", "vn_kv": 115000.0}, "geometry": {"type": "Point", "coordinates": [-119.159544058, 36.8882184369]}}, {"type": "Feature", "properties": {"kind": "bus", "id": 169507758, "name": "None", "vn_kv": 115000.0}, "geometry": {"type": "Point", "coordinates": [-119.15876953, 36.8881395358]}}, {"type": "Feature", "properties": {"kind": "bus", "id": 169507766, "name": "None", "vn_kv": 230000.0}, "geometry": {"type": "Point", "coordinates": [-119.088223983, 36.9087765976]}}, {"type": "Feature", "properties": {"kind": "bus", "id": 35799514, "name": "Gateway Generating Station", "vn_kv": 230000.0}, "geometry": {"type": "Point", "coordinates": [-121.762155471, 38.0151615486]}}, {"type": "Feature", "properties": {"kind": "bus", "id": 35602439, "name": "Martinez Substation", "vn_kv": 115000.0}, "geometry": {"type": "Point", "coordinates": [-122.130029391, 37.993803819]}}, {"type": "Feature", "properties": {"kind": "bus", "id": 501515904, "name": "Rancho Mission Viejo Substation", "vn_kv": 138000.0}, "geometry": {"type": "Point", "coordinates": [-117.598828772, 33.5264015501]}}, {"type": "Feature", "properties": {"kind": "bus", "id": 30995423, "name": "Margarita Substation", "vn_kv": 138000.0}, "geometry": {"type": "Point", "coordinates": [-117.628075797, 33.5497349531]}}, {"type": "Feature", "properties": {"kind": "bus", "id": 80213764, "name": "Receiving Station C", "vn_kv": 138000.0}, "geometry": {"type": "Point", "coordinates": [-118.258088504, 33.7978191808]}}, {"type": "Feature", "properties": {"kind": "bus", "id": 49048130, "name": "Receiving Station B", "vn_kv": 230000.0}, "geometry": {"type": "Point", "coordinates": [-118.255309865, 33.9480046245]}}, {"type": "Feature", "properties": {"kind": "bus", "id": 80213757, "name": "Harbor Generating Station", "vn_kv": 138000.0}, "geometry": {"type": "Point", "coordinates": [-118.264189134, 33.7691151541]}}, {"type": "Feature", "properties": {"kind": "bus", "id": 74839059, "name": "None", "vn_kv": 138000.0}, "geometry": {"type": "Point", "coordinates": [-118.303449838, 33.8477341762]}}, {"type": "Feature", "properties": {"kind": "bus", "id": 394710539, "name": "RECEIVING STATION H", "vn_kv": 230000.0}, "geometry": {"type": "Point", "coordinates": [-118.347488997, 34.0881431881]}}, {"type": "Feature", "properties": {"kind": "bus", "id": 393475144, "name": "Receiving Station D - Fairfax", "vn_kv": 138000.0}, "geometry": {"type": "Point", "coordinates": [-118.371054233, 34.0381025218]}}, {"type": "Feature", "properties": {"kind": "bus", "id": 119718924, "name": "None", "vn_kv": 230000.0}, "geometry": {"type": "Point", "coordinates": [-117.138328719, 32.7848090107]}}, {"type": "Feature", "properties": {"kind": "bus", "id": 119718927, "name": "None", "vn_kv": 230000.0}, "geometry": {"type": "Point", "coordinates": [-117.137217872, 32.7838520758]}}, {"type": "Feature", "properties": {"kind": "bus", "id": 167005121, "name": "None", "vn_kv": 230000.0}, "geometry": {"type": "Point", "coordinates": [-117.137778004, 32.7849332467]}}, {"type": "Feature", "properties": {"kind": "bus", "id": 167005125, "name": "Carlton Hills Substation", "vn_kv": 138000.0}, "geometry": {"type": "Point", "coordinates": [-117.011985401, 32.8549207646]}}, {"type": "Feature", "properties": {"kind": "bus", "id": 159759778, "name": "None", "vn_kv": 138000.0}, "geometry": {"type": "Point", "coordinates": [-118.35934087, 33.9891658277]}}, {"type": "Feature", "properties": {"kind": "bus", "id": 394549585, "name": "Gramercy Switching Station", "vn_kv": 138000.0}, "geometry": {"type": "Point", "coordinates": [-118.312846305, 33.9464846226]}}, {"type": "Feature", "properties": {"kind": "bus", "id": 33808384, "name": "Saugus Substation", "vn_kv": 220000.0}, "geometry": {"type": "Point", "coordinates": [-118.574932552, 34.4221631836]}}, {"type": "Feature", "properties": {"kind": "bus", "id": 91834998, "name": "Pardee Substation", "vn_kv": 230000.0}, "geometry": {"type": "Point", "coordinates": [-118.583056577, 34.4392979387]}}, {"type": "Feature", "properties": {"kind": "bus", "id": 141726016, "name": "Kramer Substation", "vn_kv": 230000.0}, "geometry": {"type": "Point", "coordinates": [-117.542386598, 34.9894869437]}}, {"type": "Feature", "properties": {"kind": "bus", "id": 81232560, "name": "None", "vn_kv": 220000.0}, "geometry": {"type": "Point", "coordinates": [-116.854141439, 34.8631848725]}}, {"type": "Feature", "properties": {"kind": "bus", "id": 339724966, "name": "Mojave Solar Project", "vn_kv": 220000.0}, "geometry": {"type": "Point", "coordinates": [-117.318922075, 35.0101204441]}}, {"type": "Feature", "properties": {"kind": "bus", "id": 86369466, "name": "Lugo Substation", "vn_kv": 500000.0}, "geometry": {"type": "Point", "coordinates": [-117.368717116, 34.365830408]}}, {"type": "Feature", "properties": {"kind": "bus", "id": 169674290, "name": "None", "vn_kv": 220000.0}, "geometry": {"type": "Point", "coordinates": [-119.388511413, 37.148252346]}}, {"type": "Feature", "properties": {"kind": "bus", "id": 169514309, "name": "None", "vn_kv": 220000.0}, "geometry": {"type": "Point", "coordinates": [-118.938110143, 36.1079091744]}}, {"type": "Feature", "properties": {"kind": "bus", "id": 169674285, "name": "None", "vn_kv": 220000.0}, "geometry": {"type": "Point", "coordinates": [-119.48867294, 37.1389267086]}}, {"type": "Feature", "properties": {"kind": "bus", "id": 169674294, "name": "None", "vn_kv": 220000.0}, "geometry": {"type": "Point", "coordinates": [-119.338054778, 37.2202959478]}}, {"type": "Feature", "properties": {"kind": "bus", "id": 169674288, "name": "None", "vn_kv": 220000.0}, "geometry": {"type": "Point", "coordinates": [-119.328945691, 37.2096716155]}}, {"type": "Feature", "properties": {"kind": "bus", "id": 169674289, "name": "None", "vn_kv": 220000.0}, "geometry": {"type": "Point", "coordinates": [-119.306927643, 37.200160344]}}, {"type": "Feature", "properties": {"kind": "bus", "id": 169326813, "name": "None", "vn_kv": 220000.0}, "geometry": {"type": "Point", "coordinates": [-119.242972978, 37.2039906492]}}, {"type": "Feature", "properties": {"kind": "bus", "id": 169402989, "name": "None", "vn_kv": 220000.0}, "geometry": {"type": "Point", "coordinates": [-119.244551686, 36.3038345464]}}, {"type": "Feature", "properties": {"kind": "bus", "id": 40309253, "name": "Santa Clara Substation", "vn_kv": 220000.0}, "geometry": {"type": "Point", "coordinates": [-119.185451078, 34.3022294198]}}, {"type": "Feature", "properties": {"kind": "bus", "id": 133585863, "name": "None", "vn_kv": 220000.0}, "geometry": {"type": "Point", "coordinates": [-119.884298346, 34.4686347286]}}, {"type": "Feature", "properties": {"kind": "bus", "id": 41265171, "name": "Mandalay Generating Station", "vn_kv": 220000.0}, "geometry": {"type": "Point", "coordinates": [-119.24962775, 34.2063087771]}}, {"type": "Feature", "properties": {"kind": "bus", "id": 27340751, "name": "Moorpark Substation", "vn_kv": 220000.0}, "geometry": {"type": "Point", "coordinates": [-118.903006617, 34.2809248226]}}, {"type": "Feature", "properties": {"kind": "bus", "id": 32663174, "name": "RECEIVING STATION U", "vn_kv": 220000.0}, "geometry": {"type": "Point", "coordinates": [-118.543706479, 34.1793323643]}}, {"type": "Feature", "properties": {"kind": "bus", "id": 184909077, "name": "None", "vn_kv": 230000.0}, "geometry": {"type": "Point", "coordinates": [-118.488359073, 34.0681808682]}}, {"type": "Feature", "properties": {"kind": "bus", "id": 169403015, "name": "None", "vn_kv": 220000.0}, "geometry": {"type": "Point", "coordinates": [-119.084992238, 35.8413070688]}}, {"type": "Feature", "properties": {"kind": "bus", "id": 168937751, "name": "None", "vn_kv": 220000.0}, "geometry": {"type": "Point", "coordinates": [-118.983975126, 35.4514128619]}}, {"type": "Feature", "properties": {"kind": "bus", "id": 168525615, "name": "None", "vn_kv": 220000.0}, "geometry": {"type": "Point", "coordinates": [-118.922467682, 35.3614221671]}}, {"type": "Feature", "properties": {"kind": "bus", "id": 49715848, "name": "None", "vn_kv": 220000.0}, "geometry": {"type": "Point", "coordinates": [-118.4230834, 33.9084363472]}}, {"type": "Feature", "properties": {"kind": "bus", "id": 394895304, "name": "Chevmain Substation", "vn_kv": 220000.0}, "geometry": {"type": "Point", "coordinates": [-118.3978912, 33.9035194239]}}, {"type": "Feature", "properties": {"kind": "bus", "id": 394895298, "name": "None", "vn_kv": 220000.0}, "geometry": {"type": "Point", "coordinates": [-118.391611937, 33.9016320883]}}, {"type": "Feature", "properties": {"kind": "bus", "id": 77452171, "name": "Rancho Vista Substation", "vn_kv": 500000.0}, "geometry": {"type": "Point", "coordinates": [-117.533620237, 34.0879870341]}}, {"type": "Feature", "properties": {"kind": "bus", "id": 77452160, "name": "Etiwanda Power Plant", "vn_kv": 220000.0}, "geometry": {"type": "Point", "coordinates": [-117.530447253, 34.0895298039]}}, {"type": "Feature", "properties": {"kind": "bus", "id": 78797580, "name": "Laguna Bell Substation", "vn_kv": 220000.0}, "geometry": {"type": "Point", "coordinates": [-118.147836891, 33.9757492996]}}, {"type": "Feature", "properties": {"kind": "bus", "id": 66157642, "name": "Lighthipe Substation", "vn_kv": 220000.0}, "geometry": {"type": "Point", "coordinates": [-118.175192056, 33.880232168]}}, {"type": "Feature", "properties": {"kind": "bus", "id": 66209607, "name": "Mesa Substation", "vn_kv": 220000.0}, "geometry": {"type": "Point", "coordinates": [-118.110523225, 34.0368337974]}}, {"type": "Feature", "properties": {"kind": "bus", "id": 61960845, "name": "Villa Park Substation", "vn_kv": 220000.0}, "geometry": {"type": "Point", "coordinates": [-117.834603706, 33.8151869089]}}, {"type": "Feature", "properties": {"kind": "bus", "id": 64161681, "name": "Serrano Substation", "vn_kv": 500000.0}, "geometry": {"type": "Point", "coordinates": [-117.789644483, 33.8289229853]}}, {"type": "Feature", "properties": {"kind": "bus", "id": 65596865, "name": "Barre Substation", "vn_kv": 220000.0}, "geometry": {"type": "Point", "coordinates": [-117.98245565, 33.8089294451]}}, {"type": "Feature", "properties": {"kind": "bus", "id": 59238979, "name": "Viejo Substation", "vn_kv": 220000.0}, "geometry": {"type": "Point", "coordinates": [-117.642431709, 33.6669686833]}}, {"type": "Feature", "properties": {"kind": "bus", "id": 61430467, "name": "Devers Substation", "vn_kv": 500000.0}, "geometry": {"type": "Point", "coordinates": [-116.577316709, 33.9384621345]}}, {"type": "Feature", "properties": {"kind": "bus", "id": 33604038, "name": "Mountain View Power Plant", "vn_kv": 220000.0}, "geometry": {"type": "Point", "coordinates": [-117.240073081, 34.0805872531]}}, {"type": "Feature", "properties": {"kind": "bus", "id": 33604800, "name": "Vista Substation", "vn_kv": 220000.0}, "geometry": {"type": "Point", "coordinates": [-117.320313969, 34.0409619327]}}, {"type": "Feature", "properties": {"kind": "bus", "id": 389174036, "name": "HarborGen Substation", "vn_kv": 220000.0}, "geometry": {"type": "Point", "coordinates": [-118.227347889, 33.7788211663]}}, {"type": "Feature", "properties": {"kind": "bus", "id": 74839063, "name": "La Fresa Substation", "vn_kv": 220000.0}, "geometry": {"type": "Point", "coordinates": [-118.333215579, 33.8691523722]}}, {"type": "Feature", "properties": {"kind": "bus", "id": 44154336, "name": "None", "vn_kv": 220000.0}, "geometry": {"type": "Point", "coordinates": [-118.394261178, 33.8505684109]}}, {"type": "Feature", "properties": {"kind": "bus", "id": 65411731, "name": "Hinson Substation", "vn_kv": 220000.0}, "geometry": {"type": "Point", "coordinates": [-118.222455159, 33.819021967]}}, {"type": "Feature", "properties": {"kind": "bus", "id": 75206072, "name": "None", "vn_kv": 220000.0}, "geometry": {"type": "Point", "coordinates": [-118.37274413, 33.895890089]}}, {"type": "Feature", "properties": {"kind": "bus", "id": 182050458, "name": "None", "vn_kv": 220000.0}, "geometry": {"type": "Point", "coordinates": [-118.826196325, 34.9412925817]}}, {"type": "Feature", "properties": {"kind": "bus", "id": 168525650, "name": "None", "vn_kv": 220000.0}, "geometry": {"type": "Point", "coordinates": [-118.842976065, 34.9351836101]}}, {"type": "Feature", "properties": {"kind": "bus", "id": 88776835, "name": "Antelope Substation", "vn_kv": 500000.0}, "geometry": {"type": "Point", "coordinates": [-118.29792944, 34.6860482734]}}, {"type": "Feature", "properties": {"kind": "bus", "id": 32223005, "name": "Del Amo Substation", "vn_kv": 220000.0}, "geometry": {"type": "Point", "coordinates": [-118.096995946, 33.848145062]}}, {"type": "Feature", "properties": {"kind": "bus", "id": 27186594, "name": "Alamitos Generating Station", "vn_kv": 220000.0}, "geometry": {"type": "Point", "coordinates": [-118.100738948, 33.7660256614]}}, {"type": "Feature", "properties": {"kind": "bus", "id": 66158393, "name": "Center Substation", "vn_kv": 220000.0}, "geometry": {"type": "Point", "coordinates": [-118.105469575, 33.928799779]}}, {"type": "Feature", "properties": {"kind": "bus", "id": 62333225, "name": "Ellis Substation", "vn_kv": 220000.0}, "geometry": {"type": "Point", "coordinates": [-117.943185004, 33.6852587189]}}, {"type": "Feature", "properties": {"kind": "bus", "id": 29175070, "name": "Santiago Substation", "vn_kv": 220000.0}, "geometry": {"type": "Point", "coordinates": [-117.768193326, 33.6649972934]}}, {"type": "Feature", "properties": {"kind": "bus", "id": 61961948, "name": "Johanna Substation", "vn_kv": 220000.0}, "geometry": {"type": "Point", "coordinates": [-117.852786365, 33.7135490623]}}, {"type": "Feature", "properties": {"kind": "bus", "id": 384671109, "name": "Vermont Substation", "vn_kv": 220000.0}, "geometry": {"type": "Point", "coordinates": [-117.902482486, 33.8267259381]}}, {"type": "Feature", "properties": {"kind": "bus", "id": 126153864, "name": "Lewis Substation", "vn_kv": 220000.0}, "geometry": {"type": "Point", "coordinates": [-117.898951956, 33.8095408356]}}, {"type": "Feature", "properties": {"kind": "bus", "id": 169674295, "name": "None", "vn_kv": 220000.0}, "geometry": {"type": "Point", "coordinates": [-119.305955568, 37.1989605622]}}, {"type": "Feature", "properties": {"kind": "bus", "id": 383664682, "name": "None", "vn_kv": 220000.0}, "geometry": {"type": "Point", "coordinates": [-118.384607567, 33.899222018]}}, {"type": "Feature", "properties": {"kind": "bus", "id": 27186604, "name": "None", "vn_kv": 220000.0}, "geometry": {"type": "Point", "coordinates": [-118.100177505, 33.771948198]}}, {"type": "Feature", "properties": {"kind": "bus", "id": 169674286, "name": "None", "vn_kv": 220000.0}, "geometry": {"type": "Point", "coordinates": [-119.25664109, 37.1479526398]}}, {"type": "Feature", "properties": {"kind": "bus", "id": 79440943, "name": "None", "vn_kv": 220000.0}, "geometry": {"type": "Point", "coordinates": [-117.922240493, 33.9460914996]}}, {"type": "Feature", "properties": {"kind": "bus", "id": 77339440, "name": "Mira Loma Substation", "vn_kv": 500000.0}, "geometry": {"type": "Point", "coordinates": [-117.564293793, 34.0079232818]}}, {"type": "Feature", "properties": {"kind": "bus", "id": 384800363, "name": "Walnut Substation", "vn_kv": 220000.0}, "geometry": {"type": "Point", "coordinates": [-117.949900689, 34.0081629412]}}, {"type": "Feature", "properties": {"kind": "bus", "id": 33605206, "name": "Chino Substation", "vn_kv": 500000.0}, "geometry": {"type": "Point", "coordinates": [-117.678574689, 33.9985736745]}}, {"type": "Feature", "properties": {"kind": "bus", "id": 419134986, "name": "Ormond Beach Generating Station", "vn_kv": 220000.0}, "geometry": {"type": "Point", "coordinates": [-119.168180059, 34.1303167676]}}, {"type": "Feature", "properties": {"kind": "bus", "id": 65481169, "name": "None", "vn_kv": 220000.0}, "geometry": {"type": "Point", "coordinates": [-118.243822054, 33.8174481265]}}, {"type": "Feature", "properties": {"kind": "bus", "id": 64130145, "name": "Bailey Substation", "vn_kv": 220000.0}, "geometry": {"type": "Point", "coordinates": [-118.774703941, 34.7764880826]}}, {"type": "Feature", "properties": {"kind": "bus", "id": 168525614, "name": "None", "vn_kv": 220000.0}, "geometry": {"type": "Point", "coordinates": [-118.843807366, 34.9558724733]}}, {"type": "Feature", "properties": {"kind": "bus", "id": 168937739, "name": "None", "vn_kv": 220000.0}, "geometry": {"type": "Point", "coordinates": [-119.002370576, 35.4548039988]}}, {"type": "Feature", "properties": {"kind": "bus", "id": 168937738, "name": "None", "vn_kv": 220000.0}, "geometry": {"type": "Point", "coordinates": [-118.985180358, 35.4522124998]}}, {"type": "Feature", "properties": {"kind": "bus", "id": 164758880, "name": "None", "vn_kv": 220000.0}, "geometry": {"type": "Point", "coordinates": [-117.398783738, 35.7000399165]}}, {"type": "Feature", "properties": {"kind": "bus", "id": 164758876, "name": "None", "vn_kv": 220000.0}, "geometry": {"type": "Point", "coordinates": [-117.795858535, 35.6525660077]}}, {"type": "Feature", "properties": {"kind": "bus", "id": 164758882, "name": "None", "vn_kv": 220000.0}, "geometry": {"type": "Point", "coordinates": [-117.647282843, 35.3652723135]}}, {"type": "Feature", "properties": {"kind": "bus", "id": 75206115, "name": "230kV Switching Station", "vn_kv": 220000.0}, "geometry": {"type": "Point", "coordinates": [-118.393799514, 33.852536453]}}, {"type": "Feature", "properties": {"kind": "bus", "id": 37692647, "name": "None", "vn_kv": 220000.0}, "geometry": {"type": "Point", "coordinates": [-119.166907662, 34.1310094969]}}, {"type": "Feature", "properties": {"kind": "bus", "id": 384972421, "name": "None", "vn_kv": 220000.0}, "geometry": {"type": "Point", "coordinates": [-117.944930759, 34.0085048917]}}, {"type": "Feature", "properties": {"kind": "bus", "id": 182627500, "name": "None", "vn_kv": 230000.0}, "geometry": {"type": "Point", "coordinates": [-120.033515845, 36.9831247892]}}, {"type": "Feature", "properties": {"kind": "bus", "id": 79176953, "name": "Wilson Substation", "vn_kv": 230000.0}, "geometry": {"type": "Point", "coordinates": [-120.4073942, 37.2928285436]}}, {"type": "Feature", "properties": {"kind": "bus", "id": 166649175, "name": "None", "vn_kv": 230000.0}, "geometry": {"type": "Point", "coordinates": [-115.501127639, 33.2422477047]}}, {"type": "Feature", "properties": {"kind": "bus", "id": 90915109, "name": "None", "vn_kv": 230000.0}, "geometry": {"type": "Point", "coordinates": [-115.537308654, 32.8021894768]}}, {"type": "Feature", "properties": {"kind": "bus", "id": 166649166, "name": "None", "vn_kv": 230000.0}, "geometry": {"type": "Point", "coordinates": [-114.680379939, 33.6113526348]}}, {"type": "Feature", "properties": {"kind": "bus", "id": 167005130, "name": "None", "vn_kv": 230000.0}, "geometry": {"type": "Point", "coordinates": [-117.138458035, 32.7860290045]}}, {"type": "Feature", "properties": {"kind": "bus", "id": 93128718, "name": "Round Mountain", "vn_kv": 500000.0}, "geometry": {"type": "Point", "coordinates": [-121.93577629, 40.8078940848]}}, {"type": "Feature", "properties": {"kind": "bus", "id": 103260059, "name": "Castro Valley Substation", "vn_kv": 230000.0}, "geometry": {"type": "Point", "coordinates": [-122.06106745, 37.6913006139]}}, {"type": "Feature", "properties": {"kind": "bus", "id": 166649172, "name": "None", "vn_kv": 230000.0}, "geometry": {"type": "Point", "coordinates": [-114.684634649, 33.6162076971]}}, {"type": "Feature", "properties": {"kind": "bus", "id": 77275282, "name": "None", "vn_kv": 230000.0}, "geometry": {"type": "Point", "coordinates": [-114.277706329, 34.1613648213]}}, {"type": "Feature", "properties": {"kind": "bus", "id": 77275227, "name": "None", "vn_kv": 230000.0}, "geometry": {"type": "Point", "coordinates": [-114.14213552, 34.29379826]}}, {"type": "Feature", "properties": {"kind": "bus", "id": 166658928, "name": "None", "vn_kv": 230000.0}, "geometry": {"type": "Point", "coordinates": [-114.88423116, 33.0469625563]}}, {"type": "Feature", "properties": {"kind": "bus", "id": 181864309, "name": "None", "vn_kv": 230000.0}, "geometry": {"type": "Point", "coordinates": [-120.584161877, 36.6517444579]}}, {"type": "Feature", "properties": {"kind": "bus", "id": 93251033, "name": "Gates", "vn_kv": 500000.0}, "geometry": {"type": "Point", "coordinates": [-120.126128264, 36.1405189963]}}, {"type": "Feature", "properties": {"kind": "bus", "id": 164289720, "name": "Herndon Substation", "vn_kv": 230000.0}, "geometry": {"type": "Point", "coordinates": [-119.922582614, 36.844896261]}}, {"type": "Feature", "properties": {"kind": "bus", "id": 182619786, "name": "None", "vn_kv": 230000.0}, "geometry": {"type": "Point", "coordinates": [-119.917003466, 36.8533029549]}}, {"type": "Feature", "properties": {"kind": "bus", "id": 23988495, "name": "Los Banos Substation", "vn_kv": 500000.0}, "geometry": {"type": "Point", "coordinates": [-121.020769374, 37.0532597201]}}, {"type": "Feature", "properties": {"kind": "bus", "id": 182108228, "name": "None", "vn_kv": 230000.0}, "geometry": {"type": "Point", "coordinates": [-121.145817697, 36.2651878227]}}, {"type": "Feature", "properties": {"kind": "bus", "id": 29426718, "name": "Lakeville Substation", "vn_kv": 230000.0}, "geometry": {"type": "Point", "coordinates": [-122.581229296, 38.2509071497]}}, {"type": "Feature", "properties": {"kind": "bus", "id": 33046461, "name": "Ignacio Substation", "vn_kv": 230000.0}, "geometry": {"type": "Point", "coordinates": [-122.540361302, 38.0767756393]}}, {"type": "Feature", "properties": {"kind": "bus", "id": 183206719, "name": "None", "vn_kv": 230000.0}, "geometry": {"type": "Point", "coordinates": [-122.593337203, 38.4288558105]}}, {"type": "Feature", "properties": {"kind": "bus", "id": 170490300, "name": "Fulton Substation", "vn_kv": 230000.0}, "geometry": {"type": "Point", "coordinates": [-122.760693681, 38.4976691447]}}, {"type": "Feature", "properties": {"kind": "bus", "id": 33292212, "name": "Tulucay Substation", "vn_kv": 230000.0}, "geometry": {"type": "Point", "coordinates": [-122.267961084, 38.2478242607]}}, {"type": "Feature", "properties": {"kind": "bus", "id": 24376544, "name": "Vaca Dixon Substation", "vn_kv": 230000.0}, "geometry": {"type": "Point", "coordinates": [-121.920914419, 38.400962337]}}, {"type": "Feature", "properties": {"kind": "bus", "id": 99650319, "name": "Escondido Substation", "vn_kv": 230000.0}, "geometry": {"type": "Point", "coordinates": [-117.116730062, 33.125759821]}}, {"type": "Feature", "properties": {"kind": "bus", "id": 116440984, "name": "Talega Substation", "vn_kv": 230000.0}, "geometry": {"type": "Point", "coordinates": [-117.571463427, 33.4531559983]}}, {"type": "Feature", "properties": {"kind": "bus", "id": 398233739, "name": "Russell City Energy Center", "vn_kv": 230000.0}, "geometry": {"type": "Point", "coordinates": [-122.134102215, 37.6352111369]}}, {"type": "Feature", "properties": {"kind": "bus", "id": 478160148, "name": "NRG Pittsburg Generation Station", "vn_kv": 230000.0}, "geometry": {"type": "Point", "coordinates": [-121.894404758, 38.0380684067]}}, {"type": "Feature", "properties": {"kind": "bus", "id": 497454218, "name": "None", "vn_kv": 230000.0}, "geometry": {"type": "Point", "coordinates": [-114.103946669, 34.2883981048]}}, {"type": "Feature", "properties": {"kind": "bus", "id": 77275243, "name": "Havasu Tap", "vn_kv": 230000.0}, "geometry": {"type": "Point", "coordinates": [-114.141403566, 34.290968092]}}, {"type": "Feature", "properties": {"kind": "bus", "id": 27925546, "name": "Monta Vista Substation", "vn_kv": 230000.0}, "geometry": {"type": "Point", "coordinates": [-122.075594854, 37.3262657624]}}, {"type": "Feature", "properties": {"kind": "bus", "id": 31369697, "name": "Saratoga Substation", "vn_kv": 230000.0}, "geometry": {"type": "Point", "coordinates": [-122.015254194, 37.2809862192]}}, {"type": "Feature", "properties": {"kind": "bus", "id": 177592878, "name": "None", "vn_kv": 230000.0}, "geometry": {"type": "Point", "coordinates": [-121.497947513, 40.9912228981]}}, {"type": "Feature", "properties": {"kind": "bus", "id": 93128776, "name": "Olinda Substation", "vn_kv": 500000.0}, "geometry": {"type": "Point", "coordinates": [-122.381718781, 40.3831912585]}}, {"type": "Feature", "properties": {"kind": "bus", "id": 181693250, "name": "Glenn Substation", "vn_kv": 230000.0}, "geometry": {"type": "Point", "coordinates": [-122.142755437, 39.7778127195]}}, {"type": "Feature", "properties": {"kind": "bus", "id": 181709666, "name": "None", "vn_kv": 230000.0}, "geometry": {"type": "Point", "coordinates": [-122.269317648, 39.3684080427]}}, {"type": "Feature", "properties": {"kind": "bus", "id": 181693225, "name": "Logan Creek Substation", "vn_kv": 230000.0}, "geometry": {"type": "Point", "coordinates": [-122.262994447, 39.5395165015]}}, {"type": "Feature", "properties": {"kind": "bus", "id": 29989554, "name": "Berry Street Receiving Station", "vn_kv": 230000.0}, "geometry": {"type": "Point", "coordinates": [-121.264298885, 38.7617030123]}}, {"type": "Feature", "properties": {"kind": "bus", "id": 150583901, "name": "Airport Substation", "vn_kv": 230000.0}, "geometry": {"type": "Point", "coordinates": [-122.315844119, 40.5193481033]}}, {"type": "Feature", "properties": {"kind": "bus", "id": 150420531, "name": "Keswick Substation", "vn_kv": 230000.0}, "geometry": {"type": "Point", "coordinates": [-122.444130053, 40.6097873422]}}, {"type": "Feature", "properties": {"kind": "bus", "id": 119718455, "name": "Old Town Substation", "vn_kv": 230000.0}, "geometry": {"type": "Point", "coordinates": [-117.192386073, 32.7660690131]}}, {"type": "Feature", "properties": {"kind": "bus", "id": 25453503, "name": "Pe\u00f1asquitos Substation", "vn_kv": 230000.0}, "geometry": {"type": "Point", "coordinates": [-117.219128725, 32.9180622994]}}, {"type": "Feature", "properties": {"kind": "bus", "id": 32707508, "name": "None", "vn_kv": 230000.0}, "geometry": {"type": "Point", "coordinates": [-121.230905647, 37.5160168076]}}, {"type": "Feature", "properties": {"kind": "bus", "id": 552653455, "name": "None", "vn_kv": 230000.0}, "geometry": {"type": "Point", "coordinates": [-121.068937177, 37.1199464951]}}, {"type": "Feature", "properties": {"kind": "bus", "id": 23837624, "name": "Tesla Substation", "vn_kv": 500000.0}, "geometry": {"type": "Point", "coordinates": [-121.564972065, 37.712153724]}}, {"type": "Feature", "properties": {"kind": "bus", "id": 153674102, "name": "None", "vn_kv": 230000.0}, "geometry": {"type": "Point", "coordinates": [-120.906325073, 37.4898966324]}}, {"type": "Feature", "properties": {"kind": "bus", "id": 32707934, "name": "None", "vn_kv": 230000.0}, "geometry": {"type": "Point", "coordinates": [-120.917325593, 37.6682663397]}}, {"type": "Feature", "properties": {"kind": "bus", "id": 599654271, "name": "None", "vn_kv": 230000.0}, "geometry": {"type": "Point", "coordinates": [-121.043099944, 37.6424424292]}}, {"type": "Feature", "properties": {"kind": "bus", "id": 30755899, "name": "Table Mountain Substation", "vn_kv": 500000.0}, "geometry": {"type": "Point", "coordinates": [-121.644797095, 39.5551279142]}}, {"type": "Feature", "properties": {"kind": "bus", "id": 92832902, "name": "None", "vn_kv": 230000.0}, "geometry": {"type": "Point", "coordinates": [-121.486206311, 39.5327077484]}}, {"type": "Feature", "properties": {"kind": "bus", "id": 581954623, "name": "None", "vn_kv": 230000.0}, "geometry": {"type": "Point", "coordinates": [-120.322522579, 35.8699688539]}}, {"type": "Feature", "properties": {"kind": "bus", "id": 93420676, "name": "Morro Bay", "vn_kv": 230000.0}, "geometry": {"type": "Point", "coordinates": [-120.855611429, 35.3738598793]}}, {"type": "Feature", "properties": {"kind": "bus", "id": 527745295, "name": "None", "vn_kv": 230000.0}, "geometry": {"type": "Point", "coordinates": [-120.321548666, 35.8716265309]}}, {"type": "Feature", "properties": {"kind": "bus", "id": 160544538, "name": "Receiving Station G", "vn_kv": 230000.0}, "geometry": {"type": "Point", "coordinates": [-118.254400872, 34.1094327146]}}, {"type": "Feature", "properties": {"kind": "bus", "id": 71817088, "name": "Toluca Substation (Station E)", "vn_kv": 500000.0}, "geometry": {"type": "Point", "coordinates": [-118.359699966, 34.1760403852]}}, {"type": "Feature", "properties": {"kind": "bus", "id": 90961477, "name": "None", "vn_kv": 230000.0}, "geometry": {"type": "Point", "coordinates": [-114.705067126, 32.7277497473]}}, {"type": "Feature", "properties": {"kind": "bus", "id": 90961067, "name": "None", "vn_kv": 230000.0}, "geometry": {"type": "Point", "coordinates": [-114.748643021, 32.7603613438]}}, {"type": "Feature", "properties": {"kind": "bus", "id": 32943573, "name": "None", "vn_kv": 230000.0}, "geometry": {"type": "Point", "coordinates": [-121.723120918, 39.0239329971]}}, {"type": "Feature", "properties": {"kind": "bus", "id": 599653559, "name": "None", "vn_kv": 230000.0}, "geometry": {"type": "Point", "coordinates": [-122.75520806, 38.7787486821]}}, {"type": "Feature", "properties": {"kind": "bus", "id": 33297798, "name": "None", "vn_kv": 230000.0}, "geometry": {"type": "Point", "coordinates": [-122.583803382, 38.4428002138]}}, {"type": "Feature", "properties": {"kind": "bus", "id": 24076881, "name": "None", "vn_kv": 230000.0}, "geometry": {"type": "Point", "coordinates": [-121.602602344, 37.7966374995]}}, {"type": "Feature", "properties": {"kind": "bus", "id": 105825880, "name": "None", "vn_kv": 230000.0}, "geometry": {"type": "Point", "coordinates": [-117.334503581, 33.2114268548]}}, {"type": "Feature", "properties": {"kind": "bus", "id": 32547223, "name": "Elverta Substation", "vn_kv": 230000.0}, "geometry": {"type": "Point", "coordinates": [-121.479219529, 38.7137780801]}}, {"type": "Feature", "properties": {"kind": "bus", "id": 24049455, "name": "Tracy", "vn_kv": 500000.0}, "geometry": {"type": "Point", "coordinates": [-121.580220303, 37.7978290342]}}, {"type": "Feature", "properties": {"kind": "bus", "id": 97513161, "name": "None", "vn_kv": 230000.0}, "geometry": {"type": "Point", "coordinates": [-121.383583992, 38.6372921123]}}, {"type": "Feature", "properties": {"kind": "bus", "id": 413445217, "name": "None", "vn_kv": 230000.0}, "geometry": {"type": "Point", "coordinates": [-120.060447156, 35.3821700971]}}, {"type": "Feature", "properties": {"kind": "bus", "id": 320842292, "name": "Topaz Solar Farm", "vn_kv": 230000.0}, "geometry": {"type": "Point", "coordinates": [-120.059416409, 35.3716229092]}}, {"type": "Feature", "properties": {"kind": "bus", "id": 267159397, "name": "Receiving Station K - Olympic", "vn_kv": 230000.0}, "geometry": {"type": "Point", "coordinates": [-118.459996913, 34.0331934671]}}, {"type": "Feature", "properties": {"kind": "bus", "id": 75776205, "name": "Black Mesa Substation", "vn_kv": 230000.0}, "geometry": {"type": "Point", "coordinates": [-114.211387445, 34.417119443]}}, {"type": "Feature", "properties": {"kind": "bus", "id": 93581423, "name": "None", "vn_kv": 230000.0}, "geometry": {"type": "Point", "coordinates": [-115.121912774, 34.1491801792]}}, {"type": "Feature", "properties": {"kind": "bus", "id": 93581443, "name": "None", "vn_kv": 230000.0}, "geometry": {"type": "Point", "coordinates": [-115.121492466, 34.1503735968]}}, {"type": "Feature", "properties": {"kind": "bus", "id": 166549837, "name": "None", "vn_kv": 230000.0}, "geometry": {"type": "Point", "coordinates": [-115.451041641, 33.8096309936]}}, {"type": "Feature", "properties": {"kind": "bus", "id": 182788208, "name": "None", "vn_kv": 230000.0}, "geometry": {"type": "Point", "coordinates": [-120.536564229, 37.9446769243]}}, {"type": "Feature", "properties": {"kind": "bus", "id": 79248632, "name": "None", "vn_kv": 230000.0}, "geometry": {"type": "Point", "coordinates": [-120.802414543, 37.7417291481]}}, {"type": "Feature", "properties": {"kind": "bus", "id": 30567721, "name": "Vincent Substation", "vn_kv": 500000.0}, "geometry": {"type": "Point", "coordinates": [-118.119285065, 34.4862732219]}}, {"type": "Feature", "properties": {"kind": "bus", "id": 148224069, "name": "Cordova Substation", "vn_kv": 230000.0}, "geometry": {"type": "Point", "coordinates": [-121.207954114, 38.5531398817]}}, {"type": "Feature", "properties": {"kind": "bus", "id": 32710411, "name": "Elk Grove Substation", "vn_kv": 230000.0}, "geometry": {"type": "Point", "coordinates": [-121.353290144, 38.3729863136]}}, {"type": "Feature", "properties": {"kind": "bus", "id": 148269720, "name": "Procter", "vn_kv": 230000.0}, "geometry": {"type": "Point", "coordinates": [-121.400026982, 38.5316865526]}}, {"type": "Feature", "properties": {"kind": "bus", "id": 32719176, "name": "Pocket Substation", "vn_kv": 230000.0}, "geometry": {"type": "Point", "coordinates": [-121.470084321, 38.4895282554]}}, {"type": "Feature", "properties": {"kind": "bus", "id": 167884129, "name": "Campbell Substation", "vn_kv": 230000.0}, "geometry": {"type": "Point", "coordinates": [-121.475054022, 38.5110510062]}}, {"type": "Feature", "properties": {"kind": "bus", "id": 490201397, "name": "Belden Powerhouse", "vn_kv": 230000.0}, "geometry": {"type": "Point", "coordinates": [-121.249439426, 40.0074857398]}}, {"type": "Feature", "properties": {"kind": "bus", "id": 24401024, "name": "None", "vn_kv": 230000.0}, "geometry": {"type": "Point", "coordinates": [-120.851246644, 35.216007797]}}, {"type": "Feature", "properties": {"kind": "bus", "id": 24400930, "name": "Diablo Canyon Power Plant", "vn_kv": 500000.0}, "geometry": {"type": "Point", "coordinates": [-120.850840856, 35.2119091951]}}, {"type": "Feature", "properties": {"kind": "bus", "id": 32943234, "name": "None", "vn_kv": 230000.0}, "geometry": {"type": "Point", "coordinates": [-121.123777688, 38.3442192446]}}, {"type": "Feature", "properties": {"kind": "bus", "id": 32701355, "name": "Cosumnes Power Plant", "vn_kv": 230000.0}, "geometry": {"type": "Point", "coordinates": [-121.124257949, 38.3378185591]}}, {"type": "Feature", "properties": {"kind": "bus", "id": 32867671, "name": "None", "vn_kv": 230000.0}, "geometry": {"type": "Point", "coordinates": [-121.013773315, 38.0155404018]}}, {"type": "Feature", "properties": {"kind": "bus", "id": 86094474, "name": "None", "vn_kv": 230000.0}, "geometry": {"type": "Point", "coordinates": [-117.980504259, 34.1051612941]}}, {"type": "Feature", "properties": {"kind": "bus", "id": 181548172, "name": "None", "vn_kv": 230000.0}, "geometry": {"type": "Point", "coordinates": [-122.822297453, 42.3464626691]}}, {"type": "Feature", "properties": {"kind": "bus", "id": 181548182, "name": "None", "vn_kv": 230000.0}, "geometry": {"type": "Point", "coordinates": [-122.361405043, 41.9768524422]}}, {"type": "Feature", "properties": {"kind": "bus", "id": 186041109, "name": "Carr Substation", "vn_kv": 230000.0}, "geometry": {"type": "Point", "coordinates": [-122.625376839, 40.6459554923]}}, {"type": "Feature", "properties": {"kind": "bus", "id": 186041113, "name": "None", "vn_kv": 230000.0}, "geometry": {"type": "Point", "coordinates": [-122.767447263, 40.7921453764]}}, {"type": "Feature", "properties": {"kind": "bus", "id": 181548170, "name": "None", "vn_kv": 230000.0}, "geometry": {"type": "Point", "coordinates": [-122.071609212, 42.0937684596]}}, {"type": "Feature", "properties": {"kind": "bus", "id": 93678748, "name": "None", "vn_kv": 230000.0}, "geometry": {"type": "Point", "coordinates": [-121.746549903, 37.22137299]}}, {"type": "Feature", "properties": {"kind": "bus", "id": 30060177, "name": "Calpine Metcalf Energy Center", "vn_kv": 230000.0}, "geometry": {"type": "Point", "coordinates": [-121.746114175, 37.2204576695]}}, {"type": "Feature", "properties": {"kind": "bus", "id": 169507755, "name": "None", "vn_kv": 230000.0}, "geometry": {"type": "Point", "coordinates": [-118.963768916, 37.0391448965]}}, {"type": "Feature", "properties": {"kind": "bus", "id": 91042866, "name": "None", "vn_kv": 230000.0}, "geometry": {"type": "Point", "coordinates": [-114.469596224, 32.6842021872]}}, {"type": "Feature", "properties": {"kind": "bus", "id": 112568707, "name": "Hicks Substation", "vn_kv": 230000.0}, "geometry": {"type": "Point", "coordinates": [-121.900878285, 37.2336890809]}}, {"type": "Feature", "properties": {"kind": "bus", "id": 114958126, "name": "Vasona Substation", "vn_kv": 230000.0}, "geometry": {"type": "Point", "coordinates": [-121.966197861, 37.2538357608]}}, {"type": "Feature", "properties": {"kind": "bus", "id": 52173997, "name": "La Rosita", "vn_kv": 230000.0}, "geometry": {"type": "Point", "coordinates": [-115.676486838, 32.5968841676]}}, {"type": "Feature", "properties": {"kind": "bus", "id": 52174006, "name": "None", "vn_kv": 230000.0}, "geometry": {"type": "Point", "coordinates": [-115.667422386, 32.6510181244]}}, {"type": "Feature", "properties": {"kind": "bus", "id": 52183964, "name": "Imperial Valley Substation", "vn_kv": 500000.0}, "geometry": {"type": "Point", "coordinates": [-115.71569919, 32.7177012317]}}, {"type": "Feature", "properties": {"kind": "bus", "id": 169880238, "name": "Receiving Station F", "vn_kv": 230000.0}, "geometry": {"type": "Point", "coordinates": [-118.203873115, 34.0152031609]}}, {"type": "Feature", "properties": {"kind": "bus", "id": 86454167, "name": "RECEIVING STATION A", "vn_kv": 230000.0}, "geometry": {"type": "Point", "coordinates": [-118.226120067, 34.0670393067]}}, {"type": "Feature", "properties": {"kind": "bus", "id": 37093076, "name": "Fiddyment Receiving Station", "vn_kv": 230000.0}, "geometry": {"type": "Point", "coordinates": [-121.357100737, 38.7628103516]}}, {"type": "Feature", "properties": {"kind": "bus", "id": 28517608, "name": "Folsom Substation", "vn_kv": 230000.0}, "geometry": {"type": "Point", "coordinates": [-121.161059669, 38.7074716056]}}, {"type": "Feature", "properties": {"kind": "bus", "id": 181658825, "name": "None", "vn_kv": 230000.0}, "geometry": {"type": "Point", "coordinates": [-120.298837391, 37.8094228173]}}, {"type": "Feature", "properties": {"kind": "bus", "id": 24397013, "name": "None", "vn_kv": 230000.0}, "geometry": {"type": "Point", "coordinates": [-121.651418772, 36.6819806465]}}, {"type": "Feature", "properties": {"kind": "bus", "id": 643024351, "name": "Moss Landing Power Plant", "vn_kv": 500000.0}, "geometry": {"type": "Point", "coordinates": [-121.778210827, 36.8054415162]}}, {"type": "Feature", "properties": {"kind": "bus", "id": 165359319, "name": "None", "vn_kv": 230000.0}, "geometry": {"type": "Point", "coordinates": [-117.348232024, 35.0266316484]}}, {"type": "Feature", "properties": {"kind": "bus", "id": 39560071, "name": "None", "vn_kv": 230000.0}, "geometry": {"type": "Point", "coordinates": [-117.347834355, 35.0322824803]}}, {"type": "Feature", "properties": {"kind": "bus", "id": 79249627, "name": "None", "vn_kv": 230000.0}, "geometry": {"type": "Point", "coordinates": [-120.826374629, 37.7726429942]}}, {"type": "Feature", "properties": {"kind": "bus", "id": 24376540, "name": "Vaca Dixon Substation", "vn_kv": 500000.0}, "geometry": {"type": "Point", "coordinates": [-121.918120754, 38.4052973611]}}, {"type": "Feature", "properties": {"kind": "bus", "id": 24376541, "name": "None", "vn_kv": 230000.0}, "geometry": {"type": "Point", "coordinates": [-121.922641474, 38.4033070962]}}, {"type": "Feature", "properties": {"kind": "bus", "id": 36250573, "name": "Peabody Substation", "vn_kv": 230000.0}, "geometry": {"type": "Point", "coordinates": [-121.970504835, 38.2854362441]}}, {"type": "Feature", "properties": {"kind": "bus", "id": 33068400, "name": "Parkway Substation", "vn_kv": 230000.0}, "geometry": {"type": "Point", "coordinates": [-122.209061027, 38.1381269433]}}, {"type": "Feature", "properties": {"kind": "bus", "id": 24388861, "name": "Cortina Substation", "vn_kv": 230000.0}, "geometry": {"type": "Point", "coordinates": [-122.223262005, 39.1205661542]}}, {"type": "Feature", "properties": {"kind": "bus", "id": 518059531, "name": "Lake Substation", "vn_kv": 230000.0}, "geometry": {"type": "Point", "coordinates": [-121.132089473, 38.6571199091]}}, {"type": "Feature", "properties": {"kind": "bus", "id": 148290846, "name": "Whiterock Powerhouse", "vn_kv": 230000.0}, "geometry": {"type": "Point", "coordinates": [-120.787031144, 38.7650986808]}}, {"type": "Feature", "properties": {"kind": "bus", "id": 149630801, "name": "Camino Powerhouse", "vn_kv": 230000.0}, "geometry": {"type": "Point", "coordinates": [-120.621991193, 38.7956177514]}}, {"type": "Feature", "properties": {"kind": "bus", "id": 149769307, "name": "Jaybird Powerhouse", "vn_kv": 230000.0}, "geometry": {"type": "Point", "coordinates": [-120.531868349, 38.8341150602]}}, {"type": "Feature", "properties": {"kind": "bus", "id": 149760444, "name": "Union Valley Substation", "vn_kv": 230000.0}, "geometry": {"type": "Point", "coordinates": [-120.442825212, 38.8634924741]}}, {"type": "Feature", "properties": {"kind": "bus", "id": 38311176, "name": "None", "vn_kv": 230000.0}, "geometry": {"type": "Point", "coordinates": [-121.348456312, 37.9922063917]}}, {"type": "Feature", "properties": {"kind": "bus", "id": 181864356, "name": "None", "vn_kv": 230000.0}, "geometry": {"type": "Point", "coordinates": [-121.075421809, 37.0666512395]}}, {"type": "Feature", "properties": {"kind": "bus", "id": 79734755, "name": "Mead", "vn_kv": 230000.0}, "geometry": {"type": "Point", "coordinates": [-114.834686485, 35.9278066976]}}, {"type": "Feature", "properties": {"kind": "bus", "id": 183206679, "name": "None", "vn_kv": 230000.0}, "geometry": {"type": "Point", "coordinates": [-122.810164504, 38.828974673]}}, {"type": "Feature", "properties": {"kind": "bus", "id": 425352737, "name": "Bottle Rock Power", "vn_kv": 230000.0}, "geometry": {"type": "Point", "coordinates": [-122.768143128, 38.834844864]}}, {"type": "Feature", "properties": {"kind": "bus", "id": 150412591, "name": "None", "vn_kv": 230000.0}, "geometry": {"type": "Point", "coordinates": [-122.421194922, 40.7151054187]}}, {"type": "Feature", "properties": {"kind": "bus", "id": 150412593, "name": "Flanagan Substation", "vn_kv": 230000.0}, "geometry": {"type": "Point", "coordinates": [-122.425120313, 40.6789874524]}}, {"type": "Feature", "properties": {"kind": "bus", "id": 24283011, "name": "None", "vn_kv": 230000.0}, "geometry": {"type": "Point", "coordinates": [-121.695189624, 37.6934346297]}}, {"type": "Feature", "properties": {"kind": "bus", "id": 345602357, "name": "None", "vn_kv": 230000.0}, "geometry": {"type": "Point", "coordinates": [-115.629281425, 32.6013818312]}}, {"type": "Feature", "properties": {"kind": "bus", "id": 183206715, "name": "None", "vn_kv": 230000.0}, "geometry": {"type": "Point", "coordinates": [-122.711689624, 38.7488272754]}}, {"type": "Feature", "properties": {"kind": "bus", "id": 599653291, "name": "None", "vn_kv": 230000.0}, "geometry": {"type": "Point", "coordinates": [-122.719643165, 38.7522626449]}}, {"type": "Feature", "properties": {"kind": "bus", "id": 66376509, "name": "Tassajara Substation", "vn_kv": 230000.0}, "geometry": {"type": "Point", "coordinates": [-121.90770227, 37.8000348202]}}, {"type": "Feature", "properties": {"kind": "bus", "id": 66376512, "name": "San Ramon Substation", "vn_kv": 230000.0}, "geometry": {"type": "Point", "coordinates": [-121.936415702, 37.7447174019]}}, {"type": "Feature", "properties": {"kind": "bus", "id": 64083268, "name": "None", "vn_kv": 230000.0}, "geometry": {"type": "Point", "coordinates": [-114.966757552, 34.8448897121]}}, {"type": "Feature", "properties": {"kind": "bus", "id": 77275131, "name": "None", "vn_kv": 230000.0}, "geometry": {"type": "Point", "coordinates": [-114.171232477, 34.2911947865]}}, {"type": "Feature", "properties": {"kind": "bus", "id": 166549836, "name": "None", "vn_kv": 230000.0}, "geometry": {"type": "Point", "coordinates": [-115.453850484, 33.8108103267]}}, {"type": "Feature", "properties": {"kind": "bus", "id": 166549840, "name": "None", "vn_kv": 230000.0}, "geometry": {"type": "Point", "coordinates": [-115.626766257, 33.7055403834]}}, {"type": "Feature", "properties": {"kind": "bus", "id": 166549838, "name": "None", "vn_kv": 230000.0}, "geometry": {"type": "Point", "coordinates": [-115.626566888, 33.7045441472]}}, {"type": "Feature", "properties": {"kind": "bus", "id": 345602387, "name": "None", "vn_kv": 230000.0}, "geometry": {"type": "Point", "coordinates": [-115.691796709, 32.6483918907]}}, {"type": "Feature", "properties": {"kind": "bus", "id": 345602370, "name": "None", "vn_kv": 230000.0}, "geometry": {"type": "Point", "coordinates": [-115.8837762, 32.6145780082]}}, {"type": "Feature", "properties": {"kind": "bus", "id": 181457829, "name": "None", "vn_kv": 230000.0}, "geometry": {"type": "Point", "coordinates": [-120.381405221, 38.1445483299]}}, {"type": "Feature", "properties": {"kind": "bus", "id": 182791482, "name": "None", "vn_kv": 230000.0}, "geometry": {"type": "Point", "coordinates": [-120.763975494, 38.2165771367]}}, {"type": "Feature", "properties": {"kind": "bus", "id": 24263002, "name": "None", "vn_kv": 230000.0}, "geometry": {"type": "Point", "coordinates": [-121.660931556, 37.8212117423]}}, {"type": "Feature", "properties": {"kind": "bus", "id": 480697705, "name": "None", "vn_kv": 230000.0}, "geometry": {"type": "Point", "coordinates": [-119.916832655, 35.3791021781]}}, {"type": "Feature", "properties": {"kind": "bus", "id": 24333232, "name": "Midway", "vn_kv": 500000.0}, "geometry": {"type": "Point", "coordinates": [-119.452497199, 35.4033459088]}}, {"type": "Feature", "properties": {"kind": "bus", "id": 31871976, "name": "None", "vn_kv": 230000.0}, "geometry": {"type": "Point", "coordinates": [-118.391616221, 34.2432745683]}}, {"type": "Feature", "properties": {"kind": "bus", "id": 99645329, "name": "Sycamore Canyon Substation", "vn_kv": 230000.0}, "geometry": {"type": "Point", "coordinates": [-117.030972366, 32.9171955491]}}, {"type": "Feature", "properties": {"kind": "bus", "id": 105185729, "name": "Miguel Substation", "vn_kv": 230000.0}, "geometry": {"type": "Point", "coordinates": [-116.984419687, 32.6794881671]}}, {"type": "Feature", "properties": {"kind": "bus", "id": 56452459, "name": "Palomar Energy Center", "vn_kv": 230000.0}, "geometry": {"type": "Point", "coordinates": [-117.117416029, 33.1193836982]}}, {"type": "Feature", "properties": {"kind": "bus", "id": 37121428, "name": "Orangevale Substation", "vn_kv": 230000.0}, "geometry": {"type": "Point", "coordinates": [-121.26628828, 38.6848547952]}}, {"type": "Feature", "properties": {"kind": "bus", "id": 37112796, "name": "Foothill Substation", "vn_kv": 230000.0}, "geometry": {"type": "Point", "coordinates": [-121.347354472, 38.6933851828]}}, {"type": "Feature", "properties": {"kind": "bus", "id": 24057536, "name": "Gianelli Powerhouse", "vn_kv": 230000.0}, "geometry": {"type": "Point", "coordinates": [-121.077422872, 37.0690739243]}}, {"type": "Feature", "properties": {"kind": "bus", "id": 86576027, "name": "None", "vn_kv": 230000.0}, "geometry": {"type": "Point", "coordinates": [-121.696677377, 39.0526958086]}}, {"type": "Feature", "properties": {"kind": "bus", "id": 30620967, "name": "Adelanto Converter Station", "vn_kv": 500000.0}, "geometry": {"type": "Point", "coordinates": [-117.438030061, 34.5513881431]}}, {"type": "Feature", "properties": {"kind": "bus", "id": 386364447, "name": "Whirlwind Substation", "vn_kv": 500000.0}, "geometry": {"type": "Point", "coordinates": [-118.437176928, 34.8580303411]}}, {"type": "Feature", "properties": {"kind": "bus", "id": 386364446, "name": "Windhub Substation", "vn_kv": 500000.0}, "geometry": {"type": "Point", "coordinates": [-118.280866058, 35.0349962638]}}, {"type": "Feature", "properties": {"kind": "bus", "id": 30733962, "name": "Victorville", "vn_kv": 500000.0}, "geometry": {"type": "Point", "coordinates": [-117.322193106, 34.5635409979]}}, {"type": "Feature", "properties": {"kind": "bus", "id": 93984381, "name": "Malin", "vn_kv": 500000.0}, "geometry": {"type": "Point", "coordinates": [-121.316627397, 42.0064537905]}}, {"type": "Feature", "properties": {"kind": "bus", "id": 61601149, "name": "Valley Substation", "vn_kv": 500000.0}, "geometry": {"type": "Point", "coordinates": [-117.156291334, 33.73943196]}}, {"type": "Feature", "properties": {"kind": "bus", "id": 407016872, "name": "Suncrest Substation", "vn_kv": 500000.0}, "geometry": {"type": "Point", "coordinates": [-116.683066188, 32.8087659184]}}, {"type": "Feature", "properties": {"kind": "bus", "id": 105185725, "name": "Miguel 500kV Substation", "vn_kv": 500000.0}, "geometry": {"type": "Point", "coordinates": [-116.982823427, 32.6784187948]}}, {"type": "Feature", "properties": {"kind": "bus", "id": 90966380, "name": "None", "vn_kv": 500000.0}, "geometry": {"type": "Point", "coordinates": [-114.491269736, 32.7456495736]}}, {"type": "Feature", "properties": {"kind": "bus", "id": 105199139, "name": "None", "vn_kv": 500000.0}, "geometry": {"type": "Point", "coordinates": [-115.559099976, 33.6714467955]}}, {"type": "Feature", "properties": {"kind": "bus", "id": 507591114, "name": "Red Bluff Substation", "vn_kv": 500000.0}, "geometry": {"type": "Point", "coordinates": [-115.312868552, 33.6988336843]}}, {"type": "Feature", "properties": {"kind": "bus", "id": 75355429, "name": "None", "vn_kv": 500000.0}, "geometry": {"type": "Point", "coordinates": [-114.595337551, 35.1470056711]}}, {"type": "Feature", "properties": {"kind": "bus", "id": 79671026, "name": "Marketplace Substation", "vn_kv": 500000.0}, "geometry": {"type": "Point", "coordinates": [-115.011267067, 35.8192348525]}}, {"type": "Feature", "properties": {"kind": "bus", "id": 24400937, "name": "Diablo Canyon", "vn_kv": 500000.0}, "geometry": {"type": "Point", "coordinates": [-120.847253923, 35.2162947337]}}, {"type": "Feature", "properties": {"kind": "bus", "id": 92966624, "name": "None", "vn_kv": 500000.0}, "geometry": {"type": "Point", "coordinates": [-122.276291676, 39.2373451983]}}, {"type": "Feature", "properties": {"kind": "bus", "id": 87177785, "name": "None", "vn_kv": 500000.0}, "geometry": {"type": "Point", "coordinates": [-117.167920413, 33.738800415]}}, {"type": "Feature", "properties": {"kind": "bus", "id": 93984357, "name": "Captain Jack", "vn_kv": 500000.0}, "geometry": {"type": "Point", "coordinates": [-121.389986756, 42.0796831216]}}, {"type": "Feature", "properties": {"kind": "bus", "id": 402225518, "name": "Colorado River Substation", "vn_kv": 500000.0}, "geometry": {"type": "Point", "coordinates": [-114.817221789, 33.5806095545]}}, {"type": "Feature", "properties": {"kind": "line", "id": 1, "name": "-Moraga - San Leandro 115kV transmission line"}, "geometry": {"type": "LineString", "coordinates": [[-122.148604674, 37.7105437094], [-122.161080377, 37.847902318]]}}, {"type": "Feature", "properties": {"kind": "line", "id": 2, "name": "115 kV transmission line"}, "geometry": {"type": "LineString", "coordinates": [[-122.148604674, 37.7105437094], [-122.214407944, 37.7629913023]]}}, {"type": "Feature", "properties": {"kind": "line", "id": 3, "name": "None"}, "geometry": {"type": "LineString", "coordinates": [[-121.557308352, 37.0072676514], [-121.744163902, 37.2255769192]]}}, {"type": "Feature", "properties": {"kind": "line", "id": 4, "name": "None"}, "geometry": {"type": "LineString", "coordinates": [[-120.581687506, 36.6534263077], [-120.138562721, 36.4020759835]]}}, {"type": "Feature", "properties": {"kind": "line", "id": 5, "name": "None"}, "geometry": {"type": "LineString", "coordinates": [[-121.40778007, 38.5481862484], [-121.590355735, 38.2315710805]]}}, {"type": "Feature", "properties": {"kind": "line", "id": 6, "name": "None"}, "geometry": {"type": "LineString", "coordinates": [[-121.40778007, 38.5481862484], [-121.796801685, 38.2764909383]]}}, {"type": "Feature", "properties": {"kind": "line", "id": 7, "name": "-Eastshore to Grant 115 kV transmission line"}, "geometry": {"type": "LineString", "coordinates": [[-122.159555713, 37.6714137023], [-122.117131395, 37.6248092963]]}}, {"type": "Feature", "properties": {"kind": "line", "id": 8, "name": "115 kV transmission line"}, "geometry": {"type": "LineString", "coordinates": [[-122.159555713, 37.6714137023], [-122.214407944, 37.7629913023]]}}, {"type": "Feature", "properties": {"kind": "line", "id": 9, "name": "None"}, "geometry": {"type": "LineString", "coordinates": [[-121.542483457, 38.9097339789], [-121.466792378, 38.9351996724]]}}, {"type": "Feature", "properties": {"kind": "line", "id": 10, "name": "None"}, "geometry": {"type": "LineString", "coordinates": [[-121.542483457, 38.9097339789], [-121.623973676, 39.0959064739]]}}, {"type": "Feature", "properties": {"kind": "line", "id": 11, "name": "None"}, "geometry": {"type": "LineString", "coordinates": [[-121.542483457, 38.9097339789], [-121.517795662, 39.45417422]]}}, {"type": "Feature", "properties": {"kind": "line", "id": 12, "name": "None"}, "geometry": {"type": "LineString", "coordinates": [[-121.024541847, 38.2268745276], [-121.136832824, 38.657557426]]}}, {"type": "Feature", "properties": {"kind": "line", "id": 13, "name": "None"}, "geometry": {"type": "LineString", "coordinates": [[-119.818746535, 36.7183177589], [-119.639366677, 36.6106630919]]}}, {"type": "Feature", "properties": {"kind": "line", "id": 14, "name": "None"}, "geometry": {"type": "LineString", "coordinates": [[-121.430629955, 38.5538059232], [-121.355314137, 38.5085913845]]}}, {"type": "Feature", "properties": {"kind": "line", "id": 15, "name": "None"}, "geometry": {"type": "LineString", "coordinates": [[-121.430629955, 38.5538059232], [-121.417996374, 38.5872858892]]}}, {"type": "Feature", "properties": {"kind": "line", "id": 16, "name": "None"}, "geometry": {"type": "LineString", "coordinates": [[-121.430629955, 38.5538059232], [-121.474254992, 38.5880637998]]}}, {"type": "Feature", "properties": {"kind": "line", "id": 17, "name": "None"}, "geometry": {"type": "LineString", "coordinates": [[-122.264880112, 40.3977111438], [-122.269036732, 40.4327524364]]}}, {"type": "Feature", "properties": {"kind": "line", "id": 18, "name": "None"}, "geometry": {"type": "LineString", "coordinates": [[-121.895826576, 38.036782621], [-122.116205586, 38.0153515168]]}}, {"type": "Feature", "properties": {"kind": "line", "id": 19, "name": "-Pittsburg - Clayton 115kV transmission line"}, "geometry": {"type": "LineString", "coordinates": [[-121.895826576, 38.036782621], [-121.969346976, 37.9442547604]]}}, {"type": "Feature", "properties": {"kind": "line", "id": 20, "name": "None"}, "geometry": {"type": "LineString", "coordinates": [[-121.895826576, 38.036782621], [-121.782613976, 37.9993091061]]}}, {"type": "Feature", "properties": {"kind": "line", "id": 21, "name": "None"}, "geometry": {"type": "LineString", "coordinates": [[-122.161080377, 37.847902318], [-122.231275422, 37.8053743535]]}}, {"type": "Feature", "properties": {"kind": "line", "id": 22, "name": "None"}, "geometry": {"type": "LineString", "coordinates": [[-121.797023203, 37.3224781123], [-121.787315583, 37.2689593588]]}}, {"type": "Feature", "properties": {"kind": "line", "id": 23, "name": "None"}, "geometry": {"type": "LineString", "coordinates": [[-121.417996374, 38.5872858892], [-121.486385741, 38.6503019094]]}}, {"type": "Feature", "properties": {"kind": "line", "id": 24, "name": "None"}, "geometry": {"type": "LineString", "coordinates": [[-121.417996374, 38.5872858892], [-121.474254992, 38.5880637998]]}}, {"type": "Feature", "properties": {"kind": "line", "id": 25, "name": "None"}, "geometry": {"type": "LineString", "coordinates": [[-122.117131395, 37.6248092963], [-122.10972074, 37.6270594743]]}}, {"type": "Feature", "properties": {"kind": "line", "id": 26, "name": "Dumbarton 115 kV tap-Eastshore - Dumbarton 115 kV transmission line"}, "geometry": {"type": "LineString", "coordinates": [[-122.117131395, 37.6248092963], [-122.057872894, 37.5570682132]]}}, {"type": "Feature", "properties": {"kind": "line", "id": 27, "name": "None"}, "geometry": {"type": "LineString", "coordinates": [[-121.969346976, 37.9442547604], [-122.057360231, 37.9086503906]]}}, {"type": "Feature", "properties": {"kind": "line", "id": 28, "name": "None"}, "geometry": {"type": "LineString", "coordinates": [[-121.466792378, 38.9351996724], [-121.294143769, 38.9005353768]]}}, {"type": "Feature", "properties": {"kind": "line", "id": 29, "name": "None"}, "geometry": {"type": "LineString", "coordinates": [[-121.466792378, 38.9351996724], [-121.760049625, 38.6784924772]]}}, {"type": "Feature", "properties": {"kind": "line", "id": 30, "name": "None"}, "geometry": {"type": "LineString", "coordinates": [[-121.466792378, 38.9351996724], [-121.517795662, 39.45417422]]}}, {"type": "Feature", "properties": {"kind": "line", "id": 31, "name": "None"}, "geometry": {"type": "LineString", "coordinates": [[-121.466792378, 38.9351996724], [-121.661203255, 39.1699712165]]}}, {"type": "Feature", "properties": {"kind": "line", "id": 32, "name": "None"}, "geometry": {"type": "LineString", "coordinates": [[-122.187035666, 37.8759811318], [-122.208330032, 37.905469821]]}}, {"type": "Feature", "properties": {"kind": "line", "id": 33, "name": "-Ravenswood - Ames 115kV transmission line"}, "geometry": {"type": "LineString", "coordinates": [[-122.06712186, 37.4178658449], [-122.137852273, 37.4928723354]]}}, {"type": "Feature", "properties": {"kind": "line", "id": 34, "name": "-Metcalf - El Patio 115 kV transmission line"}, "geometry": {"type": "LineString", "coordinates": [[-121.935707036, 37.2917208016], [-121.744163902, 37.2255769192]]}}, {"type": "Feature", "properties": {"kind": "line", "id": 35, "name": "None"}, "geometry": {"type": "LineString", "coordinates": [[-121.939443393, 37.4936754019], [-121.944452535, 37.5124430482]]}}, {"type": "Feature", "properties": {"kind": "line", "id": 36, "name": "Ravenswood - San Mateo 115kV transmission line"}, "geometry": {"type": "LineString", "coordinates": [[-122.137852273, 37.4928723354], [-122.318980367, 37.5828128994]]}}, {"type": "Feature", "properties": {"kind": "line", "id": 37, "name": "115kV transmission line"}, "geometry": {"type": "LineString", "coordinates": [[-122.137852273, 37.4928723354], [-122.127913733, 37.4737330138]]}}, {"type": "Feature", "properties": {"kind": "line", "id": 38, "name": "None"}, "geometry": {"type": "LineString", "coordinates": [[-121.087826717, 38.9013620756], [-121.136832824, 38.657557426]]}}, {"type": "Feature", "properties": {"kind": "line", "id": 39, "name": "None"}, "geometry": {"type": "LineString", "coordinates": [[-121.087826717, 38.9013620756], [-121.09167964, 38.9467776935]]}}, {"type": "Feature", "properties": {"kind": "line", "id": 40, "name": "None"}, "geometry": {"type": "LineString", "coordinates": [[-121.087826717, 38.9013620756], [-121.090702449, 39.0438940924]]}}, {"type": "Feature", "properties": {"kind": "line", "id": 41, "name": "None"}, "geometry": {"type": "LineString", "coordinates": [[-121.059450631, 38.6557273689], [-121.136832824, 38.657557426]]}}, {"type": "Feature", "properties": {"kind": "line", "id": 42, "name": "-Piercy - Metcalf 115 kV transmission line"}, "geometry": {"type": "LineString", "coordinates": [[-121.744163902, 37.2255769192], [-121.787315583, 37.2689593588]]}}, {"type": "Feature", "properties": {"kind": "line", "id": 43, "name": "None"}, "geometry": {"type": "LineString", "coordinates": [[-121.744163902, 37.2255769192], [-121.840961891, 37.3030766268]]}}, {"type": "Feature", "properties": {"kind": "line", "id": 44, "name": "115kV"}, "geometry": {"type": "LineString", "coordinates": [[-121.921311643, 37.4575522638], [-121.986619149, 37.500904601]]}}, {"type": "Feature", "properties": {"kind": "line", "id": 45, "name": "None"}, "geometry": {"type": "LineString", "coordinates": [[-120.527654766, 37.9462475759], [-120.370278406, 38.1383170889]]}}, {"type": "Feature", "properties": {"kind": "line", "id": 46, "name": "None"}, "geometry": {"type": "LineString", "coordinates": [[-122.302797342, 37.9163606223], [-122.208330032, 37.905469821]]}}, {"type": "Feature", "properties": {"kind": "line", "id": 47, "name": "None"}, "geometry": {"type": "LineString", "coordinates": [[-121.782613976, 37.9993091061], [-121.761902961, 38.0159093046]]}}, {"type": "Feature", "properties": {"kind": "line", "id": 48, "name": "None"}, "geometry": {"type": "LineString", "coordinates": [[-121.982218895, 36.9923368137], [-121.760304452, 36.9520419578]]}}, {"type": "Feature", "properties": {"kind": "line", "id": 49, "name": "None"}, "geometry": {"type": "LineString", "coordinates": [[-121.486385741, 38.6503019094], [-121.477470098, 38.7134290128]]}}, {"type": "Feature", "properties": {"kind": "line", "id": 50, "name": "None"}, "geometry": {"type": "LineString", "coordinates": [[-121.136832824, 38.657557426], [-120.824679572, 38.6946302407]]}}, {"type": "Feature", "properties": {"kind": "line", "id": 51, "name": "-Antlantic - Pleasant Grove"}, "geometry": {"type": "LineString", "coordinates": [[-121.263891902, 38.763453352], [-121.306431572, 38.8220961407]]}}, {"type": "Feature", "properties": {"kind": "line", "id": 52, "name": "None"}, "geometry": {"type": "LineString", "coordinates": [[-121.659197094, 37.1268212664], [-121.760304452, 36.9520419578]]}}, {"type": "Feature", "properties": {"kind": "line", "id": 53, "name": "Ravenswood - San Mateo 115kV transmission line"}, "geometry": {"type": "LineString", "coordinates": [[-122.318980367, 37.5828128994], [-122.363315952, 37.589956655]]}}, {"type": "Feature", "properties": {"kind": "line", "id": 54, "name": "None"}, "geometry": {"type": "LineString", "coordinates": [[-122.22875549, 37.8475644747], [-122.208330032, 37.905469821]]}}, {"type": "Feature", "properties": {"kind": "line", "id": 55, "name": "None"}, "geometry": {"type": "LineString", "coordinates": [[-121.355314137, 38.5085913845], [-121.46394055, 38.5085722724]]}}, {"type": "Feature", "properties": {"kind": "line", "id": 56, "name": "-115kV transmission line"}, "geometry": {"type": "LineString", "coordinates": [[-122.208305584, 38.0027194247], [-122.208330032, 37.905469821]]}}, {"type": "Feature", "properties": {"kind": "line", "id": 57, "name": "None"}, "geometry": {"type": "LineString", "coordinates": [[-119.159544058, 36.8882184369], [-119.15876953, 36.8881395358]]}}, {"type": "Feature", "properties": {"kind": "line", "id": 58, "name": "None"}, "geometry": {"type": "LineString", "coordinates": [[-119.159544058, 36.8882184369], [-119.088223983, 36.9087765976]]}}, {"type": "Feature", "properties": {"kind": "line", "id": 59, "name": "None"}, "geometry": {"type": "LineString", "coordinates": [[-121.762155471, 38.0151615486], [-121.761902961, 38.0159093046]]}}, {"type": "Feature", "properties": {"kind": "line", "id": 60, "name": "Oleum - Martinez 115kV transmission line"}, "geometry": {"type": "LineString", "coordinates": [[-122.116205586, 38.0153515168], [-122.130029391, 37.993803819]]}}, {"type": "Feature", "properties": {"kind": "line", "id": 61, "name": "None"}, "geometry": {"type": "LineString", "coordinates": [[-117.598828772, 33.5264015501], [-117.628075797, 33.5497349531]]}}, {"type": "Feature", "properties": {"kind": "line", "id": 62, "name": "-138kV"}, "geometry": {"type": "LineString", "coordinates": [[-118.258088504, 33.7978191808], [-118.255309865, 33.9480046245]]}}, {"type": "Feature", "properties": {"kind": "line", "id": 63, "name": "None"}, "geometry": {"type": "LineString", "coordinates": [[-118.258088504, 33.7978191808], [-118.264189134, 33.7691151541]]}}, {"type": "Feature", "properties": {"kind": "line", "id": 64, "name": "138kV"}, "geometry": {"type": "LineString", "coordinates": [[-118.258088504, 33.7978191808], [-118.303449838, 33.8477341762]]}}, {"type": "Feature", "properties": {"kind": "line", "id": 65, "name": "None"}, "geometry": {"type": "LineString", "coordinates": [[-118.347488997, 34.0881431881], [-118.371054233, 34.0381025218]]}}, {"type": "Feature", "properties": {"kind": "line", "id": 66, "name": "None"}, "geometry": {"type": "LineString", "coordinates": [[-117.138328719, 32.7848090107], [-117.137217872, 32.7838520758]]}}, {"type": "Feature", "properties": {"kind": "line", "id": 67, "name": "None"}, "geometry": {"type": "LineString", "coordinates": [[-117.137217872, 32.7838520758], [-117.137778004, 32.7849332467]]}}, {"type": "Feature", "properties": {"kind": "line", "id": 68, "name": "None"}, "geometry": {"type": "LineString", "coordinates": [[-117.137217872, 32.7838520758], [-117.011985401, 32.8549207646]]}}, {"type": "Feature", "properties": {"kind": "line", "id": 69, "name": "None"}, "geometry": {"type": "LineString", "coordinates": [[-118.35934087, 33.9891658277], [-118.371054233, 34.0381025218]]}}, {"type": "Feature", "properties": {"kind": "line", "id": 70, "name": "138kV (Cable)"}, "geometry": {"type": "LineString", "coordinates": [[-118.35934087, 33.9891658277], [-118.312846305, 33.9464846226]]}}, {"type": "Feature", "properties": {"kind": "line", "id": 71, "name": "138kV"}, "geometry": {"type": "LineString", "coordinates": [[-118.255309865, 33.9480046245], [-118.312846305, 33.9464846226]]}}, {"type": "Feature", "properties": {"kind": "line", "id": 72, "name": "None"}, "geometry": {"type": "LineString", "coordinates": [[-118.574932552, 34.4221631836], [-118.583056577, 34.4392979387]]}}, {"type": "Feature", "properties": {"kind": "line", "id": 73, "name": "None"}, "geometry": {"type": "LineString", "coordinates": [[-117.542386598, 34.9894869437], [-116.854141439, 34.8631848725]]}}, {"type": "Feature", "properties": {"kind": "line", "id": 74, "name": "None"}, "geometry": {"type": "LineString", "coordinates": [[-117.542386598, 34.9894869437], [-117.318922075, 35.0101204441]]}}, {"type": "Feature", "properties": {"kind": "line", "id": 75, "name": "None"}, "geometry": {"type": "LineString", "coordinates": [[-117.542386598, 34.9894869437], [-117.368717116, 34.365830408]]}}, {"type": "Feature", "properties": {"kind": "line", "id": 76, "name": "None"}, "geometry": {"type": "LineString", "coordinates": [[-119.388511413, 37.148252346], [-118.938110143, 36.1079091744]]}}, {"type": "Feature", "properties": {"kind": "line", "id": 77, "name": "None"}, "geometry": {"type": "LineString", "coordinates": [[-119.388511413, 37.148252346], [-119.48867294, 37.1389267086]]}}, {"type": "Feature", "properties": {"kind": "line", "id": 78, "name": "None"}, "geometry": {"type": "LineString", "coordinates": [[-119.388511413, 37.148252346], [-119.338054778, 37.2202959478]]}}, {"type": "Feature", "properties": {"kind": "line", "id": 79, "name": "None"}, "geometry": {"type": "LineString", "coordinates": [[-119.388511413, 37.148252346], [-119.328945691, 37.2096716155]]}}, {"type": "Feature", "properties": {"kind": "line", "id": 80, "name": "None"}, "geometry": {"type": "LineString", "coordinates": [[-119.388511413, 37.148252346], [-119.306927643, 37.200160344]]}}, {"type": "Feature", "properties": {"kind": "line", "id": 81, "name": "None"}, "geometry": {"type": "LineString", "coordinates": [[-119.388511413, 37.148252346], [-119.242972978, 37.2039906492]]}}, {"type": "Feature", "properties": {"kind": "line", "id": 82, "name": "None"}, "geometry": {"type": "LineString", "coordinates": [[-119.388511413, 37.148252346], [-119.244551686, 36.3038345464]]}}, {"type": "Feature", "properties": {"kind": "line", "id": 83, "name": "None"}, "geometry": {"type": "LineString", "coordinates": [[-119.185451078, 34.3022294198], [-119.884298346, 34.4686347286]]}}, {"type": "Feature", "properties": {"kind": "line", "id": 84, "name": "None"}, "geometry": {"type": "LineString", "coordinates": [[-119.185451078, 34.3022294198], [-119.24962775, 34.2063087771]]}}, {"type": "Feature", "properties": {"kind": "line", "id": 85, "name": "None"}, "geometry": {"type": "LineString", "coordinates": [[-119.185451078, 34.3022294198], [-118.583056577, 34.4392979387]]}}, {"type": "Feature", "properties": {"kind": "line", "id": 86, "name": "None"}, "geometry": {"type": "LineString", "coordinates": [[-119.185451078, 34.3022294198], [-118.903006617, 34.2809248226]]}}, {"type": "Feature", "properties": {"kind": "line", "id": 87, "name": "-3 x 220 kV + Electrode Line of HVDC Pacific DC Intertie"}, "geometry": {"type": "LineString", "coordinates": [[-118.543706479, 34.1793323643], [-118.488359073, 34.0681808682]]}}, {"type": "Feature", "properties": {"kind": "line", "id": 88, "name": "None"}, "geometry": {"type": "LineString", "coordinates": [[-119.084992238, 35.8413070688], [-119.244551686, 36.3038345464]]}}, {"type": "Feature", "properties": {"kind": "line", "id": 89, "name": "None"}, "geometry": {"type": "LineString", "coordinates": [[-119.084992238, 35.8413070688], [-118.983975126, 35.4514128619]]}}, {"type": "Feature", "properties": {"kind": "line", "id": 90, "name": "None"}, "geometry": {"type": "LineString", "coordinates": [[-119.084992238, 35.8413070688], [-118.922467682, 35.3614221671]]}}, {"type": "Feature", "properties": {"kind": "line", "id": 91, "name": "None"}, "geometry": {"type": "LineString", "coordinates": [[-118.4230834, 33.9084363472], [-118.3978912, 33.9035194239]]}}, {"type": "Feature", "properties": {"kind": "line", "id": 92, "name": "None"}, "geometry": {"type": "LineString", "coordinates": [[-118.4230834, 33.9084363472], [-118.391611937, 33.9016320883]]}}, {"type": "Feature", "properties": {"kind": "line", "id": 93, "name": "None"}, "geometry": {"type": "LineString", "coordinates": [[-117.533620237, 34.0879870341], [-117.530447253, 34.0895298039]]}}, {"type": "Feature", "properties": {"kind": "line", "id": 94, "name": "None"}, "geometry": {"type": "LineString", "coordinates": [[-118.147836891, 33.9757492996], [-118.175192056, 33.880232168]]}}, {"type": "Feature", "properties": {"kind": "line", "id": 95, "name": "None"}, "geometry": {"type": "LineString", "coordinates": [[-118.147836891, 33.9757492996], [-118.110523225, 34.0368337974]]}}, {"type": "Feature", "properties": {"kind": "line", "id": 96, "name": "None"}, "geometry": {"type": "LineString", "coordinates": [[-117.834603706, 33.8151869089], [-117.789644483, 33.8289229853]]}}, {"type": "Feature", "properties": {"kind": "line", "id": 97, "name": "None"}, "geometry": {"type": "LineString", "coordinates": [[-117.834603706, 33.8151869089], [-117.98245565, 33.8089294451]]}}, {"type": "Feature", "properties": {"kind": "line", "id": 98, "name": "None"}, "geometry": {"type": "LineString", "coordinates": [[-117.789644483, 33.8289229853], [-117.642431709, 33.6669686833]]}}, {"type": "Feature", "properties": {"kind": "line", "id": 99, "name": "None"}, "geometry": {"type": "LineString", "coordinates": [[-116.577316709, 33.9384621345], [-117.240073081, 34.0805872531]]}}, {"type": "Feature", "properties": {"kind": "line", "id": 100, "name": "None"}, "geometry": {"type": "LineString", "coordinates": [[-116.577316709, 33.9384621345], [-117.320313969, 34.0409619327]]}}, {"type": "Feature", "properties": {"kind": "line", "id": 101, "name": "None"}, "geometry": {"type": "LineString", "coordinates": [[-118.227347889, 33.7788211663], [-118.175192056, 33.880232168]]}}, {"type": "Feature", "properties": {"kind": "line", "id": 102, "name": "None"}, "geometry": {"type": "LineString", "coordinates": [[-118.333215579, 33.8691523722], [-118.394261178, 33.8505684109]]}}, {"type": "Feature", "properties": {"kind": "line", "id": 103, "name": "220kV"}, "geometry": {"type": "LineString", "coordinates": [[-118.333215579, 33.8691523722], [-118.175192056, 33.880232168]]}}, {"type": "Feature", "properties": {"kind": "line", "id": 104, "name": "-220kV"}, "geometry": {"type": "LineString", "coordinates": [[-118.333215579, 33.8691523722], [-118.222455159, 33.819021967]]}}, {"type": "Feature", "properties": {"kind": "line", "id": 105, "name": "None"}, "geometry": {"type": "LineString", "coordinates": [[-118.333215579, 33.8691523722], [-118.37274413, 33.895890089]]}}, {"type": "Feature", "properties": {"kind": "line", "id": 106, "name": "None"}, "geometry": {"type": "LineString", "coordinates": [[-118.826196325, 34.9412925817], [-118.842976065, 34.9351836101]]}}, {"type": "Feature", "properties": {"kind": "line", "id": 107, "name": "Antelope-Magunden #2"}, "geometry": {"type": "LineString", "coordinates": [[-118.922467682, 35.3614221671], [-118.29792944, 34.6860482734]]}}, {"type": "Feature", "properties": {"kind": "line", "id": 108, "name": "None"}, "geometry": {"type": "LineString", "coordinates": [[-118.922467682, 35.3614221671], [-118.842976065, 34.9351836101]]}}, {"type": "Feature", "properties": {"kind": "line", "id": 109, "name": "None"}, "geometry": {"type": "LineString", "coordinates": [[-118.922467682, 35.3614221671], [-118.938110143, 36.1079091744]]}}, {"type": "Feature", "properties": {"kind": "line", "id": 110, "name": "None"}, "geometry": {"type": "LineString", "coordinates": [[-118.096995946, 33.848145062], [-118.175192056, 33.880232168]]}}, {"type": "Feature", "properties": {"kind": "line", "id": 111, "name": "None"}, "geometry": {"type": "LineString", "coordinates": [[-118.096995946, 33.848145062], [-118.100738948, 33.7660256614]]}}, {"type": "Feature", "properties": {"kind": "line", "id": 112, "name": "None"}, "geometry": {"type": "LineString", "coordinates": [[-118.096995946, 33.848145062], [-118.105469575, 33.928799779]]}}, {"type": "Feature", "properties": {"kind": "line", "id": 113, "name": "None"}, "geometry": {"type": "LineString", "coordinates": [[-118.096995946, 33.848145062], [-117.98245565, 33.8089294451]]}}, {"type": "Feature", "properties": {"kind": "line", "id": 114, "name": "None"}, "geometry": {"type": "LineString", "coordinates": [[-118.096995946, 33.848145062], [-117.943185004, 33.6852587189]]}}, {"type": "Feature", "properties": {"kind": "line", "id": 115, "name": "None"}, "geometry": {"type": "LineString", "coordinates": [[-117.768193326, 33.6649972934], [-117.852786365, 33.7135490623]]}}, {"type": "Feature", "properties": {"kind": "line", "id": 116, "name": "None"}, "geometry": {"type": "LineString", "coordinates": [[-117.902482486, 33.8267259381], [-117.898951956, 33.8095408356]]}}, {"type": "Feature", "properties": {"kind": "line", "id": 117, "name": "None"}, "geometry": {"type": "LineString", "coordinates": [[-119.306927643, 37.200160344], [-119.305955568, 37.1989605622]]}}, {"type": "Feature", "properties": {"kind": "line", "id": 118, "name": "None"}, "geometry": {"type": "LineString", "coordinates": [[-119.306927643, 37.200160344], [-119.328945691, 37.2096716155]]}}, {"type": "Feature", "properties": {"kind": "line", "id": 119, "name": "None"}, "geometry": {"type": "LineString", "coordinates": [[-119.306927643, 37.200160344], [-119.242972978, 37.2039906492]]}}, {"type": "Feature", "properties": {"kind": "line", "id": 120, "name": "None"}, "geometry": {"type": "LineString", "coordinates": [[-118.384607567, 33.899222018], [-118.37274413, 33.895890089]]}}, {"type": "Feature", "properties": {"kind": "line", "id": 121, "name": "None"}, "geometry": {"type": "LineString", "coordinates": [[-118.384607567, 33.899222018], [-118.391611937, 33.9016320883]]}}, {"type": "Feature", "properties": {"kind": "line", "id": 122, "name": "None"}, "geometry": {"type": "LineString", "coordinates": [[-118.100177505, 33.771948198], [-118.100738948, 33.7660256614]]}}, {"type": "Feature", "properties": {"kind": "line", "id": 123, "name": "None"}, "geometry": {"type": "LineString", "coordinates": [[-119.48867294, 37.1389267086], [-118.938110143, 36.1079091744]]}}, {"type": "Feature", "properties": {"kind": "line", "id": 124, "name": "None"}, "geometry": {"type": "LineString", "coordinates": [[-119.25664109, 37.1479526398], [-119.242972978, 37.2039906492]]}}, {"type": "Feature", "properties": {"kind": "line", "id": 125, "name": "None"}, "geometry": {"type": "LineString", "coordinates": [[-117.922240493, 33.9460914996], [-118.110523225, 34.0368337974]]}}, {"type": "Feature", "properties": {"kind": "line", "id": 126, "name": "None"}, "geometry": {"type": "LineString", "coordinates": [[-117.922240493, 33.9460914996], [-118.105469575, 33.928799779]]}}, {"type": "Feature", "properties": {"kind": "line", "id": 127, "name": "None"}, "geometry": {"type": "LineString", "coordinates": [[-117.922240493, 33.9460914996], [-117.564293793, 34.0079232818]]}}, {"type": "Feature", "properties": {"kind": "line", "id": 128, "name": "None"}, "geometry": {"type": "LineString", "coordinates": [[-117.922240493, 33.9460914996], [-117.949900689, 34.0081629412]]}}, {"type": "Feature", "properties": {"kind": "line", "id": 129, "name": "None"}, "geometry": {"type": "LineString", "coordinates": [[-117.564293793, 34.0079232818], [-117.678574689, 33.9985736745]]}}, {"type": "Feature", "properties": {"kind": "line", "id": 130, "name": "None"}, "geometry": {"type": "LineString", "coordinates": [[-117.98245565, 33.8089294451], [-117.943185004, 33.6852587189]]}}, {"type": "Feature", "properties": {"kind": "line", "id": 131, "name": "Moorpark-Ormond Beach"}, "geometry": {"type": "LineString", "coordinates": [[-118.903006617, 34.2809248226], [-119.168180059, 34.1303167676]]}}, {"type": "Feature", "properties": {"kind": "line", "id": 132, "name": "None"}, "geometry": {"type": "LineString", "coordinates": [[-118.903006617, 34.2809248226], [-118.583056577, 34.4392979387]]}}, {"type": "Feature", "properties": {"kind": "line", "id": 133, "name": "None"}, "geometry": {"type": "LineString", "coordinates": [[-118.243822054, 33.8174481265], [-118.222455159, 33.819021967]]}}, {"type": "Feature", "properties": {"kind": "line", "id": 134, "name": "None"}, "geometry": {"type": "LineString", "coordinates": [[-118.842976065, 34.9351836101], [-118.583056577, 34.4392979387]]}}, {"type": "Feature", "properties": {"kind": "line", "id": 135, "name": "None"}, "geometry": {"type": "LineString", "coordinates": [[-118.842976065, 34.9351836101], [-118.774703941, 34.7764880826]]}}, {"type": "Feature", "properties": {"kind": "line", "id": 136, "name": "None"}, "geometry": {"type": "LineString", "coordinates": [[-118.842976065, 34.9351836101], [-118.843807366, 34.9558724733]]}}, {"type": "Feature", "properties": {"kind": "line", "id": 137, "name": "None"}, "geometry": {"type": "LineString", "coordinates": [[-118.983975126, 35.4514128619], [-119.002370576, 35.4548039988]]}}, {"type": "Feature", "properties": {"kind": "line", "id": 138, "name": "None"}, "geometry": {"type": "LineString", "coordinates": [[-118.983975126, 35.4514128619], [-118.985180358, 35.4522124998]]}}, {"type": "Feature", "properties": {"kind": "line", "id": 139, "name": "None"}, "geometry": {"type": "LineString", "coordinates": [[-117.852786365, 33.7135490623], [-117.943185004, 33.6852587189]]}}, {"type": "Feature", "properties": {"kind": "line", "id": 140, "name": "None"}, "geometry": {"type": "LineString", "coordinates": [[-117.398783738, 35.7000399165], [-117.795858535, 35.6525660077]]}}, {"type": "Feature", "properties": {"kind": "line", "id": 141, "name": "None"}, "geometry": {"type": "LineString", "coordinates": [[-117.647282843, 35.3652723135], [-117.795858535, 35.6525660077]]}}, {"type": "Feature", "properties": {"kind": "line", "id": 142, "name": "None"}, "geometry": {"type": "LineString", "coordinates": [[-118.393799514, 33.852536453], [-118.394261178, 33.8505684109]]}}, {"type": "Feature", "properties": {"kind": "line", "id": 143, "name": "None"}, "geometry": {"type": "LineString", "coordinates": [[-119.166907662, 34.1310094969], [-119.168180059, 34.1303167676]]}}, {"type": "Feature", "properties": {"kind": "line", "id": 144, "name": "None"}, "geometry": {"type": "LineString", "coordinates": [[-117.949900689, 34.0081629412], [-117.944930759, 34.0085048917]]}}, {"type": "Feature", "properties": {"kind": "line", "id": 145, "name": "None"}, "geometry": {"type": "LineString", "coordinates": [[-120.033515845, 36.9831247892], [-120.4073942, 37.2928285436]]}}, {"type": "Feature", "properties": {"kind": "line", "id": 146, "name": "None"}, "geometry": {"type": "LineString", "coordinates": [[-115.501127639, 33.2422477047], [-115.537308654, 32.8021894768]]}}, {"type": "Feature", "properties": {"kind": "line", "id": 147, "name": "None"}, "geometry": {"type": "LineString", "coordinates": [[-115.501127639, 33.2422477047], [-114.680379939, 33.6113526348]]}}, {"type": "Feature", "properties": {"kind": "line", "id": 148, "name": "None"}, "geometry": {"type": "LineString", "coordinates": [[-117.138328719, 32.7848090107], [-117.138458035, 32.7860290045]]}}, {"type": "Feature", "properties": {"kind": "line", "id": 149, "name": "None"}, "geometry": {"type": "LineString", "coordinates": [[-121.93577629, 40.8078940848], [-122.264880112, 40.3977111438]]}}, {"type": "Feature", "properties": {"kind": "line", "id": 150, "name": "None"}, "geometry": {"type": "LineString", "coordinates": [[-117.137217872, 32.7838520758], [-117.138458035, 32.7860290045]]}}, {"type": "Feature", "properties": {"kind": "line", "id": 151, "name": "None"}, "geometry": {"type": "LineString", "coordinates": [[-121.986619149, 37.500904601], [-122.161080377, 37.847902318]]}}, {"type": "Feature", "properties": {"kind": "line", "id": 152, "name": "None"}, "geometry": {"type": "LineString", "coordinates": [[-121.986619149, 37.500904601], [-122.06106745, 37.6913006139]]}}, {"type": "Feature", "properties": {"kind": "line", "id": 153, "name": "Newark - Ravenswood 230kV transmission line"}, "geometry": {"type": "LineString", "coordinates": [[-121.986619149, 37.500904601], [-122.137852273, 37.4928723354]]}}, {"type": "Feature", "properties": {"kind": "line", "id": 154, "name": "None"}, "geometry": {"type": "LineString", "coordinates": [[-121.986619149, 37.500904601], [-121.744163902, 37.2255769192]]}}, {"type": "Feature", "properties": {"kind": "line", "id": 155, "name": "None"}, "geometry": {"type": "LineString", "coordinates": [[-114.680379939, 33.6113526348], [-114.684634649, 33.6162076971]]}}, {"type": "Feature", "properties": {"kind": "line", "id": 156, "name": "None"}, "geometry": {"type": "LineString", "coordinates": [[-114.680379939, 33.6113526348], [-114.277706329, 34.1613648213]]}}, {"type": "Feature", "properties": {"kind": "line", "id": 157, "name": "None"}, "geometry": {"type": "LineString", "coordinates": [[-114.680379939, 33.6113526348], [-114.14213552, 34.29379826]]}}, {"type": "Feature", "properties": {"kind": "line", "id": 158, "name": "None"}, "geometry": {"type": "LineString", "coordinates": [[-114.680379939, 33.6113526348], [-114.88423116, 33.0469625563]]}}, {"type": "Feature", "properties": {"kind": "line", "id": 159, "name": "None"}, "geometry": {"type": "LineString", "coordinates": [[-120.581687506, 36.6534263077], [-120.584161877, 36.6517444579]]}}, {"type": "Feature", "properties": {"kind": "line", "id": 160, "name": "None"}, "geometry": {"type": "LineString", "coordinates": [[-120.581687506, 36.6534263077], [-119.639366677, 36.6106630919]]}}, {"type": "Feature", "properties": {"kind": "line", "id": 161, "name": "None"}, "geometry": {"type": "LineString", "coordinates": [[-120.581687506, 36.6534263077], [-120.126128264, 36.1405189963]]}}, {"type": "Feature", "properties": {"kind": "line", "id": 162, "name": "None"}, "geometry": {"type": "LineString", "coordinates": [[-120.581687506, 36.6534263077], [-119.922582614, 36.844896261]]}}, {"type": "Feature", "properties": {"kind": "line", "id": 163, "name": "None"}, "geometry": {"type": "LineString", "coordinates": [[-120.581687506, 36.6534263077], [-119.917003466, 36.8533029549]]}}, {"type": "Feature", "properties": {"kind": "line", "id": 164, "name": "None"}, "geometry": {"type": "LineString", "coordinates": [[-120.581687506, 36.6534263077], [-121.020769374, 37.0532597201]]}}, {"type": "Feature", "properties": {"kind": "line", "id": 165, "name": "None"}, "geometry": {"type": "LineString", "coordinates": [[-120.581687506, 36.6534263077], [-121.145817697, 36.2651878227]]}}, {"type": "Feature", "properties": {"kind": "line", "id": 166, "name": "None"}, "geometry": {"type": "LineString", "coordinates": [[-122.581229296, 38.2509071497], [-122.540361302, 38.0767756393]]}}, {"type": "Feature", "properties": {"kind": "line", "id": 167, "name": "None"}, "geometry": {"type": "LineString", "coordinates": [[-122.581229296, 38.2509071497], [-122.208330032, 37.905469821]]}}, {"type": "Feature", "properties": {"kind": "line", "id": 168, "name": "None"}, "geometry": {"type": "LineString", "coordinates": [[-122.581229296, 38.2509071497], [-122.593337203, 38.4288558105]]}}, {"type": "Feature", "properties": {"kind": "line", "id": 169, "name": "None"}, "geometry": {"type": "LineString", "coordinates": [[-122.581229296, 38.2509071497], [-122.760693681, 38.4976691447]]}}, {"type": "Feature", "properties": {"kind": "line", "id": 170, "name": "None"}, "geometry": {"type": "LineString", "coordinates": [[-122.581229296, 38.2509071497], [-122.267961084, 38.2478242607]]}}, {"type": "Feature", "properties": {"kind": "line", "id": 171, "name": "None"}, "geometry": {"type": "LineString", "coordinates": [[-122.581229296, 38.2509071497], [-121.920914419, 38.400962337]]}}, {"type": "Feature", "properties": {"kind": "line", "id": 172, "name": "Talega-Escondido"}, "geometry": {"type": "LineString", "coordinates": [[-117.116730062, 33.125759821], [-117.571463427, 33.4531559983]]}}, {"type": "Feature", "properties": {"kind": "line", "id": 173, "name": "None"}, "geometry": {"type": "LineString", "coordinates": [[-122.117131395, 37.6248092963], [-122.134102215, 37.6352111369]]}}, {"type": "Feature", "properties": {"kind": "line", "id": 174, "name": "None"}, "geometry": {"type": "LineString", "coordinates": [[-122.117131395, 37.6248092963], [-122.161080377, 37.847902318]]}}, {"type": "Feature", "properties": {"kind": "line", "id": 175, "name": "None"}, "geometry": {"type": "LineString", "coordinates": [[-122.117131395, 37.6248092963], [-121.761902961, 38.0159093046]]}}, {"type": "Feature", "properties": {"kind": "line", "id": 176, "name": "None"}, "geometry": {"type": "LineString", "coordinates": [[-122.117131395, 37.6248092963], [-121.894404758, 38.0380684067]]}}, {"type": "Feature", "properties": {"kind": "line", "id": 177, "name": "None"}, "geometry": {"type": "LineString", "coordinates": [[-122.117131395, 37.6248092963], [-122.318980367, 37.5828128994]]}}, {"type": "Feature", "properties": {"kind": "line", "id": 178, "name": "None"}, "geometry": {"type": "LineString", "coordinates": [[-114.103946669, 34.2883981048], [-114.141403566, 34.290968092]]}}, {"type": "Feature", "properties": {"kind": "line", "id": 179, "name": "None"}, "geometry": {"type": "LineString", "coordinates": [[-122.075594854, 37.3262657624], [-122.015254194, 37.2809862192]]}}, {"type": "Feature", "properties": {"kind": "line", "id": 180, "name": "None"}, "geometry": {"type": "LineString", "coordinates": [[-121.497947513, 40.9912228981], [-122.264880112, 40.3977111438]]}}, {"type": "Feature", "properties": {"kind": "line", "id": 181, "name": "None"}, "geometry": {"type": "LineString", "coordinates": [[-122.264880112, 40.3977111438], [-122.381718781, 40.3831912585]]}}, {"type": "Feature", "properties": {"kind": "line", "id": 182, "name": "None"}, "geometry": {"type": "LineString", "coordinates": [[-122.264880112, 40.3977111438], [-122.142755437, 39.7778127195]]}}, {"type": "Feature", "properties": {"kind": "line", "id": 183, "name": "None"}, "geometry": {"type": "LineString", "coordinates": [[-122.264880112, 40.3977111438], [-122.269317648, 39.3684080427]]}}, {"type": "Feature", "properties": {"kind": "line", "id": 184, "name": "None"}, "geometry": {"type": "LineString", "coordinates": [[-122.264880112, 40.3977111438], [-122.262994447, 39.5395165015]]}}, {"type": "Feature", "properties": {"kind": "line", "id": 185, "name": "None"}, "geometry": {"type": "LineString", "coordinates": [[-122.264880112, 40.3977111438], [-121.264298885, 38.7617030123]]}}, {"type": "Feature", "properties": {"kind": "line", "id": 186, "name": "None"}, "geometry": {"type": "LineString", "coordinates": [[-122.264880112, 40.3977111438], [-122.315844119, 40.5193481033]]}}, {"type": "Feature", "properties": {"kind": "line", "id": 187, "name": "None"}, "geometry": {"type": "LineString", "coordinates": [[-122.264880112, 40.3977111438], [-122.444130053, 40.6097873422]]}}, {"type": "Feature", "properties": {"kind": "line", "id": 188, "name": "None"}, "geometry": {"type": "LineString", "coordinates": [[-117.192386073, 32.7660690131], [-117.138458035, 32.7860290045]]}}, {"type": "Feature", "properties": {"kind": "line", "id": 189, "name": "None"}, "geometry": {"type": "LineString", "coordinates": [[-117.192386073, 32.7660690131], [-117.219128725, 32.9180622994]]}}, {"type": "Feature", "properties": {"kind": "line", "id": 190, "name": "None"}, "geometry": {"type": "LineString", "coordinates": [[-121.230905647, 37.5160168076], [-121.068937177, 37.1199464951]]}}, {"type": "Feature", "properties": {"kind": "line", "id": 191, "name": "None"}, "geometry": {"type": "LineString", "coordinates": [[-121.230905647, 37.5160168076], [-121.564972065, 37.712153724]]}}, {"type": "Feature", "properties": {"kind": "line", "id": 192, "name": "None"}, "geometry": {"type": "LineString", "coordinates": [[-121.230905647, 37.5160168076], [-120.906325073, 37.4898966324]]}}, {"type": "Feature", "properties": {"kind": "line", "id": 193, "name": "None"}, "geometry": {"type": "LineString", "coordinates": [[-121.230905647, 37.5160168076], [-120.917325593, 37.6682663397]]}}, {"type": "Feature", "properties": {"kind": "line", "id": 194, "name": "None"}, "geometry": {"type": "LineString", "coordinates": [[-121.230905647, 37.5160168076], [-121.043099944, 37.6424424292]]}}, {"type": "Feature", "properties": {"kind": "line", "id": 195, "name": "None"}, "geometry": {"type": "LineString", "coordinates": [[-121.644797095, 39.5551279142], [-121.486206311, 39.5327077484]]}}, {"type": "Feature", "properties": {"kind": "line", "id": 196, "name": "None"}, "geometry": {"type": "LineString", "coordinates": [[-121.644797095, 39.5551279142], [-121.466792378, 38.9351996724]]}}, {"type": "Feature", "properties": {"kind": "line", "id": 197, "name": "None"}, "geometry": {"type": "LineString", "coordinates": [[-121.644797095, 39.5551279142], [-121.517795662, 39.45417422]]}}, {"type": "Feature", "properties": {"kind": "line", "id": 198, "name": "None"}, "geometry": {"type": "LineString", "coordinates": [[-120.322522579, 35.8699688539], [-120.855611429, 35.3738598793]]}}, {"type": "Feature", "properties": {"kind": "line", "id": 199, "name": "None"}, "geometry": {"type": "LineString", "coordinates": [[-120.322522579, 35.8699688539], [-120.126128264, 36.1405189963]]}}, {"type": "Feature", "properties": {"kind": "line", "id": 200, "name": "None"}, "geometry": {"type": "LineString", "coordinates": [[-120.322522579, 35.8699688539], [-120.321548666, 35.8716265309]]}}, {"type": "Feature", "properties": {"kind": "line", "id": 201, "name": "None"}, "geometry": {"type": "LineString", "coordinates": [[-118.347488997, 34.0881431881], [-118.254400872, 34.1094327146]]}}, {"type": "Feature", "properties": {"kind": "line", "id": 202, "name": "None"}, "geometry": {"type": "LineString", "coordinates": [[-118.347488997, 34.0881431881], [-118.359699966, 34.1760403852]]}}, {"type": "Feature", "properties": {"kind": "line", "id": 203, "name": "None"}, "geometry": {"type": "LineString", "coordinates": [[-114.705067126, 32.7277497473], [-114.748643021, 32.7603613438]]}}, {"type": "Feature", "properties": {"kind": "line", "id": 204, "name": "None"}, "geometry": {"type": "LineString", "coordinates": [[-122.381718781, 40.3831912585], [-121.723120918, 39.0239329971]]}}, {"type": "Feature", "properties": {"kind": "line", "id": 205, "name": "None"}, "geometry": {"type": "LineString", "coordinates": [[-122.75520806, 38.7787486821], [-122.583803382, 38.4428002138]]}}, {"type": "Feature", "properties": {"kind": "line", "id": 206, "name": "None"}, "geometry": {"type": "LineString", "coordinates": [[-121.602602344, 37.7966374995], [-121.761902961, 38.0159093046]]}}, {"type": "Feature", "properties": {"kind": "line", "id": 207, "name": "None"}, "geometry": {"type": "LineString", "coordinates": [[-117.334503581, 33.2114268548], [-117.138458035, 32.7860290045]]}}, {"type": "Feature", "properties": {"kind": "line", "id": 208, "name": "None"}, "geometry": {"type": "LineString", "coordinates": [[-121.417996374, 38.5872858892], [-121.486385741, 38.6503019094]]}}, {"type": "Feature", "properties": {"kind": "line", "id": 209, "name": "None"}, "geometry": {"type": "LineString", "coordinates": [[-121.417996374, 38.5872858892], [-121.479219529, 38.7137780801]]}}, {"type": "Feature", "properties": {"kind": "line", "id": 210, "name": "-Hurley-Tracy"}, "geometry": {"type": "LineString", "coordinates": [[-121.417996374, 38.5872858892], [-121.580220303, 37.7978290342]]}}, {"type": "Feature", "properties": {"kind": "line", "id": 211, "name": "None"}, "geometry": {"type": "LineString", "coordinates": [[-121.417996374, 38.5872858892], [-121.383583992, 38.6372921123]]}}, {"type": "Feature", "properties": {"kind": "line", "id": 212, "name": "None"}, "geometry": {"type": "LineString", "coordinates": [[-114.14213552, 34.29379826], [-114.277706329, 34.1613648213]]}}, {"type": "Feature", "properties": {"kind": "line", "id": 213, "name": "None"}, "geometry": {"type": "LineString", "coordinates": [[-114.14213552, 34.29379826], [-114.141403566, 34.290968092]]}}, {"type": "Feature", "properties": {"kind": "line", "id": 214, "name": "None"}, "geometry": {"type": "LineString", "coordinates": [[-120.060447156, 35.3821700971], [-120.059416409, 35.3716229092]]}}, {"type": "Feature", "properties": {"kind": "line", "id": 215, "name": "None"}, "geometry": {"type": "LineString", "coordinates": [[-118.488359073, 34.0681808682], [-118.459996913, 34.0331934671]]}}, {"type": "Feature", "properties": {"kind": "line", "id": 216, "name": "None"}, "geometry": {"type": "LineString", "coordinates": [[-114.141403566, 34.290968092], [-114.211387445, 34.417119443]]}}, {"type": "Feature", "properties": {"kind": "line", "id": 217, "name": "None"}, "geometry": {"type": "LineString", "coordinates": [[-115.121912774, 34.1491801792], [-115.121492466, 34.1503735968]]}}, {"type": "Feature", "properties": {"kind": "line", "id": 218, "name": "None"}, "geometry": {"type": "LineString", "coordinates": [[-115.121912774, 34.1491801792], [-115.451041641, 33.8096309936]]}}, {"type": "Feature", "properties": {"kind": "line", "id": 219, "name": "None"}, "geometry": {"type": "LineString", "coordinates": [[-120.536564229, 37.9446769243], [-120.802414543, 37.7417291481]]}}, {"type": "Feature", "properties": {"kind": "line", "id": 220, "name": "None"}, "geometry": {"type": "LineString", "coordinates": [[-119.639366677, 36.6106630919], [-119.088223983, 36.9087765976]]}}, {"type": "Feature", "properties": {"kind": "line", "id": 221, "name": "None"}, "geometry": {"type": "LineString", "coordinates": [[-118.583056577, 34.4392979387], [-118.119285065, 34.4862732219]]}}, {"type": "Feature", "properties": {"kind": "line", "id": 222, "name": "None"}, "geometry": {"type": "LineString", "coordinates": [[-118.583056577, 34.4392979387], [-118.29792944, 34.6860482734]]}}, {"type": "Feature", "properties": {"kind": "line", "id": 223, "name": "None"}, "geometry": {"type": "LineString", "coordinates": [[-121.355314137, 38.5085913845], [-121.207954114, 38.5531398817]]}}, {"type": "Feature", "properties": {"kind": "line", "id": 224, "name": "None"}, "geometry": {"type": "LineString", "coordinates": [[-121.355314137, 38.5085913845], [-121.353290144, 38.3729863136]]}}, {"type": "Feature", "properties": {"kind": "line", "id": 225, "name": "None"}, "geometry": {"type": "LineString", "coordinates": [[-121.355314137, 38.5085913845], [-121.400026982, 38.5316865526]]}}, {"type": "Feature", "properties": {"kind": "line", "id": 226, "name": "None"}, "geometry": {"type": "LineString", "coordinates": [[-121.355314137, 38.5085913845], [-121.470084321, 38.4895282554]]}}, {"type": "Feature", "properties": {"kind": "line", "id": 227, "name": "None"}, "geometry": {"type": "LineString", "coordinates": [[-121.355314137, 38.5085913845], [-121.475054022, 38.5110510062]]}}, {"type": "Feature", "properties": {"kind": "line", "id": 228, "name": "None"}, "geometry": {"type": "LineString", "coordinates": [[-121.466792378, 38.9351996724], [-121.40778007, 38.5481862484]]}}, {"type": "Feature", "properties": {"kind": "line", "id": 229, "name": "None"}, "geometry": {"type": "LineString", "coordinates": [[-121.466792378, 38.9351996724], [-121.263891902, 38.763453352]]}}, {"type": "Feature", "properties": {"kind": "line", "id": 230, "name": "None"}, "geometry": {"type": "LineString", "coordinates": [[-121.466792378, 38.9351996724], [-121.136832824, 38.657557426]]}}, {"type": "Feature", "properties": {"kind": "line", "id": 231, "name": "None"}, "geometry": {"type": "LineString", "coordinates": [[-121.466792378, 38.9351996724], [-121.249439426, 40.0074857398]]}}, {"type": "Feature", "properties": {"kind": "line", "id": 232, "name": "None"}, "geometry": {"type": "LineString", "coordinates": [[-120.851246644, 35.216007797], [-120.855611429, 35.3738598793]]}}, {"type": "Feature", "properties": {"kind": "line", "id": 233, "name": "None"}, "geometry": {"type": "LineString", "coordinates": [[-120.851246644, 35.216007797], [-120.850840856, 35.2119091951]]}}, {"type": "Feature", "properties": {"kind": "line", "id": 234, "name": "None"}, "geometry": {"type": "LineString", "coordinates": [[-121.123777688, 38.3442192446], [-121.124257949, 38.3378185591]]}}, {"type": "Feature", "properties": {"kind": "line", "id": 235, "name": "None"}, "geometry": {"type": "LineString", "coordinates": [[-121.123777688, 38.3442192446], [-121.353290144, 38.3729863136]]}}, {"type": "Feature", "properties": {"kind": "line", "id": 236, "name": "None"}, "geometry": {"type": "LineString", "coordinates": [[-121.123777688, 38.3442192446], [-121.013773315, 38.0155404018]]}}, {"type": "Feature", "properties": {"kind": "line", "id": 237, "name": "None"}, "geometry": {"type": "LineString", "coordinates": [[-121.123777688, 38.3442192446], [-121.470084321, 38.4895282554]]}}, {"type": "Feature", "properties": {"kind": "line", "id": 238, "name": "None"}, "geometry": {"type": "LineString", "coordinates": [[-120.855611429, 35.3738598793], [-120.059416409, 35.3716229092]]}}, {"type": "Feature", "properties": {"kind": "line", "id": 239, "name": "None"}, "geometry": {"type": "LineString", "coordinates": [[-117.980504259, 34.1051612941], [-118.119285065, 34.4862732219]]}}, {"type": "Feature", "properties": {"kind": "line", "id": 240, "name": "None"}, "geometry": {"type": "LineString", "coordinates": [[-122.822297453, 42.3464626691], [-122.361405043, 41.9768524422]]}}, {"type": "Feature", "properties": {"kind": "line", "id": 241, "name": "None"}, "geometry": {"type": "LineString", "coordinates": [[-121.068937177, 37.1199464951], [-121.020769374, 37.0532597201]]}}, {"type": "Feature", "properties": {"kind": "line", "id": 242, "name": "None"}, "geometry": {"type": "LineString", "coordinates": [[-122.625376839, 40.6459554923], [-122.444130053, 40.6097873422]]}}, {"type": "Feature", "properties": {"kind": "line", "id": 243, "name": "None"}, "geometry": {"type": "LineString", "coordinates": [[-122.625376839, 40.6459554923], [-122.767447263, 40.7921453764]]}}, {"type": "Feature", "properties": {"kind": "line", "id": 244, "name": "None"}, "geometry": {"type": "LineString", "coordinates": [[-122.361405043, 41.9768524422], [-122.071609212, 42.0937684596]]}}, {"type": "Feature", "properties": {"kind": "line", "id": 245, "name": "None"}, "geometry": {"type": "LineString", "coordinates": [[-121.746549903, 37.22137299], [-121.744163902, 37.2255769192]]}}, {"type": "Feature", "properties": {"kind": "line", "id": 246, "name": "None"}, "geometry": {"type": "LineString", "coordinates": [[-121.746549903, 37.22137299], [-121.746114175, 37.2204576695]]}}, {"type": "Feature", "properties": {"kind": "line", "id": 247, "name": "None"}, "geometry": {"type": "LineString", "coordinates": [[-114.88423116, 33.0469625563], [-114.748643021, 32.7603613438]]}}, {"type": "Feature", "properties": {"kind": "line", "id": 248, "name": "None"}, "geometry": {"type": "LineString", "coordinates": [[-119.917003466, 36.8533029549], [-118.963768916, 37.0391448965]]}}, {"type": "Feature", "properties": {"kind": "line", "id": 249, "name": "Ravenswood - San Mateo 230kV transmission line"}, "geometry": {"type": "LineString", "coordinates": [[-122.137852273, 37.4928723354], [-122.318980367, 37.5828128994]]}}, {"type": "Feature", "properties": {"kind": "line", "id": 250, "name": "None"}, "geometry": {"type": "LineString", "coordinates": [[-114.748643021, 32.7603613438], [-114.469596224, 32.6842021872]]}}, {"type": "Feature", "properties": {"kind": "line", "id": 251, "name": "None"}, "geometry": {"type": "LineString", "coordinates": [[-121.900878285, 37.2336890809], [-121.966197861, 37.2538357608]]}}, {"type": "Feature", "properties": {"kind": "line", "id": 252, "name": "None"}, "geometry": {"type": "LineString", "coordinates": [[-121.900878285, 37.2336890809], [-121.744163902, 37.2255769192]]}}, {"type": "Feature", "properties": {"kind": "line", "id": 253, "name": "None"}, "geometry": {"type": "LineString", "coordinates": [[-115.676486838, 32.5968841676], [-115.667422386, 32.6510181244]]}}, {"type": "Feature", "properties": {"kind": "line", "id": 254, "name": "None"}, "geometry": {"type": "LineString", "coordinates": [[-115.676486838, 32.5968841676], [-115.71569919, 32.7177012317]]}}, {"type": "Feature", "properties": {"kind": "line", "id": 255, "name": "None"}, "geometry": {"type": "LineString", "coordinates": [[-118.203873115, 34.0152031609], [-118.226120067, 34.0670393067]]}}, {"type": "Feature", "properties": {"kind": "line", "id": 256, "name": "None"}, "geometry": {"type": "LineString", "coordinates": [[-118.203873115, 34.0152031609], [-118.254400872, 34.1094327146]]}}, {"type": "Feature", "properties": {"kind": "line", "id": 257, "name": "None"}, "geometry": {"type": "LineString", "coordinates": [[-121.264298885, 38.7617030123], [-121.479219529, 38.7137780801]]}}, {"type": "Feature", "properties": {"kind": "line", "id": 258, "name": "None"}, "geometry": {"type": "LineString", "coordinates": [[-121.264298885, 38.7617030123], [-121.357100737, 38.7628103516]]}}, {"type": "Feature", "properties": {"kind": "line", "id": 259, "name": "None"}, "geometry": {"type": "LineString", "coordinates": [[-121.264298885, 38.7617030123], [-121.161059669, 38.7074716056]]}}, {"type": "Feature", "properties": {"kind": "line", "id": 260, "name": "None"}, "geometry": {"type": "LineString", "coordinates": [[-121.40778007, 38.5481862484], [-121.013773315, 38.0155404018]]}}, {"type": "Feature", "properties": {"kind": "line", "id": 261, "name": "None"}, "geometry": {"type": "LineString", "coordinates": [[-120.298837391, 37.8094228173], [-120.802414543, 37.7417291481]]}}, {"type": "Feature", "properties": {"kind": "line", "id": 262, "name": "None"}, "geometry": {"type": "LineString", "coordinates": [[-121.651418772, 36.6819806465], [-121.778210827, 36.8054415162]]}}, {"type": "Feature", "properties": {"kind": "line", "id": 263, "name": "None"}, "geometry": {"type": "LineString", "coordinates": [[-117.348232024, 35.0266316484], [-117.542386598, 34.9894869437]]}}, {"type": "Feature", "properties": {"kind": "line", "id": 264, "name": "None"}, "geometry": {"type": "LineString", "coordinates": [[-117.348232024, 35.0266316484], [-117.347834355, 35.0322824803]]}}, {"type": "Feature", "properties": {"kind": "line", "id": 265, "name": "None"}, "geometry": {"type": "LineString", "coordinates": [[-120.826374629, 37.7726429942], [-121.013773315, 38.0155404018]]}}, {"type": "Feature", "properties": {"kind": "line", "id": 266, "name": "None"}, "geometry": {"type": "LineString", "coordinates": [[-121.918120754, 38.4052973611], [-121.920914419, 38.400962337]]}}, {"type": "Feature", "properties": {"kind": "line", "id": 267, "name": "None"}, "geometry": {"type": "LineString", "coordinates": [[-121.922641474, 38.4033070962], [-121.920914419, 38.400962337]]}}, {"type": "Feature", "properties": {"kind": "line", "id": 268, "name": "None"}, "geometry": {"type": "LineString", "coordinates": [[-121.920914419, 38.400962337], [-122.269317648, 39.3684080427]]}}, {"type": "Feature", "properties": {"kind": "line", "id": 269, "name": "None"}, "geometry": {"type": "LineString", "coordinates": [[-121.920914419, 38.400962337], [-121.970504835, 38.2854362441]]}}, {"type": "Feature", "properties": {"kind": "line", "id": 270, "name": "None"}, "geometry": {"type": "LineString", "coordinates": [[-121.920914419, 38.400962337], [-122.209061027, 38.1381269433]]}}, {"type": "Feature", "properties": {"kind": "line", "id": 271, "name": "None"}, "geometry": {"type": "LineString", "coordinates": [[-121.920914419, 38.400962337], [-122.223262005, 39.1205661542]]}}, {"type": "Feature", "properties": {"kind": "line", "id": 272, "name": "None"}, "geometry": {"type": "LineString", "coordinates": [[-121.161059669, 38.7074716056], [-121.132089473, 38.6571199091]]}}, {"type": "Feature", "properties": {"kind": "line", "id": 273, "name": "None"}, "geometry": {"type": "LineString", "coordinates": [[-121.161059669, 38.7074716056], [-120.787031144, 38.7650986808]]}}, {"type": "Feature", "properties": {"kind": "line", "id": 274, "name": "None"}, "geometry": {"type": "LineString", "coordinates": [[-121.161059669, 38.7074716056], [-121.207954114, 38.5531398817]]}}, {"type": "Feature", "properties": {"kind": "line", "id": 275, "name": "None"}, "geometry": {"type": "LineString", "coordinates": [[-121.161059669, 38.7074716056], [-121.136832824, 38.657557426]]}}, {"type": "Feature", "properties": {"kind": "line", "id": 276, "name": "None"}, "geometry": {"type": "LineString", "coordinates": [[-121.161059669, 38.7074716056], [-120.621991193, 38.7956177514]]}}, {"type": "Feature", "properties": {"kind": "line", "id": 277, "name": "None"}, "geometry": {"type": "LineString", "coordinates": [[-121.161059669, 38.7074716056], [-120.531868349, 38.8341150602]]}}, {"type": "Feature", "properties": {"kind": "line", "id": 278, "name": "None"}, "geometry": {"type": "LineString", "coordinates": [[-121.161059669, 38.7074716056], [-120.442825212, 38.8634924741]]}}, {"type": "Feature", "properties": {"kind": "line", "id": 279, "name": "None"}, "geometry": {"type": "LineString", "coordinates": [[-117.137778004, 32.7849332467], [-117.138458035, 32.7860290045]]}}, {"type": "Feature", "properties": {"kind": "line", "id": 280, "name": "None"}, "geometry": {"type": "LineString", "coordinates": [[-121.895826576, 38.036782621], [-121.894404758, 38.0380684067]]}}, {"type": "Feature", "properties": {"kind": "line", "id": 281, "name": "None"}, "geometry": {"type": "LineString", "coordinates": [[-121.348456312, 37.9922063917], [-121.564972065, 37.712153724]]}}, {"type": "Feature", "properties": {"kind": "line", "id": 282, "name": "None"}, "geometry": {"type": "LineString", "coordinates": [[-121.020769374, 37.0532597201], [-121.075421809, 37.0666512395]]}}, {"type": "Feature", "properties": {"kind": "line", "id": 283, "name": "None"}, "geometry": {"type": "LineString", "coordinates": [[-121.486385741, 38.6503019094], [-121.723120918, 39.0239329971]]}}, {"type": "Feature", "properties": {"kind": "line", "id": 284, "name": "None"}, "geometry": {"type": "LineString", "coordinates": [[-121.486385741, 38.6503019094], [-121.477470098, 38.7134290128]]}}, {"type": "Feature", "properties": {"kind": "line", "id": 285, "name": "None"}, "geometry": {"type": "LineString", "coordinates": [[-115.121492466, 34.1503735968], [-114.834686485, 35.9278066976]]}}, {"type": "Feature", "properties": {"kind": "line", "id": 286, "name": "None"}, "geometry": {"type": "LineString", "coordinates": [[-122.810164504, 38.828974673], [-122.768143128, 38.834844864]]}}, {"type": "Feature", "properties": {"kind": "line", "id": 287, "name": "None"}, "geometry": {"type": "LineString", "coordinates": [[-122.421194922, 40.7151054187], [-122.425120313, 40.6789874524]]}}, {"type": "Feature", "properties": {"kind": "line", "id": 288, "name": "None"}, "geometry": {"type": "LineString", "coordinates": [[-121.966197861, 37.2538357608], [-122.015254194, 37.2809862192]]}}, {"type": "Feature", "properties": {"kind": "line", "id": 289, "name": "None"}, "geometry": {"type": "LineString", "coordinates": [[-121.580220303, 37.7978290342], [-121.564972065, 37.712153724]]}}, {"type": "Feature", "properties": {"kind": "line", "id": 290, "name": "None"}, "geometry": {"type": "LineString", "coordinates": [[-121.580220303, 37.7978290342], [-121.695189624, 37.6934346297]]}}, {"type": "Feature", "properties": {"kind": "line", "id": 291, "name": "None"}, "geometry": {"type": "LineString", "coordinates": [[-122.425120313, 40.6789874524], [-122.444130053, 40.6097873422]]}}, {"type": "Feature", "properties": {"kind": "line", "id": 292, "name": "None"}, "geometry": {"type": "LineString", "coordinates": [[-115.629281425, 32.6013818312], [-115.71569919, 32.7177012317]]}}, {"type": "Feature", "properties": {"kind": "line", "id": 293, "name": "None"}, "geometry": {"type": "LineString", "coordinates": [[-122.711689624, 38.7488272754], [-122.719643165, 38.7522626449]]}}, {"type": "Feature", "properties": {"kind": "line", "id": 294, "name": "None"}, "geometry": {"type": "LineString", "coordinates": [[-121.90770227, 37.8000348202], [-121.936415702, 37.7447174019]]}}, {"type": "Feature", "properties": {"kind": "line", "id": 295, "name": "None"}, "geometry": {"type": "LineString", "coordinates": [[-121.90770227, 37.8000348202], [-121.894404758, 38.0380684067]]}}, {"type": "Feature", "properties": {"kind": "line", "id": 296, "name": "None"}, "geometry": {"type": "LineString", "coordinates": [[-122.593337203, 38.4288558105], [-122.583803382, 38.4428002138]]}}, {"type": "Feature", "properties": {"kind": "line", "id": 297, "name": "None"}, "geometry": {"type": "LineString", "coordinates": [[-114.966757552, 34.8448897121], [-114.171232477, 34.2911947865]]}}, {"type": "Feature", "properties": {"kind": "line", "id": 298, "name": "None"}, "geometry": {"type": "LineString", "coordinates": [[-114.966757552, 34.8448897121], [-114.834686485, 35.9278066976]]}}, {"type": "Feature", "properties": {"kind": "line", "id": 299, "name": "-Pittsburg - Sobrante 230kV transmission line"}, "geometry": {"type": "LineString", "coordinates": [[-122.208330032, 37.905469821], [-121.894404758, 38.0380684067]]}}, {"type": "Feature", "properties": {"kind": "line", "id": 300, "name": "None"}, "geometry": {"type": "LineString", "coordinates": [[-115.453850484, 33.8108103267], [-115.451041641, 33.8096309936]]}}, {"type": "Feature", "properties": {"kind": "line", "id": 301, "name": "None"}, "geometry": {"type": "LineString", "coordinates": [[-115.451041641, 33.8096309936], [-115.626766257, 33.7055403834]]}}, {"type": "Feature", "properties": {"kind": "line", "id": 302, "name": "None"}, "geometry": {"type": "LineString", "coordinates": [[-115.626566888, 33.7045441472], [-115.626766257, 33.7055403834]]}}, {"type": "Feature", "properties": {"kind": "line", "id": 303, "name": "None"}, "geometry": {"type": "LineString", "coordinates": [[-115.626566888, 33.7045441472], [-114.684634649, 33.6162076971]]}}, {"type": "Feature", "properties": {"kind": "line", "id": 304, "name": "None"}, "geometry": {"type": "LineString", "coordinates": [[-115.691796709, 32.6483918907], [-115.8837762, 32.6145780082]]}}, {"type": "Feature", "properties": {"kind": "line", "id": 305, "name": "None"}, "geometry": {"type": "LineString", "coordinates": [[-121.013773315, 38.0155404018], [-120.381405221, 38.1445483299]]}}, {"type": "Feature", "properties": {"kind": "line", "id": 306, "name": "None"}, "geometry": {"type": "LineString", "coordinates": [[-121.013773315, 38.0155404018], [-120.763975494, 38.2165771367]]}}, {"type": "Feature", "properties": {"kind": "line", "id": 307, "name": "None"}, "geometry": {"type": "LineString", "coordinates": [[-121.660931556, 37.8212117423], [-121.894404758, 38.0380684067]]}}, {"type": "Feature", "properties": {"kind": "line", "id": 308, "name": "None"}, "geometry": {"type": "LineString", "coordinates": [[-119.916832655, 35.3791021781], [-119.452497199, 35.4033459088]]}}, {"type": "Feature", "properties": {"kind": "line", "id": 309, "name": "None"}, "geometry": {"type": "LineString", "coordinates": [[-119.916832655, 35.3791021781], [-120.059416409, 35.3716229092]]}}, {"type": "Feature", "properties": {"kind": "line", "id": 310, "name": "None"}, "geometry": {"type": "LineString", "coordinates": [[-118.359699966, 34.1760403852], [-118.391616221, 34.2432745683]]}}, {"type": "Feature", "properties": {"kind": "line", "id": 311, "name": "None"}, "geometry": {"type": "LineString", "coordinates": [[-121.760304452, 36.9520419578], [-121.778210827, 36.8054415162]]}}, {"type": "Feature", "properties": {"kind": "line", "id": 312, "name": "None"}, "geometry": {"type": "LineString", "coordinates": [[-117.030972366, 32.9171955491], [-116.984419687, 32.6794881671]]}}, {"type": "Feature", "properties": {"kind": "line", "id": 313, "name": "None"}, "geometry": {"type": "LineString", "coordinates": [[-117.030972366, 32.9171955491], [-117.138458035, 32.7860290045]]}}, {"type": "Feature", "properties": {"kind": "line", "id": 314, "name": "None"}, "geometry": {"type": "LineString", "coordinates": [[-117.030972366, 32.9171955491], [-117.117416029, 33.1193836982]]}}, {"type": "Feature", "properties": {"kind": "line", "id": 315, "name": "None"}, "geometry": {"type": "LineString", "coordinates": [[-121.26628828, 38.6848547952], [-121.477470098, 38.7134290128]]}}, {"type": "Feature", "properties": {"kind": "line", "id": 316, "name": "None"}, "geometry": {"type": "LineString", "coordinates": [[-121.26628828, 38.6848547952], [-121.347354472, 38.6933851828]]}}, {"type": "Feature", "properties": {"kind": "line", "id": 317, "name": "None"}, "geometry": {"type": "LineString", "coordinates": [[-121.479219529, 38.7137780801], [-121.723120918, 39.0239329971]]}}, {"type": "Feature", "properties": {"kind": "line", "id": 318, "name": "None"}, "geometry": {"type": "LineString", "coordinates": [[-121.075421809, 37.0666512395], [-121.077422872, 37.0690739243]]}}, {"type": "Feature", "properties": {"kind": "line", "id": 319, "name": "None"}, "geometry": {"type": "LineString", "coordinates": [[-119.452497199, 35.4033459088], [-120.126128264, 36.1405189963]]}}, {"type": "Feature", "properties": {"kind": "line", "id": 320, "name": "None"}, "geometry": {"type": "LineString", "coordinates": [[-121.723120918, 39.0239329971], [-121.696677377, 39.0526958086]]}}, {"type": "Feature", "properties": {"kind": "line", "id": 321, "name": "None"}, "geometry": {"type": "LineString", "coordinates": [[-121.762155471, 38.0151615486], [-121.761902961, 38.0159093046]]}}, {"type": "Feature", "properties": {"kind": "line", "id": 322, "name": "None"}, "geometry": {"type": "LineString", "coordinates": [[-118.359699966, 34.1760403852], [-117.438030061, 34.5513881431]]}}, {"type": "Feature", "properties": {"kind": "line", "id": 323, "name": "Path 26"}, "geometry": {"type": "LineString", "coordinates": [[-118.29792944, 34.6860482734], [-118.437176928, 34.8580303411]]}}, {"type": "Feature", "properties": {"kind": "line", "id": 324, "name": "-Path 26"}, "geometry": {"type": "LineString", "coordinates": [[-118.29792944, 34.6860482734], [-118.119285065, 34.4862732219]]}}, {"type": "Feature", "properties": {"kind": "line", "id": 325, "name": "None"}, "geometry": {"type": "LineString", "coordinates": [[-118.29792944, 34.6860482734], [-118.280866058, 35.0349962638]]}}, {"type": "Feature", "properties": {"kind": "line", "id": 326, "name": "None"}, "geometry": {"type": "LineString", "coordinates": [[-117.322193106, 34.5635409979], [-117.438030061, 34.5513881431]]}}, {"type": "Feature", "properties": {"kind": "line", "id": 327, "name": "None"}, "geometry": {"type": "LineString", "coordinates": [[-117.322193106, 34.5635409979], [-117.368717116, 34.365830408]]}}, {"type": "Feature", "properties": {"kind": "line", "id": 328, "name": "None"}, "geometry": {"type": "LineString", "coordinates": [[-117.533620237, 34.0879870341], [-117.564293793, 34.0079232818]]}}, {"type": "Feature", "properties": {"kind": "line", "id": 329, "name": "None"}, "geometry": {"type": "LineString", "coordinates": [[-117.533620237, 34.0879870341], [-117.368717116, 34.365830408]]}}, {"type": "Feature", "properties": {"kind": "line", "id": 330, "name": "Path 66"}, "geometry": {"type": "LineString", "coordinates": [[-121.93577629, 40.8078940848], [-121.644797095, 39.5551279142]]}}, {"type": "Feature", "properties": {"kind": "line", "id": 331, "name": "Path 66"}, "geometry": {"type": "LineString", "coordinates": [[-121.93577629, 40.8078940848], [-121.316627397, 42.0064537905]]}}, {"type": "Feature", "properties": {"kind": "line", "id": 332, "name": "Path 15"}, "geometry": {"type": "LineString", "coordinates": [[-121.020769374, 37.0532597201], [-120.126128264, 36.1405189963]]}}, {"type": "Feature", "properties": {"kind": "line", "id": 333, "name": "-Path 15"}, "geometry": {"type": "LineString", "coordinates": [[-121.020769374, 37.0532597201], [-121.580220303, 37.7978290342]]}}, {"type": "Feature", "properties": {"kind": "line", "id": 334, "name": "-Path 15"}, "geometry": {"type": "LineString", "coordinates": [[-121.020769374, 37.0532597201], [-121.564972065, 37.712153724]]}}, {"type": "Feature", "properties": {"kind": "line", "id": 335, "name": "Path 15 Connector"}, "geometry": {"type": "LineString", "coordinates": [[-121.020769374, 37.0532597201], [-121.778210827, 36.8054415162]]}}, {"type": "Feature", "properties": {"kind": "line", "id": 336, "name": "None"}, "geometry": {"type": "LineString", "coordinates": [[-117.789644483, 33.8289229853], [-117.156291334, 33.73943196]]}}, {"type": "Feature", "properties": {"kind": "line", "id": 337, "name": "None"}, "geometry": {"type": "LineString", "coordinates": [[-117.789644483, 33.8289229853], [-117.564293793, 34.0079232818]]}}, {"type": "Feature", "properties": {"kind": "line", "id": 338, "name": "None"}, "geometry": {"type": "LineString", "coordinates": [[-115.71569919, 32.7177012317], [-116.683066188, 32.8087659184]]}}, {"type": "Feature", "properties": {"kind": "line", "id": 339, "name": "None"}, "geometry": {"type": "LineString", "coordinates": [[-115.71569919, 32.7177012317], [-116.982823427, 32.6784187948]]}}, {"type": "Feature", "properties": {"kind": "line", "id": 340, "name": "None"}, "geometry": {"type": "LineString", "coordinates": [[-115.71569919, 32.7177012317], [-114.491269736, 32.7456495736]]}}, {"type": "Feature", "properties": {"kind": "line", "id": 341, "name": "None"}, "geometry": {"type": "LineString", "coordinates": [[-118.280866058, 35.0349962638], [-118.437176928, 34.8580303411]]}}, {"type": "Feature", "properties": {"kind": "line", "id": 342, "name": "Path 26-Path 26 Midway-Whirlwind"}, "geometry": {"type": "LineString", "coordinates": [[-118.437176928, 34.8580303411], [-119.452497199, 35.4033459088]]}}, {"type": "Feature", "properties": {"kind": "line", "id": 343, "name": "None"}, "geometry": {"type": "LineString", "coordinates": [[-118.437176928, 34.8580303411], [-118.119285065, 34.4862732219]]}}, {"type": "Feature", "properties": {"kind": "line", "id": 344, "name": "Path 15"}, "geometry": {"type": "LineString", "coordinates": [[-119.452497199, 35.4033459088], [-120.850840856, 35.2119091951]]}}, {"type": "Feature", "properties": {"kind": "line", "id": 345, "name": "Path 15"}, "geometry": {"type": "LineString", "coordinates": [[-119.452497199, 35.4033459088], [-120.126128264, 36.1405189963]]}}, {"type": "Feature", "properties": {"kind": "line", "id": 346, "name": "Path 26"}, "geometry": {"type": "LineString", "coordinates": [[-119.452497199, 35.4033459088], [-118.119285065, 34.4862732219]]}}, {"type": "Feature", "properties": {"kind": "line", "id": 347, "name": "None"}, "geometry": {"type": "LineString", "coordinates": [[-115.559099976, 33.6714467955], [-115.312868552, 33.6988336843]]}}, {"type": "Feature", "properties": {"kind": "line", "id": 348, "name": "None"}, "geometry": {"type": "LineString", "coordinates": [[-115.559099976, 33.6714467955], [-116.577316709, 33.9384621345]]}}, {"type": "Feature", "properties": {"kind": "line", "id": 349, "name": "None"}, "geometry": {"type": "LineString", "coordinates": [[-114.595337551, 35.1470056711], [-117.368717116, 34.365830408]]}}, {"type": "Feature", "properties": {"kind": "line", "id": 350, "name": "None"}, "geometry": {"type": "LineString", "coordinates": [[-117.438030061, 34.5513881431], [-115.011267067, 35.8192348525]]}}, {"type": "Feature", "properties": {"kind": "line", "id": 351, "name": "Path 15"}, "geometry": {"type": "LineString", "coordinates": [[-120.847253923, 35.2162947337], [-120.126128264, 36.1405189963]]}}, {"type": "Feature", "properties": {"kind": "line", "id": 352, "name": "Path 66"}, "geometry": {"type": "LineString", "coordinates": [[-121.580220303, 37.7978290342], [-122.276291676, 39.2373451983]]}}, {"type": "Feature", "properties": {"kind": "line", "id": 353, "name": "Path 15 Connector"}, "geometry": {"type": "LineString", "coordinates": [[-121.744163902, 37.2255769192], [-121.564972065, 37.712153724]]}}, {"type": "Feature", "properties": {"kind": "line", "id": 354, "name": "Path 15 Connector"}, "geometry": {"type": "LineString", "coordinates": [[-121.564972065, 37.712153724], [-121.918120754, 38.4052973611]]}}, {"type": "Feature", "properties": {"kind": "line", "id": 355, "name": "None"}, "geometry": {"type": "LineString", "coordinates": [[-117.167920413, 33.738800415], [-117.156291334, 33.73943196]]}}, {"type": "Feature", "properties": {"kind": "line", "id": 356, "name": "None"}, "geometry": {"type": "LineString", "coordinates": [[-117.368717116, 34.365830408], [-118.119285065, 34.4862732219]]}}, {"type": "Feature", "properties": {"kind": "line", "id": 357, "name": "Path 15 Connector"}, "geometry": {"type": "LineString", "coordinates": [[-121.644797095, 39.5551279142], [-121.918120754, 38.4052973611]]}}, {"type": "Feature", "properties": {"kind": "line", "id": 358, "name": "None"}, "geometry": {"type": "LineString", "coordinates": [[-116.577316709, 33.9384621345], [-117.156291334, 33.73943196]]}}, {"type": "Feature", "properties": {"kind": "line", "id": 359, "name": "Path 66"}, "geometry": {"type": "LineString", "coordinates": [[-122.381718781, 40.3831912585], [-122.276291676, 39.2373451983]]}}, {"type": "Feature", "properties": {"kind": "line", "id": 360, "name": "Path 66"}, "geometry": {"type": "LineString", "coordinates": [[-122.381718781, 40.3831912585], [-121.389986756, 42.0796831216]]}}, {"type": "Feature", "properties": {"kind": "line", "id": 361, "name": "None"}, "geometry": {"type": "LineString", "coordinates": [[-115.312868552, 33.6988336843], [-114.817221789, 33.5806095545]]}}]}